Transaction_Value,SAR,No_Of_Monthly_Transactions,Age,Sex,High_Risk_Country,Vulnerable_Area,Intention_International_Payments,Intention_Cash_Deposits,High_Risk_Transaction,Average_Value_Per_Transaction,Transaction_Cash,Transaction_International,Transaction_Wire,Age_Is_young,Age_Is_lower_middle,Age_Is_upper_middle,Age_Is_old
10778,1,15,28,1,0,0,1,0,0,718.5333333333333,0,0,1,0,1,0,0
10653,0,6,80,1,0,0,0,0,0,1775.5,0,0,1,0,0,0,1
9373,0,15,80,1,0,0,0,0,0,624.8666666666667,0,0,1,0,0,0,1
11355,0,13,79,0,0,0,0,0,0,873.4615384615385,0,0,1,0,0,0,1
12591,1,10,79,0,0,0,0,0,0,1259.1,0,0,1,0,0,0,1
10051,0,13,79,0,0,0,0,0,0,773.1538461538462,0,0,1,0,0,0,1
9172,1,11,79,0,0,0,0,0,0,833.8181818181819,0,0,1,0,0,0,1
10469,0,17,34,0,0,0,0,0,0,615.8235294117648,0,0,1,0,1,0,0
13285,0,16,34,0,0,0,0,0,0,830.3125,0,0,1,0,1,0,0
10245,0,17,34,0,0,0,0,0,0,602.6470588235294,0,0,1,0,1,0,0
11173,0,16,34,0,0,0,0,0,0,698.3125,0,0,1,0,1,0,0
13539,0,16,34,0,0,0,0,0,0,846.1875,0,0,1,0,1,0,0
10808,0,10,34,0,0,0,0,0,0,1080.8,0,0,1,0,1,0,0
13869,0,6,34,0,0,0,0,0,0,2311.5,0,0,1,0,1,0,0
11538,0,14,34,0,0,0,0,0,0,824.1428571428571,0,0,1,0,1,0,0
11293,0,11,58,1,0,0,0,0,0,1026.6363636363637,0,0,1,0,0,1,0
11655,1,14,58,1,0,0,0,0,0,832.5,0,0,1,0,0,1,0
16366,0,7,58,1,0,0,0,0,0,2338.0,0,0,1,0,0,1,0
14601,0,9,58,1,0,0,0,0,0,1622.3333333333333,0,0,1,0,0,1,0
17569,1,18,58,1,0,0,0,0,0,976.0555555555555,0,0,1,0,0,1,0
11776,0,13,58,1,0,0,0,0,0,905.8461538461538,0,0,1,0,0,1,0
9645,0,10,58,1,0,0,0,0,0,964.5,0,0,1,0,0,1,0
17666,1,16,58,1,0,0,0,0,0,1104.125,0,0,1,0,0,1,0
9702,0,17,58,1,0,0,0,0,0,570.7058823529412,0,0,1,0,0,1,0
10789,0,17,42,1,0,0,1,1,0,634.6470588235294,0,0,1,0,1,0,0
11157,0,12,37,1,0,0,0,0,0,929.75,0,0,1,0,1,0,0
11825,0,16,37,1,0,0,0,0,0,739.0625,0,0,1,0,1,0,0
12903,0,22,37,1,0,0,0,0,0,586.5,0,0,1,0,1,0,0
13205,0,12,37,1,0,0,0,0,0,1100.4166666666667,0,0,1,0,1,0,0
14652,0,18,37,1,0,0,0,0,0,814.0,0,0,1,0,1,0,0
13721,0,15,37,1,0,0,0,0,0,914.7333333333333,0,0,1,0,1,0,0
12686,0,18,37,1,0,0,0,0,0,704.7777777777778,0,0,1,0,1,0,0
15017,1,21,37,1,0,0,0,0,0,715.0952380952381,0,0,1,0,1,0,0
11130,0,15,51,0,0,0,0,0,0,742.0,0,0,1,0,0,1,0
11201,0,14,51,0,0,0,0,0,0,800.0714285714286,0,0,1,0,0,1,0
9669,0,12,51,0,0,0,0,0,0,805.75,0,0,1,0,0,1,0
10287,0,7,51,0,0,0,0,0,0,1469.5714285714287,0,0,1,0,0,1,0
9138,0,16,51,0,0,0,0,0,0,571.125,0,0,1,0,0,1,0
9002,0,10,24,0,0,0,1,0,0,900.2,0,0,1,1,0,0,0
9406,0,19,24,0,0,0,1,0,0,495.05263157894734,0,0,1,1,0,0,0
9448,1,17,24,0,0,0,1,0,0,555.7647058823529,0,0,1,1,0,0,0
10589,0,13,24,0,0,0,1,0,0,814.5384615384615,0,0,1,1,0,0,0
12721,0,13,50,1,0,0,0,0,0,978.5384615384615,0,0,1,0,0,1,0
10953,0,19,50,1,0,0,0,0,0,576.4736842105264,0,0,1,0,0,1,0
10602,1,9,50,1,0,0,0,0,0,1178.0,0,0,1,0,0,1,0
15882,0,8,50,1,0,0,0,0,0,1985.25,0,0,1,0,0,1,0
16590,0,9,68,1,0,0,0,0,0,1843.3333333333333,0,0,1,0,0,0,1
14399,0,11,68,1,0,0,0,0,0,1309.0,0,0,1,0,0,0,1
11058,0,12,68,1,0,0,0,0,0,921.5,0,0,1,0,0,0,1
17284,0,12,68,1,0,0,0,0,0,1440.3333333333333,0,0,1,0,0,0,1
10858,0,10,68,1,0,0,0,0,0,1085.8,0,0,1,0,0,0,1
11103,1,16,68,1,0,0,0,0,0,693.9375,0,0,1,0,0,0,1
12088,1,9,68,1,0,0,0,0,0,1343.111111111111,0,0,1,0,0,0,1
9251,0,14,68,1,0,0,0,0,0,660.7857142857143,0,0,1,0,0,0,1
10178,0,15,68,1,0,0,0,0,0,678.5333333333333,0,0,1,0,0,0,1
10231,1,12,52,1,1,0,0,1,1,852.5833333333334,0,0,1,0,0,1,0
9272,0,8,52,1,1,0,0,1,1,1159.0,0,0,1,0,0,1,0
11868,0,25,52,1,1,0,0,1,1,474.72,0,0,1,0,0,1,0
14095,0,16,52,1,1,0,0,1,1,880.9375,0,0,1,0,0,1,0
9626,0,13,52,1,1,0,0,1,1,740.4615384615385,0,0,1,0,0,1,0
10746,0,14,52,1,1,0,0,1,1,767.5714285714286,0,0,1,0,0,1,0
14976,0,15,52,1,1,0,0,1,1,998.4,0,0,1,0,0,1,0
9628,0,17,43,1,0,0,0,1,0,566.3529411764706,0,0,1,0,1,0,0
9329,0,10,44,0,1,0,0,0,1,932.9,0,0,1,0,1,0,0
10193,0,16,44,0,1,0,0,0,1,637.0625,0,0,1,0,1,0,0
9796,1,15,39,0,0,0,0,0,0,653.0666666666667,0,0,1,0,1,0,0
16191,1,17,77,1,0,0,0,0,0,952.4117647058823,0,0,1,0,0,0,1
10328,0,11,77,1,0,0,0,0,0,938.9090909090909,0,0,1,0,0,0,1
11341,1,11,77,1,0,0,0,0,0,1031.0,0,0,1,0,0,0,1
9636,0,15,77,1,0,0,0,0,0,642.4,0,0,1,0,0,0,1
13820,0,17,77,1,0,0,0,0,0,812.9411764705883,0,0,1,0,0,0,1
13420,0,14,77,1,0,0,0,0,0,958.5714285714286,0,0,1,0,0,0,1
13024,0,9,77,1,0,0,0,0,0,1447.111111111111,0,0,1,0,0,0,1
13940,0,15,77,1,0,0,0,0,0,929.3333333333334,0,0,1,0,0,0,1
14121,0,13,77,1,0,0,0,0,0,1086.2307692307693,0,0,1,0,0,0,1
16156,0,16,77,1,0,0,0,0,0,1009.75,0,0,1,0,0,0,1
11180,0,15,65,1,0,0,1,0,0,745.3333333333334,0,0,1,0,0,0,1
11021,0,10,65,1,0,0,1,0,0,1102.1,0,0,1,0,0,0,1
9672,1,17,65,1,0,0,1,0,0,568.9411764705883,0,0,1,0,0,0,1
10174,0,18,65,1,0,0,1,0,0,565.2222222222222,0,0,1,0,0,0,1
12553,1,12,65,1,0,0,1,0,0,1046.0833333333333,0,0,1,0,0,0,1
10975,0,7,34,1,1,0,0,1,1,1567.857142857143,0,0,1,0,1,0,0
9883,0,8,34,1,1,0,0,1,1,1235.375,0,0,1,0,1,0,0
11528,0,16,34,1,1,0,0,1,1,720.5,0,0,1,0,1,0,0
9358,1,12,81,0,0,0,1,0,0,779.8333333333334,0,0,1,0,0,0,1
9549,0,11,19,0,0,0,1,0,0,868.0909090909091,0,0,1,1,0,0,0
10429,0,15,25,1,0,0,1,0,0,695.2666666666667,0,0,1,0,1,0,0
12500,0,11,32,1,0,0,0,0,0,1136.3636363636363,0,0,1,0,1,0,0
14067,0,14,32,1,0,0,0,0,0,1004.7857142857143,0,0,1,0,1,0,0
13637,0,10,32,1,0,0,0,0,0,1363.7,0,0,1,0,1,0,0
12245,0,19,32,1,0,0,0,0,0,644.4736842105264,0,0,1,0,1,0,0
9785,0,17,32,1,0,0,0,0,0,575.5882352941177,0,0,1,0,1,0,0
11977,0,21,32,1,0,0,0,0,0,570.3333333333334,0,0,1,0,1,0,0
14914,0,16,32,1,0,0,0,0,0,932.125,0,0,1,0,1,0,0
10682,0,15,69,0,0,0,0,0,0,712.1333333333333,0,0,1,0,0,0,1
12680,1,18,69,0,0,0,0,0,0,704.4444444444445,0,0,1,0,0,0,1
15994,0,20,69,0,0,0,0,0,0,799.7,0,0,1,0,0,0,1
10728,0,12,69,0,0,0,0,0,0,894.0,0,0,1,0,0,0,1
9863,0,12,69,0,0,0,0,0,0,821.9166666666666,0,0,1,0,0,0,1
21262,0,13,69,0,0,0,0,0,0,1635.5384615384614,0,0,1,0,0,0,1
15067,0,34,69,0,0,0,0,0,0,443.1470588235294,0,0,1,0,0,0,1
11920,0,16,69,0,0,0,0,0,0,745.0,0,0,1,0,0,0,1
10558,0,10,69,0,0,0,0,0,0,1055.8,0,0,1,0,0,0,1
12600,0,8,69,0,0,0,0,0,0,1575.0,0,0,1,0,0,0,1
9753,0,12,53,0,0,0,1,0,0,812.75,0,0,1,0,0,1,0
12348,0,8,53,0,0,0,1,0,0,1543.5,0,0,1,0,0,1,0
9816,0,14,53,0,0,0,1,0,0,701.1428571428571,0,0,1,0,0,1,0
9098,0,9,53,0,0,0,1,0,0,1010.8888888888889,0,0,1,0,0,1,0
9656,0,12,63,0,1,0,0,1,1,804.6666666666666,0,0,1,0,0,1,0
10259,0,17,63,0,1,0,0,1,1,603.4705882352941,0,0,1,0,0,1,0
13947,0,9,39,0,0,0,0,0,0,1549.6666666666667,0,0,1,0,1,0,0
9677,0,15,39,0,0,0,0,0,0,645.1333333333333,0,0,1,0,1,0,0
10470,0,12,39,0,0,0,0,0,0,872.5,0,0,1,0,1,0,0
14205,0,14,39,0,0,0,0,0,0,1014.6428571428571,0,0,1,0,1,0,0
9329,1,14,72,0,0,0,0,0,0,666.3571428571429,0,0,1,0,0,0,1
14811,1,14,39,1,0,0,1,0,0,1057.9285714285713,0,0,1,0,1,0,0
14825,0,24,39,1,0,0,1,0,0,617.7083333333334,0,0,1,0,1,0,0
10787,0,9,39,1,0,0,1,0,0,1198.5555555555557,0,0,1,0,1,0,0
13367,0,18,39,1,0,0,1,0,0,742.6111111111111,0,0,1,0,1,0,0
15506,0,14,39,1,0,0,1,0,0,1107.5714285714287,0,0,1,0,1,0,0
18092,0,12,39,1,0,0,1,0,0,1507.6666666666667,0,0,1,0,1,0,0
12616,0,15,39,1,0,0,1,0,0,841.0666666666667,0,0,1,0,1,0,0
11876,0,12,39,1,0,0,1,0,0,989.6666666666666,0,0,1,0,1,0,0
9760,0,14,47,1,0,0,1,0,0,697.1428571428571,0,0,1,0,0,1,0
9029,0,17,31,0,0,0,1,0,0,531.1176470588235,0,0,1,0,1,0,0
9082,0,10,31,0,0,0,1,0,0,908.2,0,0,1,0,1,0,0
16133,0,9,31,0,0,0,1,0,0,1792.5555555555557,0,0,1,0,1,0,0
17514,0,17,31,0,0,0,1,0,0,1030.235294117647,0,0,1,0,1,0,0
12470,0,15,31,0,0,0,1,0,0,831.3333333333334,0,0,1,0,1,0,0
16246,0,15,31,0,0,0,1,0,0,1083.0666666666666,0,0,1,0,1,0,0
18461,0,11,31,0,0,0,1,0,0,1678.2727272727273,0,0,1,0,1,0,0
14293,0,11,31,0,0,0,1,0,0,1299.3636363636363,0,0,1,0,1,0,0
15111,0,18,31,0,0,0,1,0,0,839.5,0,0,1,0,1,0,0
13486,0,10,31,0,0,0,1,0,0,1348.6,0,0,1,0,1,0,0
12760,0,8,31,0,0,0,1,0,0,1595.0,0,0,1,0,1,0,0
9856,1,18,25,0,0,0,1,0,0,547.5555555555555,0,0,1,0,1,0,0
20768,0,15,20,0,1,0,1,0,1,1384.5333333333333,0,0,1,1,0,0,0
13082,0,11,20,0,1,0,1,0,1,1189.2727272727273,0,0,1,1,0,0,0
10584,0,15,20,0,1,0,1,0,1,705.6,0,0,1,1,0,0,0
9616,1,11,20,0,1,0,1,0,1,874.1818181818181,0,0,1,1,0,0,0
9701,1,10,20,0,1,0,1,0,1,970.1,0,0,1,1,0,0,0
9493,0,15,20,0,1,0,1,0,1,632.8666666666667,0,0,1,1,0,0,0
9616,0,10,61,0,0,0,1,1,0,961.6,0,0,1,0,0,1,0
10344,0,11,61,0,0,0,1,1,0,940.3636363636364,0,0,1,0,0,1,0
9243,0,14,61,0,0,0,1,1,0,660.2142857142857,0,0,1,0,0,1,0
13605,0,14,77,1,0,0,0,0,0,971.7857142857143,0,0,1,0,0,0,1
9812,0,14,30,1,0,0,0,0,0,700.8571428571429,0,0,1,0,1,0,0
9362,0,15,30,1,0,0,0,0,0,624.1333333333333,0,0,1,0,1,0,0
9972,0,20,30,1,0,0,0,0,0,498.6,0,0,1,0,1,0,0
9766,0,18,30,1,0,0,0,0,0,542.5555555555555,0,0,1,0,1,0,0
9489,0,11,22,1,0,0,1,1,0,862.6363636363636,0,0,1,1,0,0,0
11236,1,17,85,0,0,0,0,0,0,660.9411764705883,0,0,1,0,0,0,1
12443,0,12,28,1,0,0,0,1,0,1036.9166666666667,0,0,1,0,1,0,0
9602,0,19,28,1,0,0,0,1,0,505.36842105263156,0,0,1,0,1,0,0
14710,0,11,28,1,0,0,0,1,0,1337.2727272727273,0,0,1,0,1,0,0
9854,0,14,28,1,0,0,0,1,0,703.8571428571429,0,0,1,0,1,0,0
10478,0,10,28,1,0,0,0,1,0,1047.8,0,0,1,0,1,0,0
15787,0,9,28,1,0,0,0,1,0,1754.111111111111,0,0,1,0,1,0,0
12958,0,12,30,0,0,0,0,0,0,1079.8333333333333,0,0,1,0,1,0,0
9763,0,17,30,0,0,0,0,0,0,574.2941176470588,0,0,1,0,1,0,0
13008,0,15,30,0,0,0,0,0,0,867.2,0,0,1,0,1,0,0
9438,1,5,25,1,1,0,1,0,1,1887.6,0,0,1,0,1,0,0
12459,1,19,25,1,1,0,1,0,1,655.7368421052631,0,0,1,0,1,0,0
14176,0,10,53,1,0,0,0,1,0,1417.6,0,0,1,0,0,1,0
15587,0,16,53,1,0,0,0,1,0,974.1875,0,0,1,0,0,1,0
10404,0,12,53,1,0,0,0,1,0,867.0,0,0,1,0,0,1,0
12513,0,14,53,1,0,0,0,1,0,893.7857142857143,0,0,1,0,0,1,0
9582,0,9,53,1,0,0,0,1,0,1064.6666666666667,0,0,1,0,0,1,0
16682,0,9,53,1,0,0,0,1,0,1853.5555555555557,0,0,1,0,0,1,0
9324,0,11,66,0,1,0,0,0,1,847.6363636363636,0,0,1,0,0,0,1
14443,0,7,66,0,1,0,0,0,1,2063.285714285714,0,0,1,0,0,0,1
11375,0,11,66,0,1,0,0,0,1,1034.090909090909,0,0,1,0,0,0,1
20084,0,10,66,0,1,0,0,0,1,2008.4,0,0,1,0,0,0,1
11110,0,13,66,0,1,0,0,0,1,854.6153846153846,0,0,1,0,0,0,1
11208,0,14,66,0,1,0,0,0,1,800.5714285714286,0,0,1,0,0,0,1
12707,0,21,66,0,1,0,0,0,1,605.0952380952381,0,0,1,0,0,0,1
9494,0,9,66,0,1,0,0,0,1,1054.888888888889,0,0,1,0,0,0,1
10393,1,13,85,1,0,0,0,0,0,799.4615384615385,0,0,1,0,0,0,1
9957,1,13,85,1,0,0,0,0,0,765.9230769230769,0,0,1,0,0,0,1
9341,1,12,85,1,0,0,0,0,0,778.4166666666666,0,0,1,0,0,0,1
10313,0,12,57,1,0,0,1,0,0,859.4166666666666,0,0,1,0,0,1,0
10104,0,15,81,0,0,0,1,0,0,673.6,0,0,1,0,0,0,1
10172,0,18,81,0,0,0,1,0,0,565.1111111111111,0,0,1,0,0,0,1
9977,0,20,81,0,0,0,1,0,0,498.85,0,0,1,0,0,0,1
12097,1,18,77,1,0,0,0,0,0,672.0555555555555,0,0,1,0,0,0,1
11449,1,12,77,1,0,0,0,0,0,954.0833333333334,0,0,1,0,0,0,1
16595,1,15,77,1,0,0,0,0,0,1106.3333333333333,0,0,1,0,0,0,1
13753,1,11,77,1,0,0,0,0,0,1250.2727272727273,0,0,1,0,0,0,1
11153,1,14,77,1,0,0,0,0,0,796.6428571428571,0,0,1,0,0,0,1
14552,0,10,30,0,0,0,0,0,0,1455.2,0,0,1,0,1,0,0
9795,0,7,30,0,0,0,0,0,0,1399.2857142857142,0,0,1,0,1,0,0
11634,0,17,30,0,0,0,0,0,0,684.3529411764706,0,0,1,0,1,0,0
11380,0,14,30,0,0,0,0,0,0,812.8571428571429,0,0,1,0,1,0,0
12454,0,9,30,0,0,0,0,0,0,1383.7777777777778,0,0,1,0,1,0,0
11216,1,14,30,0,0,0,0,0,0,801.1428571428571,0,0,1,0,1,0,0
10207,0,13,30,0,0,0,0,0,0,785.1538461538462,0,0,1,0,1,0,0
21770,0,7,28,0,0,0,0,0,0,3110.0,0,0,1,0,1,0,0
15184,0,10,28,0,0,0,0,0,0,1518.4,0,0,1,0,1,0,0
13061,0,15,28,0,0,0,0,0,0,870.7333333333333,0,0,1,0,1,0,0
10658,0,9,28,0,0,0,0,0,0,1184.2222222222222,0,0,1,0,1,0,0
10943,0,12,28,0,0,0,0,0,0,911.9166666666666,0,0,1,0,1,0,0
9535,0,13,28,0,0,0,0,0,0,733.4615384615385,0,0,1,0,1,0,0
12241,0,7,28,0,0,0,0,0,0,1748.7142857142858,0,0,1,0,1,0,0
13830,1,16,80,0,0,0,1,1,0,864.375,0,0,1,0,0,0,1
13236,1,12,80,0,0,0,1,1,0,1103.0,0,0,1,0,0,0,1
16376,0,20,80,0,0,0,1,1,0,818.8,0,0,1,0,0,0,1
12181,1,14,80,0,0,0,1,1,0,870.0714285714286,0,0,1,0,0,0,1
9642,0,12,80,0,0,0,1,1,0,803.5,0,0,1,0,0,0,1
9788,0,14,80,0,0,0,1,1,0,699.1428571428571,0,0,1,0,0,0,1
10653,0,14,80,0,0,0,1,1,0,760.9285714285714,0,0,1,0,0,0,1
9740,0,14,80,0,0,0,1,1,0,695.7142857142857,0,0,1,0,0,0,1
9842,1,10,80,0,0,0,1,1,0,984.2,0,0,1,0,0,0,1
11221,0,6,58,1,0,0,0,0,0,1870.1666666666667,0,0,1,0,0,1,0
9537,0,17,58,1,0,0,0,0,0,561.0,0,0,1,0,0,1,0
11518,0,10,58,1,0,0,0,0,0,1151.8,0,0,1,0,0,1,0
15415,0,13,58,1,0,0,0,0,0,1185.7692307692307,0,0,1,0,0,1,0
12282,0,15,58,1,0,0,0,0,0,818.8,0,0,1,0,0,1,0
17111,1,13,58,1,0,0,0,0,0,1316.2307692307693,0,0,1,0,0,1,0
11568,0,16,58,1,0,0,0,0,0,723.0,0,0,1,0,0,1,0
15204,0,18,58,1,0,0,0,0,0,844.6666666666666,0,0,1,0,0,1,0
10322,1,15,58,1,0,0,0,0,0,688.1333333333333,0,0,1,0,0,1,0
9584,0,16,36,1,0,0,0,0,0,599.0,0,0,1,0,1,0,0
11331,0,22,69,0,1,0,1,1,1,515.0454545454545,0,0,1,0,0,0,1
9495,0,14,69,0,1,0,1,1,1,678.2142857142857,0,0,1,0,0,0,1
9440,0,18,69,0,1,0,1,1,1,524.4444444444445,0,0,1,0,0,0,1
9287,0,13,39,1,0,0,1,0,0,714.3846153846154,0,0,1,0,1,0,0
12343,1,10,39,1,0,0,1,0,0,1234.3,0,0,1,0,1,0,0
9226,0,7,39,1,0,0,1,0,0,1318.0,0,0,1,0,1,0,0
15845,0,13,39,1,0,0,1,0,0,1218.8461538461538,0,0,1,0,1,0,0
10659,0,11,39,1,0,0,1,0,0,969.0,0,0,1,0,1,0,0
9732,0,15,39,1,0,0,1,0,0,648.8,0,0,1,0,1,0,0
14178,0,9,39,1,0,0,1,0,0,1575.3333333333333,0,0,1,0,1,0,0
14836,0,13,39,1,0,0,1,0,0,1141.2307692307693,0,0,1,0,1,0,0
12146,0,14,39,1,0,0,1,0,0,867.5714285714286,0,0,1,0,1,0,0
9515,0,14,39,1,0,0,1,0,0,679.6428571428571,0,0,1,0,1,0,0
11215,0,12,39,1,0,0,1,0,0,934.5833333333334,0,0,1,0,1,0,0
12111,0,18,75,1,0,1,0,0,1,672.8333333333334,0,0,1,0,0,0,1
10127,0,12,75,1,0,1,0,0,1,843.9166666666666,0,0,1,0,0,0,1
11230,0,18,31,0,0,0,1,1,0,623.8888888888889,0,0,1,0,1,0,0
10559,1,13,31,0,0,0,1,1,0,812.2307692307693,0,0,1,0,1,0,0
11337,0,15,31,0,0,0,1,1,0,755.8,0,0,1,0,1,0,0
10243,0,13,57,1,0,0,1,0,0,787.9230769230769,0,0,1,0,0,1,0
11870,0,17,57,1,0,0,1,0,0,698.2352941176471,0,0,1,0,0,1,0
12237,0,10,57,1,0,0,1,0,0,1223.7,0,0,1,0,0,1,0
12830,0,24,57,1,0,0,1,0,0,534.5833333333334,0,0,1,0,0,1,0
12522,0,11,57,1,0,0,1,0,0,1138.3636363636363,0,0,1,0,0,1,0
13801,0,8,57,1,0,0,1,0,0,1725.125,0,0,1,0,0,1,0
10838,0,14,57,1,0,0,1,0,0,774.1428571428571,0,0,1,0,0,1,0
9414,0,14,75,1,0,0,1,0,0,672.4285714285714,0,0,1,0,0,0,1
12000,0,16,75,1,0,0,1,0,0,750.0,0,0,1,0,0,0,1
11072,0,21,24,0,0,0,0,0,0,527.2380952380952,0,0,1,1,0,0,0
9706,0,16,24,0,0,0,0,0,0,606.625,0,0,1,1,0,0,0
10163,0,18,24,0,0,0,0,0,0,564.6111111111111,0,0,1,1,0,0,0
9373,0,17,24,0,0,0,0,0,0,551.3529411764706,0,0,1,1,0,0,0
10487,1,10,85,0,0,0,1,0,0,1048.7,0,0,1,0,0,0,1
14632,0,13,85,0,0,0,1,0,0,1125.5384615384614,0,0,1,0,0,0,1
11031,0,15,85,0,0,0,1,0,0,735.4,0,0,1,0,0,0,1
13027,1,12,85,0,0,0,1,0,0,1085.5833333333333,0,0,1,0,0,0,1
10044,0,14,85,0,0,0,1,0,0,717.4285714285714,0,0,1,0,0,0,1
10023,1,18,67,0,0,0,0,0,0,556.8333333333334,0,0,1,0,0,0,1
9023,0,25,71,1,0,0,0,0,0,360.92,0,0,1,0,0,0,1
15372,1,16,82,0,0,0,0,0,0,960.75,0,0,1,0,0,0,1
14304,0,14,82,0,0,0,0,0,0,1021.7142857142857,0,0,1,0,0,0,1
12484,1,17,82,0,0,0,0,0,0,734.3529411764706,0,0,1,0,0,0,1
10193,1,13,82,0,0,0,0,0,0,784.0769230769231,0,0,1,0,0,0,1
10546,0,13,82,0,0,0,0,0,0,811.2307692307693,0,0,1,0,0,0,1
11972,0,9,82,0,0,0,0,0,0,1330.2222222222222,0,0,1,0,0,0,1
9796,0,7,82,0,0,0,0,0,0,1399.4285714285713,0,0,1,0,0,0,1
10031,0,12,82,0,0,0,0,0,0,835.9166666666666,0,0,1,0,0,0,1
11771,0,10,82,0,0,0,0,0,0,1177.1,0,0,1,0,0,0,1
12595,0,5,62,1,0,0,1,0,0,2519.0,0,0,1,0,0,1,0
10630,0,13,62,1,0,0,1,0,0,817.6923076923077,0,0,1,0,0,1,0
10155,1,9,24,0,0,0,0,0,0,1128.3333333333333,0,0,1,1,0,0,0
10742,0,16,24,0,0,0,0,0,0,671.375,0,0,1,1,0,0,0
10119,0,16,24,0,0,0,0,0,0,632.4375,0,0,1,1,0,0,0
13000,1,17,24,0,0,0,0,0,0,764.7058823529412,0,0,1,1,0,0,0
15532,1,18,24,0,0,0,0,0,0,862.8888888888889,0,0,1,1,0,0,0
14081,0,16,24,0,0,0,0,0,0,880.0625,0,0,1,1,0,0,0
12361,1,20,24,0,0,0,0,0,0,618.05,0,0,1,1,0,0,0
9056,0,18,54,0,0,0,0,1,0,503.1111111111111,0,0,1,0,0,1,0
10679,0,16,54,0,0,0,0,1,0,667.4375,0,0,1,0,0,1,0
13235,0,13,63,0,1,0,0,0,1,1018.0769230769231,0,0,1,0,0,1,0
13546,0,11,63,0,1,0,0,0,1,1231.4545454545455,0,0,1,0,0,1,0
14967,0,18,63,0,1,0,0,0,1,831.5,0,0,1,0,0,1,0
13618,0,16,63,0,1,0,0,0,1,851.125,0,0,1,0,0,1,0
10308,0,22,63,0,1,0,0,0,1,468.54545454545456,0,0,1,0,0,1,0
11688,0,16,63,0,1,0,0,0,1,730.5,0,0,1,0,0,1,0
11635,0,8,63,0,1,0,0,0,1,1454.375,0,0,1,0,0,1,0
15093,0,9,63,0,1,0,0,0,1,1677.0,0,0,1,0,0,1,0
10729,0,8,48,1,0,0,1,0,0,1341.125,0,0,1,0,0,1,0
9968,0,14,48,1,0,0,1,0,0,712.0,0,0,1,0,0,1,0
16560,0,17,48,1,0,0,1,0,0,974.1176470588235,0,0,1,0,0,1,0
19874,0,24,48,1,0,0,1,0,0,828.0833333333334,0,0,1,0,0,1,0
9475,0,16,48,1,0,0,1,0,0,592.1875,0,0,1,0,0,1,0
12440,0,21,48,1,0,0,1,0,0,592.3809523809524,0,0,1,0,0,1,0
11057,0,19,48,1,0,0,1,0,0,581.9473684210526,0,0,1,0,0,1,0
9524,0,15,48,1,0,0,1,0,0,634.9333333333333,0,0,1,0,0,1,0
13599,0,17,48,1,0,0,1,0,0,799.9411764705883,0,0,1,0,0,1,0
10327,1,17,19,0,0,0,1,0,0,607.4705882352941,0,0,1,1,0,0,0
9250,1,12,19,0,0,0,1,0,0,770.8333333333334,0,0,1,1,0,0,0
11498,1,12,19,0,0,0,1,0,0,958.1666666666666,0,0,1,1,0,0,0
11309,0,16,19,0,0,0,1,0,0,706.8125,0,0,1,1,0,0,0
12660,1,20,81,0,0,0,0,0,0,633.0,0,0,1,0,0,0,1
9284,0,15,81,0,0,0,0,0,0,618.9333333333333,0,0,1,0,0,0,1
10604,0,21,81,0,0,0,0,0,0,504.95238095238096,0,0,1,0,0,0,1
11031,1,12,81,0,0,0,0,0,0,919.25,0,0,1,0,0,0,1
10763,0,19,81,0,0,0,0,0,0,566.4736842105264,0,0,1,0,0,0,1
10255,0,11,81,0,0,0,0,0,0,932.2727272727273,0,0,1,0,0,0,1
11580,1,13,81,0,0,0,0,0,0,890.7692307692307,0,0,1,0,0,0,1
9613,1,19,81,0,0,0,0,0,0,505.94736842105266,0,0,1,0,0,0,1
11372,1,10,81,0,0,0,0,0,0,1137.2,0,0,1,0,0,0,1
12948,0,13,62,0,1,0,0,0,1,996.0,0,0,1,0,0,1,0
10097,0,13,62,0,1,0,0,0,1,776.6923076923077,0,0,1,0,0,1,0
13683,0,5,62,0,1,0,0,0,1,2736.6,0,0,1,0,0,1,0
9722,0,19,62,0,1,0,0,0,1,511.6842105263158,0,0,1,0,0,1,0
12390,0,14,53,1,1,0,0,1,1,885.0,0,0,1,0,0,1,0
10551,0,8,53,1,1,0,0,1,1,1318.875,0,0,1,0,0,1,0
9283,0,8,53,1,1,0,0,1,1,1160.375,0,0,1,0,0,1,0
10672,0,15,53,1,1,0,0,1,1,711.4666666666667,0,0,1,0,0,1,0
10450,0,9,53,1,1,0,0,1,1,1161.111111111111,0,0,1,0,0,1,0
12826,0,14,53,1,1,0,0,1,1,916.1428571428571,0,0,1,0,0,1,0
10671,1,11,53,1,1,0,0,1,1,970.0909090909091,0,0,1,0,0,1,0
12777,0,13,53,1,1,0,0,1,1,982.8461538461538,0,0,1,0,0,1,0
18254,0,11,53,1,1,0,0,1,1,1659.4545454545455,0,0,1,0,0,1,0
9061,0,17,53,1,1,0,0,1,1,533.0,0,0,1,0,0,1,0
10504,0,13,52,1,1,0,0,0,1,808.0,0,0,1,0,0,1,0
15613,1,14,52,1,1,0,0,0,1,1115.2142857142858,0,0,1,0,0,1,0
11090,0,13,52,1,1,0,0,0,1,853.0769230769231,0,0,1,0,0,1,0
10203,0,14,52,1,1,0,0,0,1,728.7857142857143,0,0,1,0,0,1,0
9863,0,18,52,1,1,0,0,0,1,547.9444444444445,0,0,1,0,0,1,0
13285,0,10,69,1,0,0,0,1,0,1328.5,0,0,1,0,0,0,1
15148,0,17,69,1,0,0,0,1,0,891.0588235294117,0,0,1,0,0,0,1
11191,0,14,69,1,0,0,0,1,0,799.3571428571429,0,0,1,0,0,0,1
14272,0,20,69,1,0,0,0,1,0,713.6,0,0,1,0,0,0,1
9249,0,13,69,1,0,0,0,1,0,711.4615384615385,0,0,1,0,0,0,1
15081,0,19,69,1,0,0,0,1,0,793.7368421052631,0,0,1,0,0,0,1
9057,0,12,69,1,0,0,0,1,0,754.75,0,0,1,0,0,0,1
10599,0,24,69,1,0,0,0,1,0,441.625,0,0,1,0,0,0,1
9537,0,12,69,1,0,0,0,1,0,794.75,0,0,1,0,0,0,1
11795,0,14,69,1,0,0,0,1,0,842.5,0,0,1,0,0,0,1
15613,0,16,69,1,0,0,0,1,0,975.8125,0,0,1,0,0,0,1
11870,1,18,31,0,1,0,0,0,1,659.4444444444445,0,0,1,0,1,0,0
10120,0,14,31,0,1,0,0,0,1,722.8571428571429,0,0,1,0,1,0,0
10015,0,12,31,0,1,0,0,0,1,834.5833333333334,0,0,1,0,1,0,0
10549,1,11,31,0,1,0,0,0,1,959.0,0,0,1,0,1,0,0
12847,0,14,31,0,1,0,0,0,1,917.6428571428571,0,0,1,0,1,0,0
9758,0,11,31,0,1,0,0,0,1,887.0909090909091,0,0,1,0,1,0,0
11695,0,14,31,0,1,0,0,0,1,835.3571428571429,0,0,1,0,1,0,0
15398,1,8,31,0,1,0,0,0,1,1924.75,0,0,1,0,1,0,0
11018,0,14,31,0,1,0,0,0,1,787.0,0,0,1,0,1,0,0
10972,0,18,31,0,1,0,0,0,1,609.5555555555555,0,0,1,0,1,0,0
12062,0,19,31,0,1,0,0,0,1,634.8421052631579,0,0,1,0,1,0,0
12272,1,14,31,0,1,0,0,0,1,876.5714285714286,0,0,1,0,1,0,0
10561,0,11,61,1,1,0,0,0,1,960.0909090909091,0,0,1,0,0,1,0
9578,0,8,61,1,1,0,0,0,1,1197.25,0,0,1,0,0,1,0
10311,0,13,61,1,1,0,0,0,1,793.1538461538462,0,0,1,0,0,1,0
9989,0,19,61,1,1,0,0,0,1,525.7368421052631,0,0,1,0,0,1,0
11037,0,14,61,1,1,0,0,0,1,788.3571428571429,0,0,1,0,0,1,0
10326,0,12,61,1,1,0,0,0,1,860.5,0,0,1,0,0,1,0
9517,0,13,70,1,0,0,0,1,0,732.0769230769231,0,0,1,0,0,0,1
11414,0,16,70,1,0,0,0,1,0,713.375,0,0,1,0,0,0,1
9744,0,16,70,1,0,0,0,1,0,609.0,0,0,1,0,0,0,1
9214,0,15,70,1,0,0,0,1,0,614.2666666666667,0,0,1,0,0,0,1
10228,0,16,70,1,0,0,0,1,0,639.25,0,0,1,0,0,0,1
9304,0,14,23,0,0,0,0,0,0,664.5714285714286,0,0,1,1,0,0,0
9574,0,16,23,0,0,0,0,0,0,598.375,0,0,1,1,0,0,0
11776,0,17,23,0,0,0,0,0,0,692.7058823529412,0,0,1,1,0,0,0
9140,0,13,23,0,0,0,0,0,0,703.0769230769231,0,0,1,1,0,0,0
11043,1,14,23,0,0,0,0,0,0,788.7857142857143,0,0,1,1,0,0,0
9716,0,16,23,0,0,0,0,0,0,607.25,0,0,1,1,0,0,0
9177,0,13,23,0,0,0,0,0,0,705.9230769230769,0,0,1,1,0,0,0
9856,0,21,23,0,0,0,0,0,0,469.3333333333333,0,0,1,1,0,0,0
10477,1,12,23,0,0,0,0,0,0,873.0833333333334,0,0,1,1,0,0,0
13175,0,15,23,0,0,0,0,0,0,878.3333333333334,0,0,1,1,0,0,0
9718,0,17,66,0,1,0,1,0,1,571.6470588235294,0,0,1,0,0,0,1
9361,0,5,68,0,1,0,0,0,1,1872.2,0,0,1,0,0,0,1
11997,0,16,68,0,1,0,0,0,1,749.8125,0,0,1,0,0,0,1
12384,0,18,52,0,0,0,0,0,0,688.0,0,0,1,0,0,1,0
11590,0,14,52,0,0,0,0,0,0,827.8571428571429,0,0,1,0,0,1,0
14343,0,23,52,0,0,0,0,0,0,623.6086956521739,0,0,1,0,0,1,0
9100,0,10,52,0,0,0,0,0,0,910.0,0,0,1,0,0,1,0
12383,0,17,52,0,0,0,0,0,0,728.4117647058823,0,0,1,0,0,1,0
10260,0,14,52,0,0,0,0,0,0,732.8571428571429,0,0,1,0,0,1,0
12056,0,16,59,1,1,0,1,1,1,753.5,0,0,1,0,0,1,0
10501,0,14,59,1,1,0,1,1,1,750.0714285714286,0,0,1,0,0,1,0
11033,0,11,59,1,1,0,1,1,1,1003.0,0,0,1,0,0,1,0
11097,0,7,59,1,1,0,1,1,1,1585.2857142857142,0,0,1,0,0,1,0
17186,0,16,59,1,1,0,1,1,1,1074.125,0,0,1,0,0,1,0
9328,0,13,59,1,1,0,1,1,1,717.5384615384615,0,0,1,0,0,1,0
11549,1,11,59,1,1,0,1,1,1,1049.909090909091,0,0,1,0,0,1,0
9740,0,14,69,1,1,0,1,1,1,695.7142857142857,0,0,1,0,0,0,1
10473,0,15,69,1,1,0,1,1,1,698.2,0,0,1,0,0,0,1
10641,0,10,59,0,1,0,1,0,1,1064.1,0,0,1,0,0,1,0
11241,1,13,59,0,1,0,1,0,1,864.6923076923077,0,0,1,0,0,1,0
12088,1,8,59,0,1,0,1,0,1,1511.0,0,0,1,0,0,1,0
11313,0,9,59,0,1,0,1,0,1,1257.0,0,0,1,0,0,1,0
13892,0,19,59,0,1,0,1,0,1,731.1578947368421,0,0,1,0,0,1,0
15669,0,10,59,0,1,0,1,0,1,1566.9,0,0,1,0,0,1,0
11131,0,13,59,0,1,0,1,0,1,856.2307692307693,0,0,1,0,0,1,0
10123,0,9,59,0,1,0,1,0,1,1124.7777777777778,0,0,1,0,0,1,0
21149,1,15,59,0,1,0,1,0,1,1409.9333333333334,0,0,1,0,0,1,0
11222,0,10,59,0,1,0,1,0,1,1122.2,0,0,1,0,0,1,0
10197,0,16,39,1,1,0,0,0,1,637.3125,0,0,1,0,1,0,0
9438,0,14,39,1,1,0,0,0,1,674.1428571428571,0,0,1,0,1,0,0
9238,0,15,39,1,1,0,0,0,1,615.8666666666667,0,0,1,0,1,0,0
14297,0,13,39,1,1,0,0,0,1,1099.7692307692307,0,0,1,0,1,0,0
9232,0,17,39,1,1,0,0,0,1,543.0588235294117,0,0,1,0,1,0,0
11074,0,20,31,1,1,0,0,0,1,553.7,0,0,1,0,1,0,0
11597,0,12,31,1,1,0,0,0,1,966.4166666666666,0,0,1,0,1,0,0
9783,0,7,31,1,1,0,0,0,1,1397.5714285714287,0,0,1,0,1,0,0
9855,0,13,31,1,1,0,0,0,1,758.0769230769231,0,0,1,0,1,0,0
9101,0,8,31,1,1,0,0,0,1,1137.625,0,0,1,0,1,0,0
12226,0,17,52,0,0,0,1,0,0,719.1764705882352,0,0,1,0,0,1,0
9354,0,13,52,0,0,0,1,0,0,719.5384615384615,0,0,1,0,0,1,0
11306,0,7,41,0,0,0,0,0,0,1615.142857142857,0,0,1,0,1,0,0
9767,0,17,41,0,0,0,0,0,0,574.5294117647059,0,0,1,0,1,0,0
10720,0,13,41,0,0,0,0,0,0,824.6153846153846,0,0,1,0,1,0,0
9625,0,15,41,0,0,0,0,0,0,641.6666666666666,0,0,1,0,1,0,0
9756,0,17,59,1,0,0,1,1,0,573.8823529411765,0,0,1,0,0,1,0
13087,0,16,59,1,0,0,1,1,0,817.9375,0,0,1,0,0,1,0
11051,0,11,59,1,0,0,1,1,0,1004.6363636363636,0,0,1,0,0,1,0
15988,0,12,59,1,0,0,1,1,0,1332.3333333333333,0,0,1,0,0,1,0
9307,0,19,59,1,0,0,1,1,0,489.8421052631579,0,0,1,0,0,1,0
9617,0,14,59,1,0,0,1,1,0,686.9285714285714,0,0,1,0,0,1,0
11234,0,10,59,1,0,0,1,1,0,1123.4,0,0,1,0,0,1,0
12235,0,14,59,1,0,0,1,1,0,873.9285714285714,0,0,1,0,0,1,0
9329,0,20,18,0,1,0,0,0,1,466.45,0,0,1,1,0,0,0
15350,0,17,67,1,0,0,1,0,0,902.9411764705883,0,0,1,0,0,0,1
13194,1,22,67,1,0,0,1,0,0,599.7272727272727,0,0,1,0,0,0,1
9668,0,9,67,1,0,0,1,0,0,1074.2222222222222,0,0,1,0,0,0,1
14441,1,11,67,1,0,0,1,0,0,1312.8181818181818,0,0,1,0,0,0,1
9793,0,11,67,1,0,0,1,0,0,890.2727272727273,0,0,1,0,0,0,1
11230,0,19,67,1,0,0,1,0,0,591.0526315789474,0,0,1,0,0,0,1
9255,0,23,53,1,0,0,1,1,0,402.39130434782606,0,0,1,0,0,1,0
11049,0,19,53,1,0,0,1,1,0,581.5263157894736,0,0,1,0,0,1,0
13365,0,10,53,1,0,0,1,1,0,1336.5,0,0,1,0,0,1,0
11108,0,11,53,1,0,0,1,1,0,1009.8181818181819,0,0,1,0,0,1,0
15404,0,15,53,1,0,0,1,1,0,1026.9333333333334,0,0,1,0,0,1,0
10241,0,8,53,1,0,0,1,1,0,1280.125,0,0,1,0,0,1,0
15344,0,15,53,1,0,0,1,1,0,1022.9333333333333,0,0,1,0,0,1,0
10008,0,12,53,1,0,0,1,1,0,834.0,0,0,1,0,0,1,0
10662,0,16,53,1,0,0,1,1,0,666.375,0,0,1,0,0,1,0
14914,1,19,78,0,0,0,0,0,0,784.9473684210526,0,0,1,0,0,0,1
10314,0,9,78,0,0,0,0,0,0,1146.0,0,0,1,0,0,0,1
10640,0,13,78,0,0,0,0,0,0,818.4615384615385,0,0,1,0,0,0,1
11018,1,13,78,0,0,0,0,0,0,847.5384615384615,0,0,1,0,0,0,1
10220,0,12,78,0,0,0,0,0,0,851.6666666666666,0,0,1,0,0,0,1
9603,1,12,78,0,0,0,0,0,0,800.25,0,0,1,0,0,0,1
10558,1,27,41,1,1,0,0,0,1,391.037037037037,0,0,1,0,1,0,0
14254,0,7,61,0,0,0,0,0,0,2036.2857142857142,0,0,1,0,0,1,0
10761,0,10,61,0,0,0,0,0,0,1076.1,0,0,1,0,0,1,0
10514,0,15,61,0,0,0,0,0,0,700.9333333333333,0,0,1,0,0,1,0
12151,0,15,61,0,0,0,0,0,0,810.0666666666667,0,0,1,0,0,1,0
11337,0,17,61,0,0,0,0,0,0,666.8823529411765,0,0,1,0,0,1,0
13868,0,19,69,1,0,0,0,0,0,729.8947368421053,0,0,1,0,0,0,1
9334,1,11,69,1,0,0,0,0,0,848.5454545454545,0,0,1,0,0,0,1
9524,0,9,69,1,0,0,0,0,0,1058.2222222222222,0,0,1,0,0,0,1
15441,0,12,35,1,0,0,1,0,0,1286.75,0,0,1,0,1,0,0
9380,0,18,35,1,0,0,1,0,0,521.1111111111111,0,0,1,0,1,0,0
11664,0,18,35,1,0,0,1,0,0,648.0,0,0,1,0,1,0,0
16202,0,13,35,1,0,0,1,0,0,1246.3076923076924,0,0,1,0,1,0,0
12903,0,14,35,1,0,0,1,0,0,921.6428571428571,0,0,1,0,1,0,0
12378,0,17,35,1,0,0,1,0,0,728.1176470588235,0,0,1,0,1,0,0
13109,0,14,35,1,0,0,1,0,0,936.3571428571429,0,0,1,0,1,0,0
9947,0,12,72,0,0,0,0,0,0,828.9166666666666,0,0,1,0,0,0,1
11317,0,15,72,0,0,0,0,0,0,754.4666666666667,0,0,1,0,0,0,1
9850,0,17,72,0,1,0,0,0,1,579.4117647058823,0,0,1,0,0,0,1
9595,0,17,38,0,0,0,0,0,0,564.4117647058823,0,0,1,0,1,0,0
9941,0,12,38,0,0,0,0,0,0,828.4166666666666,0,0,1,0,1,0,0
10483,0,16,24,0,0,0,1,1,0,655.1875,0,0,1,1,0,0,0
12245,0,21,24,0,0,0,1,1,0,583.0952380952381,0,0,1,1,0,0,0
10309,0,9,24,0,0,0,1,1,0,1145.4444444444443,0,0,1,1,0,0,0
10376,0,14,24,0,0,0,1,1,0,741.1428571428571,0,0,1,1,0,0,0
10811,0,19,24,0,0,0,1,1,0,569.0,0,0,1,1,0,0,0
11947,0,15,68,1,1,0,1,0,1,796.4666666666667,0,0,1,0,0,0,1
14780,0,15,68,1,1,0,1,0,1,985.3333333333334,0,0,1,0,0,0,1
12955,0,12,68,1,1,0,1,0,1,1079.5833333333333,0,0,1,0,0,0,1
12164,0,12,68,1,1,0,1,0,1,1013.6666666666666,0,0,1,0,0,0,1
13016,0,20,68,1,1,0,1,0,1,650.8,0,0,1,0,0,0,1
13483,1,14,68,1,1,0,1,0,1,963.0714285714286,0,0,1,0,0,0,1
15402,0,19,68,1,1,0,1,0,1,810.6315789473684,0,0,1,0,0,0,1
13175,0,14,68,1,1,0,1,0,1,941.0714285714286,0,0,1,0,0,0,1
10649,0,10,73,0,0,0,0,0,0,1064.9,0,0,1,0,0,0,1
10630,0,16,73,0,0,0,0,0,0,664.375,0,0,1,0,0,0,1
12207,1,14,73,0,0,0,0,0,0,871.9285714285714,0,0,1,0,0,0,1
10227,0,10,73,0,0,0,0,0,0,1022.7,0,0,1,0,0,0,1
22966,0,8,33,1,1,1,0,0,1,2870.75,0,0,1,0,1,0,0
9733,0,15,33,1,1,1,0,0,1,648.8666666666667,0,0,1,0,1,0,0
11032,0,4,33,1,1,1,0,0,1,2758.0,0,0,1,0,1,0,0
13726,0,15,33,1,1,1,0,0,1,915.0666666666667,0,0,1,0,1,0,0
9954,0,17,33,1,1,1,0,0,1,585.5294117647059,0,0,1,0,1,0,0
9484,1,16,33,1,1,1,0,0,1,592.75,0,0,1,0,1,0,0
10727,0,13,33,1,1,1,0,0,1,825.1538461538462,0,0,1,0,1,0,0
11581,1,15,27,1,1,0,1,0,1,772.0666666666667,0,0,1,0,1,0,0
14104,1,12,27,1,1,0,1,0,1,1175.3333333333333,0,0,1,0,1,0,0
9883,0,10,27,1,1,0,1,0,1,988.3,0,0,1,0,1,0,0
13395,0,16,27,1,1,0,1,0,1,837.1875,0,0,1,0,1,0,0
9350,0,14,27,1,1,0,1,0,1,667.8571428571429,0,0,1,0,1,0,0
18787,0,21,36,0,0,0,1,0,0,894.6190476190476,0,0,1,0,1,0,0
10460,0,17,36,0,0,0,1,0,0,615.2941176470588,0,0,1,0,1,0,0
13293,0,13,36,0,0,0,1,0,0,1022.5384615384615,0,0,1,0,1,0,0
10063,0,11,36,0,0,0,1,0,0,914.8181818181819,0,0,1,0,1,0,0
9484,0,11,36,0,0,0,1,0,0,862.1818181818181,0,0,1,0,1,0,0
11697,1,11,36,0,0,0,1,0,0,1063.3636363636363,0,0,1,0,1,0,0
11720,0,14,67,0,0,0,1,0,0,837.1428571428571,0,0,1,0,0,0,1
12600,0,9,67,0,0,0,1,0,0,1400.0,0,0,1,0,0,0,1
9898,0,14,67,0,0,0,1,0,0,707.0,0,0,1,0,0,0,1
9657,1,16,25,0,0,0,0,0,0,603.5625,0,0,1,0,1,0,0
9825,0,16,25,0,0,0,0,0,0,614.0625,0,0,1,0,1,0,0
10464,0,15,25,0,0,0,0,0,0,697.6,0,0,1,0,1,0,0
9785,0,13,25,0,0,0,0,0,0,752.6923076923077,0,0,1,0,1,0,0
11246,0,15,25,0,0,0,0,0,0,749.7333333333333,0,0,1,0,1,0,0
11620,1,10,44,0,0,1,0,0,1,1162.0,0,0,1,0,1,0,0
14593,0,20,44,0,0,1,0,0,1,729.65,0,0,1,0,1,0,0
9412,0,11,44,0,0,1,0,0,1,855.6363636363636,0,0,1,0,1,0,0
13433,0,14,44,0,0,1,0,0,1,959.5,0,0,1,0,1,0,0
9165,0,9,44,0,0,1,0,0,1,1018.3333333333334,0,0,1,0,1,0,0
18337,1,12,44,0,0,1,0,0,1,1528.0833333333333,0,0,1,0,1,0,0
12797,1,14,24,1,0,0,1,1,0,914.0714285714286,0,0,1,1,0,0,0
11019,0,23,24,1,0,0,1,1,0,479.0869565217391,0,0,1,1,0,0,0
11022,0,17,64,1,1,0,0,0,1,648.3529411764706,0,0,1,0,0,1,0
10371,1,19,64,1,1,0,0,0,1,545.8421052631579,0,0,1,0,0,1,0
9922,0,15,74,1,1,0,0,0,1,661.4666666666667,0,0,1,0,0,0,1
9272,1,15,68,0,1,0,0,0,1,618.1333333333333,0,0,1,0,0,0,1
9510,0,15,68,0,1,0,0,0,1,634.0,0,0,1,0,0,0,1
11573,0,15,33,1,0,0,0,0,0,771.5333333333333,0,0,1,0,1,0,0
15651,0,16,49,0,0,0,0,0,0,978.1875,0,0,1,0,0,1,0
10115,0,9,49,0,0,0,0,0,0,1123.888888888889,0,0,1,0,0,1,0
12710,0,9,49,0,0,0,0,0,0,1412.2222222222222,0,0,1,0,0,1,0
11069,0,13,49,0,0,0,0,0,0,851.4615384615385,0,0,1,0,0,1,0
10203,1,15,83,1,1,0,0,0,1,680.2,0,0,1,0,0,0,1
10326,0,18,83,1,1,0,0,0,1,573.6666666666666,0,0,1,0,0,0,1
12774,1,17,83,1,1,0,0,0,1,751.4117647058823,0,0,1,0,0,0,1
9817,1,15,83,1,1,0,0,0,1,654.4666666666667,0,0,1,0,0,0,1
10190,1,11,33,1,0,0,1,0,0,926.3636363636364,0,0,1,0,1,0,0
9760,1,15,33,1,0,0,1,0,0,650.6666666666666,0,0,1,0,1,0,0
9136,0,14,33,1,0,0,1,0,0,652.5714285714286,0,0,1,0,1,0,0
12541,0,10,25,0,0,0,0,0,0,1254.1,0,0,1,0,1,0,0
9664,1,14,25,0,0,0,0,0,0,690.2857142857143,0,0,1,0,1,0,0
9300,0,10,25,0,0,0,0,0,0,930.0,0,0,1,0,1,0,0
10877,0,12,25,0,0,0,0,0,0,906.4166666666666,0,0,1,0,1,0,0
11668,0,22,25,0,0,0,0,0,0,530.3636363636364,0,0,1,0,1,0,0
13468,0,17,25,0,0,0,0,0,0,792.2352941176471,0,0,1,0,1,0,0
10976,1,13,25,0,0,0,0,0,0,844.3076923076923,0,0,1,0,1,0,0
17072,0,13,72,1,1,0,0,0,1,1313.2307692307693,0,0,1,0,0,0,1
11168,1,9,72,1,1,0,0,0,1,1240.888888888889,0,0,1,0,0,0,1
11455,0,16,72,1,1,0,0,0,1,715.9375,0,0,1,0,0,0,1
16307,0,18,72,1,1,0,0,0,1,905.9444444444445,0,0,1,0,0,0,1
13602,0,6,72,1,1,0,0,0,1,2267.0,0,0,1,0,0,0,1
17625,1,11,72,1,1,0,0,0,1,1602.2727272727273,0,0,1,0,0,0,1
9760,0,9,72,1,1,0,0,0,1,1084.4444444444443,0,0,1,0,0,0,1
10752,0,13,72,1,1,0,0,0,1,827.0769230769231,0,0,1,0,0,0,1
10228,0,17,72,1,1,0,0,0,1,601.6470588235294,0,0,1,0,0,0,1
12433,0,12,72,1,1,0,0,0,1,1036.0833333333333,0,0,1,0,0,0,1
11658,1,18,53,1,0,0,0,0,0,647.6666666666666,0,0,1,0,0,1,0
10504,1,21,84,0,0,0,0,0,0,500.1904761904762,0,0,1,0,0,0,1
9784,0,11,64,0,0,0,0,0,0,889.4545454545455,0,0,1,0,0,1,0
15861,0,16,64,0,0,0,0,0,0,991.3125,0,0,1,0,0,1,0
9977,0,16,64,0,0,0,0,0,0,623.5625,0,0,1,0,0,1,0
9219,0,9,71,0,0,0,0,0,0,1024.3333333333333,0,0,1,0,0,0,1
10395,0,9,71,0,0,0,0,0,0,1155.0,0,0,1,0,0,0,1
10252,1,14,81,0,1,0,1,0,1,732.2857142857143,0,0,1,0,0,0,1
10608,0,17,81,0,1,0,1,0,1,624.0,0,0,1,0,0,0,1
11122,0,21,81,0,1,0,1,0,1,529.6190476190476,0,0,1,0,0,0,1
10036,0,11,81,0,1,0,1,0,1,912.3636363636364,0,0,1,0,0,0,1
10944,0,18,81,0,1,0,1,0,1,608.0,0,0,1,0,0,0,1
9582,1,12,28,1,0,0,1,1,0,798.5,0,0,1,0,1,0,0
9680,0,12,28,1,0,0,1,1,0,806.6666666666666,0,0,1,0,1,0,0
10033,0,18,28,1,0,0,1,1,0,557.3888888888889,0,0,1,0,1,0,0
9628,1,7,28,1,0,0,1,1,0,1375.4285714285713,0,0,1,0,1,0,0
9222,0,12,48,1,0,1,1,0,1,768.5,0,0,1,0,0,1,0
10567,0,17,48,1,0,1,1,0,1,621.5882352941177,0,0,1,0,0,1,0
9003,0,11,48,1,0,1,1,0,1,818.4545454545455,0,0,1,0,0,1,0
12019,0,19,48,1,0,1,1,0,1,632.578947368421,0,0,1,0,0,1,0
10670,0,12,48,1,0,1,1,0,1,889.1666666666666,0,0,1,0,0,1,0
15421,0,15,46,0,0,0,0,0,0,1028.0666666666666,0,0,1,0,0,1,0
9475,0,13,46,0,0,0,0,0,0,728.8461538461538,0,0,1,0,0,1,0
9893,0,12,46,0,0,0,0,0,0,824.4166666666666,0,0,1,0,0,1,0
9633,0,15,46,0,0,0,0,0,0,642.2,0,0,1,0,0,1,0
11469,0,9,46,0,0,0,0,0,0,1274.3333333333333,0,0,1,0,0,1,0
11816,0,14,46,0,0,0,0,0,0,844.0,0,0,1,0,0,1,0
10869,0,11,46,0,0,0,0,0,0,988.0909090909091,0,0,1,0,0,1,0
12839,1,12,46,0,0,0,0,0,0,1069.9166666666667,0,0,1,0,0,1,0
11318,0,10,50,0,1,0,1,0,1,1131.8,0,0,1,0,0,1,0
9039,0,16,50,0,1,0,1,0,1,564.9375,0,0,1,0,0,1,0
9426,0,7,50,0,1,0,1,0,1,1346.5714285714287,0,0,1,0,0,1,0
11262,0,8,50,0,1,0,1,0,1,1407.75,0,0,1,0,0,1,0
9335,0,7,67,1,0,0,0,0,0,1333.5714285714287,0,0,1,0,0,0,1
9367,0,17,82,1,0,1,0,0,1,551.0,0,0,1,0,0,0,1
10757,0,11,55,1,0,0,1,0,0,977.9090909090909,0,0,1,0,0,1,0
13422,1,15,55,1,0,0,1,0,0,894.8,0,0,1,0,0,1,0
10552,0,27,77,0,1,0,1,0,1,390.81481481481484,0,0,1,0,0,0,1
17588,0,15,77,0,1,0,1,0,1,1172.5333333333333,0,0,1,0,0,0,1
11951,0,15,77,0,1,0,1,0,1,796.7333333333333,0,0,1,0,0,0,1
9509,0,9,77,0,1,0,1,0,1,1056.5555555555557,0,0,1,0,0,0,1
11123,1,14,77,0,1,0,1,0,1,794.5,0,0,1,0,0,0,1
13181,0,14,77,0,1,0,1,0,1,941.5,0,0,1,0,0,0,1
11297,0,7,77,0,1,0,1,0,1,1613.857142857143,0,0,1,0,0,0,1
12968,0,9,77,0,1,0,1,0,1,1440.888888888889,0,0,1,0,0,0,1
16686,0,16,77,0,1,0,1,0,1,1042.875,0,0,1,0,0,0,1
12210,0,18,77,0,1,0,1,0,1,678.3333333333334,0,0,1,0,0,0,1
9943,0,11,77,0,1,0,1,0,1,903.9090909090909,0,0,1,0,0,0,1
13825,1,16,35,1,0,0,0,0,0,864.0625,0,0,1,0,1,0,0
10260,0,13,35,1,0,0,0,0,0,789.2307692307693,0,0,1,0,1,0,0
11204,0,14,35,1,0,0,0,0,0,800.2857142857143,0,0,1,0,1,0,0
10636,0,11,35,1,0,0,0,0,0,966.9090909090909,0,0,1,0,1,0,0
9127,0,15,74,0,0,0,1,0,0,608.4666666666667,0,0,1,0,0,0,1
9917,0,23,74,0,0,0,1,0,0,431.17391304347825,0,0,1,0,0,0,1
9132,0,18,74,0,0,0,1,0,0,507.3333333333333,0,0,1,0,0,0,1
12442,0,9,39,0,0,0,0,0,0,1382.4444444444443,0,0,1,0,1,0,0
16001,0,12,39,0,0,0,0,0,0,1333.4166666666667,0,0,1,0,1,0,0
12548,1,16,39,0,0,0,0,0,0,784.25,0,0,1,0,1,0,0
13854,0,8,39,0,0,0,0,0,0,1731.75,0,0,1,0,1,0,0
10027,1,7,39,0,0,0,0,0,0,1432.4285714285713,0,0,1,0,1,0,0
14819,0,16,39,0,0,0,0,0,0,926.1875,0,0,1,0,1,0,0
17524,0,20,39,0,0,0,0,0,0,876.2,0,0,1,0,1,0,0
10392,0,7,39,0,0,0,0,0,0,1484.5714285714287,0,0,1,0,1,0,0
9417,0,21,39,0,0,0,0,0,0,448.42857142857144,0,0,1,0,1,0,0
11570,0,13,39,0,0,0,0,0,0,890.0,0,0,1,0,1,0,0
9183,0,12,39,0,0,0,0,0,0,765.25,0,0,1,0,1,0,0
13179,1,14,18,0,0,0,1,0,0,941.3571428571429,0,0,1,1,0,0,0
9060,1,18,18,0,0,0,1,0,0,503.3333333333333,0,0,1,1,0,0,0
12900,1,12,18,0,0,0,1,0,0,1075.0,0,0,1,1,0,0,0
11612,0,14,18,0,0,0,1,0,0,829.4285714285714,0,0,1,1,0,0,0
10195,0,21,18,0,0,0,1,0,0,485.4761904761905,0,0,1,1,0,0,0
9313,1,21,18,0,0,0,1,0,0,443.4761904761905,0,0,1,1,0,0,0
13407,1,12,18,0,0,0,1,0,0,1117.25,0,0,1,1,0,0,0
10536,1,9,18,0,0,0,1,0,0,1170.6666666666667,0,0,1,1,0,0,0
9424,1,10,18,0,0,0,1,0,0,942.4,0,0,1,1,0,0,0
9454,0,10,54,0,0,0,1,1,0,945.4,0,0,1,0,0,1,0
11365,0,14,54,0,0,0,1,1,0,811.7857142857143,0,0,1,0,0,1,0
10527,0,9,54,0,0,0,1,1,0,1169.6666666666667,0,0,1,0,0,1,0
11810,1,14,54,0,0,0,1,1,0,843.5714285714286,0,0,1,0,0,1,0
13036,0,17,54,0,0,0,1,1,0,766.8235294117648,0,0,1,0,0,1,0
11512,0,13,72,1,1,0,1,0,1,885.5384615384615,0,0,1,0,0,0,1
9433,0,8,72,1,1,0,1,0,1,1179.125,0,0,1,0,0,0,1
9215,0,11,72,1,1,0,1,0,1,837.7272727272727,0,0,1,0,0,0,1
17099,0,18,72,1,1,0,1,0,1,949.9444444444445,0,0,1,0,0,0,1
10693,0,10,72,1,1,0,1,0,1,1069.3,0,0,1,0,0,0,1
9138,0,9,72,1,1,0,1,0,1,1015.3333333333334,0,0,1,0,0,0,1
14486,0,14,72,1,1,0,1,0,1,1034.7142857142858,0,0,1,0,0,0,1
9987,0,19,72,1,1,0,1,0,1,525.6315789473684,0,0,1,0,0,0,1
9273,0,13,84,0,1,0,1,0,1,713.3076923076923,0,0,1,0,0,0,1
22420,0,10,84,0,1,0,1,0,1,2242.0,0,0,1,0,0,0,1
9615,1,17,84,0,1,0,1,0,1,565.5882352941177,0,0,1,0,0,0,1
9940,1,9,84,0,1,0,1,0,1,1104.4444444444443,0,0,1,0,0,0,1
9174,1,10,84,0,1,0,1,0,1,917.4,0,0,1,0,0,0,1
10840,0,17,84,0,1,0,1,0,1,637.6470588235294,0,0,1,0,0,0,1
9507,0,20,20,0,0,0,0,0,0,475.35,0,0,1,1,0,0,0
12301,0,13,39,0,1,0,0,1,1,946.2307692307693,0,0,1,0,1,0,0
9198,0,13,39,0,1,0,0,1,1,707.5384615384615,0,0,1,0,1,0,0
9363,0,20,39,0,1,0,0,1,1,468.15,0,0,1,0,1,0,0
10223,0,16,39,0,1,0,0,1,1,638.9375,0,0,1,0,1,0,0
10221,1,13,81,1,1,0,0,0,1,786.2307692307693,0,0,1,0,0,0,1
12694,1,16,81,1,1,0,0,0,1,793.375,0,0,1,0,0,0,1
9613,1,19,81,1,1,0,0,0,1,505.94736842105266,0,0,1,0,0,0,1
11010,0,15,27,1,0,0,0,0,0,734.0,0,0,1,0,1,0,0
11420,1,22,27,1,0,0,0,0,0,519.0909090909091,0,0,1,0,1,0,0
9598,0,19,31,0,0,1,1,0,1,505.1578947368421,0,0,1,0,1,0,0
14510,0,20,57,1,0,1,1,1,1,725.5,0,0,1,0,0,1,0
11184,0,18,57,1,0,1,1,1,1,621.3333333333334,0,0,1,0,0,1,0
9994,0,9,57,1,0,1,1,1,1,1110.4444444444443,0,0,1,0,0,1,0
13086,0,16,57,1,0,1,1,1,1,817.875,0,0,1,0,0,1,0
12594,0,18,57,1,0,1,1,1,1,699.6666666666666,0,0,1,0,0,1,0
18918,0,12,57,1,0,1,1,1,1,1576.5,0,0,1,0,0,1,0
12889,0,11,57,1,0,1,1,1,1,1171.7272727272727,0,0,1,0,0,1,0
12388,0,11,57,1,0,1,1,1,1,1126.1818181818182,0,0,1,0,0,1,0
14771,0,20,57,1,0,1,1,1,1,738.55,0,0,1,0,0,1,0
17443,0,15,57,1,0,1,1,1,1,1162.8666666666666,0,0,1,0,0,1,0
14096,0,16,57,1,0,1,1,1,1,881.0,0,0,1,0,0,1,0
9425,0,16,70,1,0,0,0,0,0,589.0625,0,0,1,0,0,0,1
9668,1,17,18,1,0,0,0,0,0,568.7058823529412,0,0,1,1,0,0,0
9769,1,16,18,1,0,0,0,0,0,610.5625,0,0,1,1,0,0,0
14841,1,13,18,1,0,0,0,0,0,1141.6153846153845,0,0,1,1,0,0,0
10848,0,14,18,1,0,0,0,0,0,774.8571428571429,0,0,1,1,0,0,0
9001,1,5,18,1,0,0,0,0,0,1800.2,0,0,1,1,0,0,0
10969,1,17,60,1,0,0,1,0,0,645.2352941176471,0,0,1,0,0,1,0
9524,0,18,31,1,1,0,0,0,1,529.1111111111111,0,0,1,0,1,0,0
9540,0,15,31,1,1,0,0,0,1,636.0,0,0,1,0,1,0,0
11115,1,13,54,1,0,0,0,0,0,855.0,0,0,1,0,0,1,0
9971,0,12,54,1,0,0,0,0,0,830.9166666666666,0,0,1,0,0,1,0
10067,0,15,77,0,0,0,1,0,0,671.1333333333333,0,0,1,0,0,0,1
11346,0,16,27,0,0,0,0,0,0,709.125,0,0,1,0,1,0,0
16837,0,12,27,0,0,0,0,0,0,1403.0833333333333,0,0,1,0,1,0,0
10348,1,6,27,0,0,0,0,0,0,1724.6666666666667,0,0,1,0,1,0,0
11718,0,13,27,0,0,0,0,0,0,901.3846153846154,0,0,1,0,1,0,0
12073,0,12,27,0,0,0,0,0,0,1006.0833333333334,0,0,1,0,1,0,0
12795,1,12,27,0,0,0,0,0,0,1066.25,0,0,1,0,1,0,0
12057,0,14,27,0,0,0,0,0,0,861.2142857142857,0,0,1,0,1,0,0
9446,0,8,55,0,0,0,0,0,0,1180.75,0,0,1,0,0,1,0
14497,0,9,44,1,0,1,1,0,1,1610.7777777777778,0,0,1,0,1,0,0
11394,0,17,44,1,0,1,1,0,1,670.2352941176471,0,0,1,0,1,0,0
13689,0,13,44,1,0,1,1,0,1,1053.0,0,0,1,0,1,0,0
9298,0,10,44,1,0,1,1,0,1,929.8,0,0,1,0,1,0,0
12725,0,5,44,1,0,1,1,0,1,2545.0,0,0,1,0,1,0,0
9976,0,12,44,1,0,1,1,0,1,831.3333333333334,0,0,1,0,1,0,0
11007,0,10,44,1,0,1,1,0,1,1100.7,0,0,1,0,1,0,0
12154,0,17,44,1,0,1,1,0,1,714.9411764705883,0,0,1,0,1,0,0
10779,0,18,80,0,0,0,0,0,0,598.8333333333334,0,0,1,0,0,0,1
18881,1,11,80,0,0,0,0,0,0,1716.4545454545455,0,0,1,0,0,0,1
9926,0,15,80,0,0,0,0,0,0,661.7333333333333,0,0,1,0,0,0,1
10809,0,17,18,1,0,0,0,0,0,635.8235294117648,0,0,1,1,0,0,0
9176,0,15,18,1,0,0,0,0,0,611.7333333333333,0,0,1,1,0,0,0
9302,1,18,18,1,0,0,0,0,0,516.7777777777778,0,0,1,1,0,0,0
10357,1,17,18,1,0,0,0,0,0,609.2352941176471,0,0,1,1,0,0,0
9189,0,11,18,1,0,0,0,0,0,835.3636363636364,0,0,1,1,0,0,0
10056,1,19,18,1,0,0,0,0,0,529.2631578947369,0,0,1,1,0,0,0
12811,0,15,74,1,0,0,1,0,0,854.0666666666667,0,0,1,0,0,0,1
10303,0,9,45,0,0,0,0,0,0,1144.7777777777778,0,0,1,0,0,1,0
9546,0,21,66,1,0,0,0,1,0,454.57142857142856,0,0,1,0,0,0,1
11322,0,16,49,1,1,0,1,1,1,707.625,0,0,1,0,0,1,0
10711,1,18,49,1,1,0,1,1,1,595.0555555555555,0,0,1,0,0,1,0
10074,0,11,49,1,1,0,1,1,1,915.8181818181819,0,0,1,0,0,1,0
11988,0,13,49,1,1,0,1,1,1,922.1538461538462,0,0,1,0,0,1,0
13171,0,19,49,1,1,0,1,1,1,693.2105263157895,0,0,1,0,0,1,0
9395,1,9,29,0,0,0,0,0,0,1043.888888888889,0,0,1,0,1,0,0
9883,0,13,29,0,0,0,0,0,0,760.2307692307693,0,0,1,0,1,0,0
10790,0,12,29,0,0,0,0,0,0,899.1666666666666,0,0,1,0,1,0,0
14223,0,11,29,0,0,0,0,0,0,1293.0,0,0,1,0,1,0,0
10291,0,11,24,0,0,0,0,0,0,935.5454545454545,0,0,1,1,0,0,0
11248,0,18,24,0,0,0,0,0,0,624.8888888888889,0,0,1,1,0,0,0
11871,0,12,24,0,0,0,0,0,0,989.25,0,0,1,1,0,0,0
10332,1,14,24,0,0,0,0,0,0,738.0,0,0,1,1,0,0,0
19696,0,7,24,0,0,0,0,0,0,2813.714285714286,0,0,1,1,0,0,0
9523,0,10,24,0,0,0,0,0,0,952.3,0,0,1,1,0,0,0
11015,0,19,24,0,0,0,0,0,0,579.7368421052631,0,0,1,1,0,0,0
10118,1,11,24,0,0,0,0,0,0,919.8181818181819,0,0,1,1,0,0,0
10394,1,20,24,0,0,0,0,0,0,519.7,0,0,1,1,0,0,0
9120,0,9,43,0,0,0,0,0,0,1013.3333333333334,0,0,1,0,1,0,0
17450,0,8,43,0,0,0,0,0,0,2181.25,0,0,1,0,1,0,0
10417,0,18,43,0,0,0,0,0,0,578.7222222222222,0,0,1,0,1,0,0
13781,1,8,43,0,0,0,0,0,0,1722.625,0,0,1,0,1,0,0
11498,0,9,43,0,0,0,0,0,0,1277.5555555555557,0,0,1,0,1,0,0
9756,0,12,43,0,0,0,0,0,0,813.0,0,0,1,0,1,0,0
11018,0,12,43,0,0,0,0,0,0,918.1666666666666,0,0,1,0,1,0,0
11848,0,20,43,0,0,0,0,0,0,592.4,0,0,1,0,1,0,0
15536,0,17,43,0,0,0,0,0,0,913.8823529411765,0,0,1,0,1,0,0
9295,0,10,43,0,0,0,0,0,0,929.5,0,0,1,0,1,0,0
10734,0,16,54,1,1,0,0,1,1,670.875,0,0,1,0,0,1,0
13525,0,15,54,1,1,0,0,1,1,901.6666666666666,0,0,1,0,0,1,0
15150,0,17,54,1,1,0,0,1,1,891.1764705882352,0,0,1,0,0,1,0
13552,0,13,54,1,1,0,0,1,1,1042.4615384615386,0,0,1,0,0,1,0
9594,0,10,54,1,1,0,0,1,1,959.4,0,0,1,0,0,1,0
15888,0,17,54,1,1,0,0,1,1,934.5882352941177,0,0,1,0,0,1,0
11602,1,18,54,1,0,0,0,0,0,644.5555555555555,0,0,1,0,0,1,0
10758,0,21,54,1,0,0,0,0,0,512.2857142857143,0,0,1,0,0,1,0
14208,1,15,54,1,0,0,0,0,0,947.2,0,0,1,0,0,1,0
11114,0,15,54,1,0,0,0,0,0,740.9333333333333,0,0,1,0,0,1,0
13177,0,12,54,1,0,0,0,0,0,1098.0833333333333,0,0,1,0,0,1,0
11825,0,13,54,1,0,0,0,0,0,909.6153846153846,0,0,1,0,0,1,0
13270,0,11,54,1,0,0,0,0,0,1206.3636363636363,0,0,1,0,0,1,0
15424,0,10,54,1,0,0,0,0,0,1542.4,0,0,1,0,0,1,0
16326,0,14,54,1,0,0,0,0,0,1166.142857142857,0,0,1,0,0,1,0
10537,0,14,73,0,0,0,1,0,0,752.6428571428571,0,0,1,0,0,0,1
9108,0,17,73,0,0,0,1,0,0,535.7647058823529,0,0,1,0,0,0,1
10655,0,15,73,0,0,0,1,0,0,710.3333333333334,0,0,1,0,0,0,1
12205,0,8,73,0,0,0,1,0,0,1525.625,0,0,1,0,0,0,1
11409,1,13,74,0,1,0,1,1,1,877.6153846153846,0,0,1,0,0,0,1
9849,1,15,74,0,1,0,1,1,1,656.6,0,0,1,0,0,0,1
13805,0,15,83,0,0,0,0,1,0,920.3333333333334,0,0,1,0,0,0,1
11187,0,9,83,0,0,0,0,1,0,1243.0,0,0,1,0,0,0,1
9315,1,14,83,0,0,0,0,1,0,665.3571428571429,0,0,1,0,0,0,1
10901,1,14,83,0,0,0,0,1,0,778.6428571428571,0,0,1,0,0,0,1
10548,0,17,83,0,0,0,0,1,0,620.4705882352941,0,0,1,0,0,0,1
11626,0,18,65,1,0,0,1,0,0,645.8888888888889,0,0,1,0,0,0,1
12792,1,11,65,1,0,0,1,0,0,1162.909090909091,0,0,1,0,0,0,1
13731,0,13,65,1,0,0,1,0,0,1056.2307692307693,0,0,1,0,0,0,1
10844,0,21,65,1,0,0,1,0,0,516.3809523809524,0,0,1,0,0,0,1
14554,0,29,65,1,0,0,1,0,0,501.86206896551727,0,0,1,0,0,0,1
10679,0,12,65,1,0,0,1,0,0,889.9166666666666,0,0,1,0,0,0,1
13474,0,16,65,1,0,0,1,0,0,842.125,0,0,1,0,0,0,1
15294,0,7,65,1,0,0,1,0,0,2184.8571428571427,0,0,1,0,0,0,1
17254,0,10,65,1,0,0,1,0,0,1725.4,0,0,1,0,0,0,1
10564,1,14,65,1,0,0,1,0,0,754.5714285714286,0,0,1,0,0,0,1
12070,1,13,83,0,1,0,0,1,1,928.4615384615385,0,0,1,0,0,0,1
15089,0,9,83,0,1,0,0,1,1,1676.5555555555557,0,0,1,0,0,0,1
14792,0,17,83,0,1,0,0,1,1,870.1176470588235,0,0,1,0,0,0,1
10087,0,17,83,0,1,0,0,1,1,593.3529411764706,0,0,1,0,0,0,1
13540,0,11,83,0,1,0,0,1,1,1230.909090909091,0,0,1,0,0,0,1
11060,0,11,83,0,1,0,0,1,1,1005.4545454545455,0,0,1,0,0,0,1
9639,0,14,83,0,1,0,0,1,1,688.5,0,0,1,0,0,0,1
10766,1,11,83,0,1,0,0,1,1,978.7272727272727,0,0,1,0,0,0,1
10617,1,8,83,0,1,0,0,1,1,1327.125,0,0,1,0,0,0,1
10378,1,10,83,0,1,0,0,1,1,1037.8,0,0,1,0,0,0,1
10836,0,19,83,0,1,0,0,1,1,570.3157894736842,0,0,1,0,0,0,1
9250,0,11,52,1,0,0,1,0,0,840.9090909090909,0,0,1,0,0,1,0
11237,1,7,52,1,0,0,1,0,0,1605.2857142857142,0,0,1,0,0,1,0
10295,0,13,52,1,0,0,1,0,0,791.9230769230769,0,0,1,0,0,1,0
11340,1,9,52,1,0,0,1,0,0,1260.0,0,0,1,0,0,1,0
17111,0,10,52,1,0,0,1,0,0,1711.1,0,0,1,0,0,1,0
10043,0,14,52,1,0,0,1,0,0,717.3571428571429,0,0,1,0,0,1,0
10287,0,15,52,1,0,0,1,0,0,685.8,0,0,1,0,0,1,0
14320,0,12,63,0,1,0,1,0,1,1193.3333333333333,0,0,1,0,0,1,0
9652,0,8,63,0,1,0,1,0,1,1206.5,0,0,1,0,0,1,0
11664,0,11,63,0,1,0,1,0,1,1060.3636363636363,0,0,1,0,0,1,0
12994,0,13,63,0,1,0,1,0,1,999.5384615384615,0,0,1,0,0,1,0
9167,0,8,63,0,1,0,1,0,1,1145.875,0,0,1,0,0,1,0
12978,0,15,63,0,1,0,1,0,1,865.2,0,0,1,0,0,1,0
12275,0,16,63,0,1,0,1,0,1,767.1875,0,0,1,0,0,1,0
16359,0,12,63,0,1,0,1,0,1,1363.25,0,0,1,0,0,1,0
9839,1,14,63,0,1,0,1,0,1,702.7857142857143,0,0,1,0,0,1,0
13586,0,16,63,0,1,0,1,0,1,849.125,0,0,1,0,0,1,0
13009,0,9,31,0,1,0,0,0,1,1445.4444444444443,0,0,1,0,1,0,0
9830,0,13,31,0,1,0,0,0,1,756.1538461538462,0,0,1,0,1,0,0
11809,0,11,31,0,1,0,0,0,1,1073.5454545454545,0,0,1,0,1,0,0
10051,0,16,31,0,1,0,0,0,1,628.1875,0,0,1,0,1,0,0
9547,0,8,31,0,1,0,0,0,1,1193.375,0,0,1,0,1,0,0
9128,0,16,31,0,1,0,0,0,1,570.5,0,0,1,0,1,0,0
9239,1,8,81,1,1,0,1,0,1,1154.875,0,0,1,0,0,0,1
11113,0,12,37,1,0,0,1,0,0,926.0833333333334,0,0,1,0,1,0,0
11554,0,12,37,1,0,0,1,0,0,962.8333333333334,0,0,1,0,1,0,0
16150,0,19,37,1,0,0,1,0,0,850.0,0,0,1,0,1,0,0
9824,0,18,60,0,1,0,0,0,1,545.7777777777778,0,0,1,0,0,1,0
11853,0,12,60,0,1,0,0,0,1,987.75,0,0,1,0,0,1,0
10393,0,14,60,0,1,0,0,0,1,742.3571428571429,0,0,1,0,0,1,0
12497,0,8,60,0,1,0,0,0,1,1562.125,0,0,1,0,0,1,0
10468,0,11,69,1,0,0,0,0,0,951.6363636363636,0,0,1,0,0,0,1
10078,0,15,69,1,0,0,0,0,0,671.8666666666667,0,0,1,0,0,0,1
12656,0,22,69,1,0,0,0,0,0,575.2727272727273,0,0,1,0,0,0,1
10425,0,14,69,1,0,0,0,0,0,744.6428571428571,0,0,1,0,0,0,1
13562,0,16,27,1,0,0,1,0,0,847.625,0,0,1,0,1,0,0
11346,0,16,27,1,0,0,1,0,0,709.125,0,0,1,0,1,0,0
9824,0,8,27,1,0,0,1,0,0,1228.0,0,0,1,0,1,0,0
9366,0,14,27,1,0,0,1,0,0,669.0,0,0,1,0,1,0,0
9302,0,17,65,1,0,0,1,0,0,547.1764705882352,0,0,1,0,0,0,1
9055,0,13,73,1,0,1,1,1,1,696.5384615384615,0,0,1,0,0,0,1
11254,0,22,57,1,0,0,0,0,0,511.54545454545456,0,0,1,0,0,1,0
13833,0,14,26,1,0,1,1,0,1,988.0714285714286,0,0,1,0,1,0,0
9736,0,12,26,1,0,1,1,0,1,811.3333333333334,0,0,1,0,1,0,0
10225,0,7,83,1,0,0,0,1,0,1460.7142857142858,0,0,1,0,0,0,1
10031,1,16,83,1,0,0,0,1,0,626.9375,0,0,1,0,0,0,1
9526,1,21,83,1,0,0,0,1,0,453.6190476190476,0,0,1,0,0,0,1
9914,0,10,83,1,0,0,0,1,0,991.4,0,0,1,0,0,0,1
13225,0,13,56,1,0,0,1,0,0,1017.3076923076923,0,0,1,0,0,1,0
13479,0,13,56,1,0,0,1,0,0,1036.8461538461538,0,0,1,0,0,1,0
9906,1,14,56,1,0,0,1,0,0,707.5714285714286,0,0,1,0,0,1,0
14784,1,19,56,1,0,0,1,0,0,778.1052631578947,0,0,1,0,0,1,0
9182,0,16,56,1,0,0,1,0,0,573.875,0,0,1,0,0,1,0
11714,0,16,56,1,0,0,1,0,0,732.125,0,0,1,0,0,1,0
15328,0,12,81,0,0,0,1,0,0,1277.3333333333333,0,0,1,0,0,0,1
10767,1,12,81,0,0,0,1,0,0,897.25,0,0,1,0,0,0,1
10861,1,14,78,0,0,0,0,0,0,775.7857142857143,0,0,1,0,0,0,1
10875,0,17,78,0,0,0,0,0,0,639.7058823529412,0,0,1,0,0,0,1
12779,0,14,43,0,0,0,0,0,0,912.7857142857143,0,0,1,0,1,0,0
9357,0,16,83,1,0,0,0,0,0,584.8125,0,0,1,0,0,0,1
11093,1,10,83,1,0,0,0,0,0,1109.3,0,0,1,0,0,0,1
9631,0,17,31,1,0,0,1,0,0,566.5294117647059,0,0,1,0,1,0,0
9753,0,10,31,1,0,0,1,0,0,975.3,0,0,1,0,1,0,0
9774,0,8,31,1,0,0,1,0,0,1221.75,0,0,1,0,1,0,0
12057,0,17,31,1,0,0,1,0,0,709.2352941176471,0,0,1,0,1,0,0
10817,1,15,50,1,0,0,0,0,0,721.1333333333333,0,0,1,0,0,1,0
10259,0,11,50,1,0,0,0,0,0,932.6363636363636,0,0,1,0,0,1,0
14909,0,19,50,1,0,0,0,0,0,784.6842105263158,0,0,1,0,0,1,0
13371,0,9,50,1,0,0,0,0,0,1485.6666666666667,0,0,1,0,0,1,0
10883,0,14,50,1,0,0,0,0,0,777.3571428571429,0,0,1,0,0,1,0
11893,1,11,77,1,0,0,0,0,0,1081.1818181818182,0,0,1,0,0,0,1
10946,1,15,77,1,0,0,0,0,0,729.7333333333333,0,0,1,0,0,0,1
9841,0,12,42,1,0,0,0,0,0,820.0833333333334,0,0,1,0,1,0,0
10086,0,6,42,1,0,0,0,0,0,1681.0,0,0,1,0,1,0,0
10053,0,13,42,1,0,0,0,0,0,773.3076923076923,0,0,1,0,1,0,0
17733,0,12,42,1,0,0,0,0,0,1477.75,0,0,1,0,1,0,0
14362,0,10,58,0,0,0,0,0,0,1436.2,0,0,1,0,0,1,0
11771,0,15,58,0,0,0,0,0,0,784.7333333333333,0,0,1,0,0,1,0
14089,0,17,58,0,0,0,0,0,0,828.7647058823529,0,0,1,0,0,1,0
9524,0,14,58,0,0,0,0,0,0,680.2857142857143,0,0,1,0,0,1,0
15434,0,18,58,0,0,0,0,0,0,857.4444444444445,0,0,1,0,0,1,0
9886,1,8,58,0,0,0,0,0,0,1235.75,0,0,1,0,0,1,0
11762,1,14,58,0,0,0,0,0,0,840.1428571428571,0,0,1,0,0,1,0
15597,0,13,58,0,0,0,0,0,0,1199.7692307692307,0,0,1,0,0,1,0
9485,0,12,29,0,0,0,0,1,0,790.4166666666666,0,0,1,0,1,0,0
10243,0,20,29,0,0,0,0,1,0,512.15,0,0,1,0,1,0,0
13317,0,12,29,0,0,0,0,1,0,1109.75,0,0,1,0,1,0,0
11211,1,14,47,0,0,1,0,0,1,800.7857142857143,0,0,1,0,0,1,0
9679,0,13,47,0,0,1,0,0,1,744.5384615384615,0,0,1,0,0,1,0
14423,1,11,47,0,0,1,0,0,1,1311.1818181818182,0,0,1,0,0,1,0
9189,0,15,47,0,0,1,0,0,1,612.6,0,0,1,0,0,1,0
13706,0,17,47,0,0,1,0,0,1,806.2352941176471,0,0,1,0,0,1,0
13718,1,6,47,0,0,1,0,0,1,2286.3333333333335,0,0,1,0,0,1,0
11401,0,15,55,0,1,0,0,0,1,760.0666666666667,0,0,1,0,0,1,0
12217,0,18,55,0,1,0,0,0,1,678.7222222222222,0,0,1,0,0,1,0
12140,1,10,55,0,1,0,0,0,1,1214.0,0,0,1,0,0,1,0
10730,0,15,55,0,1,0,0,0,1,715.3333333333334,0,0,1,0,0,1,0
14680,0,14,55,0,1,0,0,0,1,1048.5714285714287,0,0,1,0,0,1,0
11832,0,14,55,0,1,0,0,0,1,845.1428571428571,0,0,1,0,0,1,0
10364,0,18,60,1,0,0,1,0,0,575.7777777777778,0,0,1,0,0,1,0
11883,0,16,60,1,0,0,1,0,0,742.6875,0,0,1,0,0,1,0
9421,0,5,60,1,0,0,1,0,0,1884.2,0,0,1,0,0,1,0
9294,0,12,60,1,0,0,1,0,0,774.5,0,0,1,0,0,1,0
10922,0,11,60,1,0,0,1,0,0,992.9090909090909,0,0,1,0,0,1,0
10103,0,11,60,1,0,0,1,0,0,918.4545454545455,0,0,1,0,0,1,0
9684,0,14,53,0,0,0,0,0,0,691.7142857142857,0,0,1,0,0,1,0
9385,0,16,53,0,0,0,0,0,0,586.5625,0,0,1,0,0,1,0
11085,0,18,53,0,0,0,0,0,0,615.8333333333334,0,0,1,0,0,1,0
10025,0,9,53,0,0,0,0,0,0,1113.888888888889,0,0,1,0,0,1,0
10452,0,14,53,0,0,0,0,0,0,746.5714285714286,0,0,1,0,0,1,0
13068,1,11,53,0,0,0,0,0,0,1188.0,0,0,1,0,0,1,0
14767,0,9,53,0,0,0,0,0,0,1640.7777777777778,0,0,1,0,0,1,0
10537,0,9,53,0,0,0,0,0,0,1170.7777777777778,0,0,1,0,0,1,0
18075,0,20,53,0,0,0,0,0,0,903.75,0,0,1,0,0,1,0
9150,0,12,53,0,0,0,0,0,0,762.5,0,0,1,0,0,1,0
16029,1,24,22,0,0,0,1,0,0,667.875,0,0,1,1,0,0,0
10912,0,14,22,0,0,0,1,0,0,779.4285714285714,0,0,1,1,0,0,0
15282,0,18,22,0,0,0,1,0,0,849.0,0,0,1,1,0,0,0
10659,0,14,22,0,0,0,1,0,0,761.3571428571429,0,0,1,1,0,0,0
9994,0,8,22,0,0,0,1,0,0,1249.25,0,0,1,1,0,0,0
9156,0,14,22,0,0,0,1,0,0,654.0,0,0,1,1,0,0,0
9755,0,10,22,0,0,0,1,0,0,975.5,0,0,1,1,0,0,0
11885,0,14,22,0,0,0,1,0,0,848.9285714285714,0,0,1,1,0,0,0
13375,0,13,22,0,0,0,1,0,0,1028.8461538461538,0,0,1,1,0,0,0
10187,0,9,27,0,0,0,0,0,0,1131.888888888889,0,0,1,0,1,0,0
9905,1,17,27,0,0,0,0,0,0,582.6470588235294,0,0,1,0,1,0,0
9451,1,14,27,0,0,0,0,0,0,675.0714285714286,1,0,0,0,1,0,0
10100,0,19,27,0,0,0,0,0,0,531.578947368421,0,0,1,0,1,0,0
10682,1,20,27,0,0,0,0,0,0,534.1,0,0,1,0,1,0,0
9409,0,16,44,1,0,0,0,0,0,588.0625,0,0,1,0,1,0,0
14792,0,11,44,1,0,0,0,0,0,1344.7272727272727,0,0,1,0,1,0,0
10312,0,8,44,1,0,0,0,0,0,1289.0,0,0,1,0,1,0,0
12101,0,14,44,1,0,0,0,0,0,864.3571428571429,0,0,1,0,1,0,0
10649,0,13,44,1,0,0,0,0,0,819.1538461538462,0,0,1,0,1,0,0
12430,0,8,44,1,0,0,0,0,0,1553.75,0,0,1,0,1,0,0
12506,0,12,44,1,0,0,0,0,0,1042.1666666666667,0,0,1,0,1,0,0
10252,0,16,43,1,0,0,1,0,0,640.75,0,0,1,0,1,0,0
9513,0,12,43,1,0,0,1,0,0,792.75,0,0,1,0,1,0,0
11111,0,11,43,1,0,0,1,0,0,1010.0909090909091,0,0,1,0,1,0,0
10578,0,11,41,1,0,0,0,1,0,961.6363636363636,0,0,1,0,1,0,0
12320,0,11,76,0,0,0,0,0,0,1120.0,0,1,0,0,0,0,1
14063,0,13,76,0,0,0,0,0,0,1081.7692307692307,0,0,1,0,0,0,1
12466,0,8,74,0,1,0,0,0,1,1558.25,0,0,1,0,0,0,1
11992,0,11,74,0,1,0,0,0,1,1090.1818181818182,0,0,1,0,0,0,1
9543,0,16,74,0,1,0,0,0,1,596.4375,0,0,1,0,0,0,1
9706,0,18,74,0,1,0,0,0,1,539.2222222222222,0,0,1,0,0,0,1
9942,0,13,48,0,0,0,0,0,0,764.7692307692307,0,0,1,0,0,1,0
10300,0,12,48,0,0,0,0,0,0,858.3333333333334,0,0,1,0,0,1,0
10812,0,12,48,0,0,0,0,0,0,901.0,0,0,1,0,0,1,0
11134,0,18,48,0,0,0,0,0,0,618.5555555555555,0,0,1,0,0,1,0
13540,0,15,48,0,0,0,0,0,0,902.6666666666666,0,0,1,0,0,1,0
9368,0,21,48,0,0,0,0,0,0,446.0952380952381,0,0,1,0,0,1,0
12409,1,15,65,0,0,0,1,0,0,827.2666666666667,0,0,1,0,0,0,1
9194,0,21,65,0,0,0,1,0,0,437.8095238095238,0,0,1,0,0,0,1
9663,0,16,19,0,0,0,0,0,0,603.9375,0,0,1,1,0,0,0
9610,0,11,62,1,1,0,1,0,1,873.6363636363636,0,0,1,0,0,1,0
12205,0,16,70,0,0,1,0,0,1,762.8125,0,0,1,0,0,0,1
10939,0,15,70,0,0,1,0,0,1,729.2666666666667,0,0,1,0,0,0,1
12343,1,19,70,0,0,1,0,0,1,649.6315789473684,0,0,1,0,0,0,1
9053,0,13,70,0,0,1,0,0,1,696.3846153846154,0,0,1,0,0,0,1
10319,0,12,70,0,0,1,0,0,1,859.9166666666666,0,0,1,0,0,0,1
9867,1,6,70,0,0,1,0,0,1,1644.5,0,0,1,0,0,0,1
13091,1,25,70,0,0,1,0,0,1,523.64,0,0,1,0,0,0,1
9428,0,21,65,0,1,0,0,0,1,448.95238095238096,0,0,1,0,0,0,1
10237,1,17,78,1,0,0,0,0,0,602.1764705882352,0,0,1,0,0,0,1
13202,0,6,78,1,0,0,0,0,0,2200.3333333333335,0,0,1,0,0,0,1
10600,1,8,23,1,0,0,0,0,0,1325.0,0,0,1,1,0,0,0
12980,1,11,23,1,0,0,0,0,0,1180.0,0,0,1,1,0,0,0
9038,0,8,23,1,0,0,0,0,0,1129.75,0,0,1,1,0,0,0
10374,0,9,23,1,0,0,0,0,0,1152.6666666666667,0,0,1,1,0,0,0
11741,1,14,23,1,0,0,0,0,0,838.6428571428571,0,0,1,1,0,0,0
9124,1,13,23,1,0,0,0,0,0,701.8461538461538,0,0,1,1,0,0,0
9040,0,12,41,1,0,0,0,0,0,753.3333333333334,0,0,1,0,1,0,0
11819,1,12,76,1,1,1,0,0,1,984.9166666666666,0,0,1,0,0,0,1
9007,0,9,76,1,1,1,0,0,1,1000.7777777777778,0,0,1,0,0,0,1
12172,1,10,76,1,1,1,0,0,1,1217.2,0,0,1,0,0,0,1
18314,0,3,76,1,1,1,0,0,1,6104.666666666667,0,0,1,0,0,0,1
9243,0,15,76,1,1,1,0,0,1,616.2,0,0,1,0,0,0,1
10614,1,17,76,1,1,1,0,0,1,624.3529411764706,0,0,1,0,0,0,1
9870,0,17,76,1,1,1,0,0,1,580.5882352941177,0,0,1,0,0,0,1
12142,0,18,76,1,1,1,0,0,1,674.5555555555555,0,0,1,0,0,0,1
10696,0,18,76,1,1,1,0,0,1,594.2222222222222,0,0,1,0,0,0,1
11872,0,22,36,1,1,0,1,0,1,539.6363636363636,0,0,1,0,1,0,0
9654,0,21,36,1,1,0,1,0,1,459.7142857142857,0,0,1,0,1,0,0
9853,0,19,36,1,1,0,1,0,1,518.578947368421,0,0,1,0,1,0,0
9765,0,10,36,1,1,0,1,0,1,976.5,0,0,1,0,1,0,0
11294,0,8,68,1,0,0,1,0,0,1411.75,0,0,1,0,0,0,1
13718,0,16,68,1,0,0,1,0,0,857.375,0,0,1,0,0,0,1
10780,0,14,68,1,0,0,1,0,0,770.0,0,0,1,0,0,0,1
13422,0,12,68,1,0,0,1,0,0,1118.5,0,0,1,0,0,0,1
9935,0,10,68,1,0,0,1,0,0,993.5,0,0,1,0,0,0,1
11164,0,18,68,1,0,0,1,0,0,620.2222222222222,0,0,1,0,0,0,1
9827,1,11,68,1,0,0,1,0,0,893.3636363636364,0,0,1,0,0,0,1
15972,1,11,68,1,0,0,1,0,0,1452.0,0,0,1,0,0,0,1
9204,0,12,24,0,0,0,0,0,0,767.0,0,0,1,1,0,0,0
9315,0,11,24,0,0,0,0,0,0,846.8181818181819,0,0,1,1,0,0,0
11029,0,18,24,0,0,0,0,0,0,612.7222222222222,0,0,1,1,0,0,0
11980,1,13,24,0,0,0,0,0,0,921.5384615384615,0,0,1,1,0,0,0
11752,1,14,30,0,1,0,0,0,1,839.4285714285714,0,0,1,0,1,0,0
11222,1,19,84,0,1,0,0,0,1,590.6315789473684,0,0,1,0,0,0,1
9521,0,16,67,0,0,0,0,0,0,595.0625,0,0,1,0,0,0,1
10172,0,9,67,0,0,0,0,0,0,1130.2222222222222,0,0,1,0,0,0,1
10821,0,7,32,0,0,0,0,0,0,1545.857142857143,0,0,1,0,1,0,0
9253,0,11,18,1,0,0,0,0,0,841.1818181818181,0,0,1,1,0,0,0
9733,0,15,18,1,0,0,0,0,0,648.8666666666667,0,0,1,1,0,0,0
9850,0,16,63,0,1,0,0,1,1,615.625,0,0,1,0,0,1,0
15156,0,16,38,1,0,0,0,0,0,947.25,0,0,1,0,1,0,0
12339,0,14,38,1,0,0,0,0,0,881.3571428571429,0,0,1,0,1,0,0
13529,0,13,38,1,0,0,0,0,0,1040.6923076923076,0,0,1,0,1,0,0
14652,0,15,38,1,0,0,0,0,0,976.8,0,0,1,0,1,0,0
18975,0,14,38,1,0,0,0,0,0,1355.357142857143,0,0,1,0,1,0,0
14590,1,8,38,1,0,0,0,0,0,1823.75,0,0,1,0,1,0,0
16284,0,38,38,1,0,0,0,0,0,428.5263157894737,0,0,1,0,1,0,0
17031,1,14,38,1,0,0,0,0,0,1216.5,0,0,1,0,1,0,0
11207,0,13,38,1,0,0,0,0,0,862.0769230769231,0,0,1,0,1,0,0
11316,0,20,24,1,0,1,0,0,1,565.8,0,0,1,1,0,0,0
15184,0,23,24,1,0,1,0,0,1,660.1739130434783,0,0,1,1,0,0,0
11243,0,15,24,1,0,1,0,0,1,749.5333333333333,0,0,1,1,0,0,0
12450,0,13,24,1,0,1,0,0,1,957.6923076923077,0,0,1,1,0,0,0
11721,0,6,24,1,0,1,0,0,1,1953.5,0,0,1,1,0,0,0
12578,0,14,24,1,0,1,0,0,1,898.4285714285714,0,0,1,1,0,0,0
12576,1,7,24,1,0,1,0,0,1,1796.5714285714287,0,0,1,1,0,0,0
10979,0,14,24,1,0,1,0,0,1,784.2142857142857,0,0,1,1,0,0,0
11763,1,19,24,1,0,1,0,0,1,619.1052631578947,0,0,1,1,0,0,0
10540,0,17,24,1,0,1,0,0,1,620.0,0,0,1,1,0,0,0
9514,0,9,24,1,0,1,0,0,1,1057.111111111111,0,0,1,1,0,0,0
17394,1,12,85,0,0,0,1,0,0,1449.5,0,0,1,0,0,0,1
10370,1,14,85,0,0,0,1,0,0,740.7142857142857,0,0,1,0,0,0,1
14794,0,13,85,0,0,0,1,0,0,1138.0,0,0,1,0,0,0,1
11075,1,10,85,0,0,0,1,0,0,1107.5,0,0,1,0,0,0,1
13153,0,13,85,0,0,0,1,0,0,1011.7692307692307,0,0,1,0,0,0,1
12069,0,13,85,0,0,0,1,0,0,928.3846153846154,0,0,1,0,0,0,1
15417,0,5,85,0,0,0,1,0,0,3083.4,0,0,1,0,0,0,1
10695,1,10,85,0,0,0,1,0,0,1069.5,0,0,1,0,0,0,1
11793,1,10,85,0,0,0,1,0,0,1179.3,0,0,1,0,0,0,1
23490,0,12,68,0,0,0,0,0,0,1957.5,0,0,1,0,0,0,1
9170,0,19,68,0,0,0,0,0,0,482.63157894736844,0,0,1,0,0,0,1
13670,0,10,68,0,0,0,0,0,0,1367.0,0,0,1,0,0,0,1
12444,0,19,68,0,0,0,0,0,0,654.9473684210526,0,0,1,0,0,0,1
11036,0,13,68,0,0,0,0,0,0,848.9230769230769,0,0,1,0,0,0,1
9238,0,17,68,0,0,0,0,0,0,543.4117647058823,0,0,1,0,0,0,1
13088,0,12,47,1,0,0,0,0,0,1090.6666666666667,0,0,1,0,0,1,0
11708,0,15,47,1,0,0,0,0,0,780.5333333333333,0,0,1,0,0,1,0
10389,1,13,47,1,0,0,0,0,0,799.1538461538462,0,0,1,0,0,1,0
14855,0,15,47,1,0,0,0,0,0,990.3333333333334,0,0,1,0,0,1,0
14449,0,9,47,1,0,0,0,0,0,1605.4444444444443,0,0,1,0,0,1,0
12066,0,18,47,1,0,0,0,0,0,670.3333333333334,0,0,1,0,0,1,0
10818,0,16,47,1,0,0,0,0,0,676.125,0,0,1,0,0,1,0
11971,1,16,47,1,0,0,0,0,0,748.1875,0,0,1,0,0,1,0
20608,0,11,47,1,0,0,0,0,0,1873.4545454545455,0,0,1,0,0,1,0
11866,0,14,47,1,0,0,0,0,0,847.5714285714286,0,0,1,0,0,1,0
16056,0,13,22,1,0,0,0,0,0,1235.076923076923,0,0,1,1,0,0,0
9628,1,11,22,1,0,0,0,0,0,875.2727272727273,0,0,1,1,0,0,0
9248,0,9,53,1,0,0,1,0,0,1027.5555555555557,0,0,1,0,0,1,0
10423,1,10,53,1,0,0,1,0,0,1042.3,0,0,1,0,0,1,0
9529,0,12,62,0,0,1,0,0,1,794.0833333333334,0,0,1,0,0,1,0
9225,0,14,62,0,0,1,0,0,1,658.9285714285714,0,0,1,0,0,1,0
11025,0,7,62,0,0,1,0,0,1,1575.0,0,0,1,0,0,1,0
10381,0,14,62,0,0,1,0,0,1,741.5,0,0,1,0,0,1,0
10429,0,11,62,0,0,1,0,0,1,948.0909090909091,0,0,1,0,0,1,0
11328,0,15,62,0,0,1,0,0,1,755.2,0,0,1,0,0,1,0
16566,0,18,62,0,0,1,0,0,1,920.3333333333334,0,0,1,0,0,1,0
13457,0,15,62,0,0,1,0,0,1,897.1333333333333,0,0,1,0,0,1,0
13793,0,17,62,0,0,1,0,0,1,811.3529411764706,0,0,1,0,0,1,0
9528,1,13,26,0,0,0,0,0,0,732.9230769230769,0,0,1,0,1,0,0
14493,1,20,26,0,0,0,0,0,0,724.65,0,0,1,0,1,0,0
9246,0,12,26,0,0,0,0,0,0,770.5,0,0,1,0,1,0,0
9263,0,11,26,0,0,0,0,0,0,842.0909090909091,0,0,1,0,1,0,0
10306,0,11,26,1,0,0,1,1,0,936.9090909090909,0,0,1,0,1,0,0
12696,1,14,75,0,0,0,0,0,0,906.8571428571429,0,0,1,0,0,0,1
14284,0,13,75,0,0,0,0,0,0,1098.7692307692307,0,0,1,0,0,0,1
9334,1,15,75,0,0,0,0,0,0,622.2666666666667,0,0,1,0,0,0,1
10589,0,10,75,0,0,0,0,0,0,1058.9,0,0,1,0,0,0,1
10551,0,14,79,1,0,0,1,0,0,753.6428571428571,0,0,1,0,0,0,1
9741,1,9,79,1,0,0,1,0,0,1082.3333333333333,0,0,1,0,0,0,1
14527,1,6,79,1,0,0,1,0,0,2421.1666666666665,0,0,1,0,0,0,1
14541,0,11,50,1,0,0,0,0,0,1321.909090909091,0,0,1,0,0,1,0
16665,0,11,50,1,0,0,0,0,0,1515.0,0,0,1,0,0,1,0
13329,0,12,50,1,0,0,0,0,0,1110.75,0,0,1,0,0,1,0
14190,0,18,50,1,0,0,0,0,0,788.3333333333334,0,0,1,0,0,1,0
12345,0,12,50,1,0,0,0,0,0,1028.75,0,0,1,0,0,1,0
12864,0,12,41,1,0,0,0,0,0,1072.0,0,0,1,0,1,0,0
9222,0,10,41,1,0,0,0,0,0,922.2,0,0,1,0,1,0,0
11375,0,11,41,1,0,0,0,0,0,1034.090909090909,0,0,1,0,1,0,0
9787,0,11,41,1,0,0,0,0,0,889.7272727272727,0,0,1,0,1,0,0
10228,0,15,41,1,0,0,0,0,0,681.8666666666667,0,0,1,0,1,0,0
11849,0,19,41,1,0,0,0,0,0,623.6315789473684,0,0,1,0,1,0,0
13523,1,10,41,1,0,0,0,0,0,1352.3,0,0,1,0,1,0,0
9541,0,17,41,1,0,0,0,0,0,561.2352941176471,0,0,1,0,1,0,0
9511,1,11,78,1,0,0,1,0,0,864.6363636363636,0,0,1,0,0,0,1
10727,0,13,78,1,0,0,1,0,0,825.1538461538462,0,0,1,0,0,0,1
10201,0,8,78,1,0,0,1,0,0,1275.125,0,0,1,0,0,0,1
19101,0,18,60,1,0,0,0,0,0,1061.1666666666667,0,0,1,0,0,1,0
12458,0,10,60,1,0,0,0,0,0,1245.8,0,0,1,0,0,1,0
12739,0,15,60,1,0,0,0,0,0,849.2666666666667,0,0,1,0,0,1,0
11676,0,18,60,1,0,0,0,0,0,648.6666666666666,0,0,1,0,0,1,0
14760,0,16,60,1,0,0,0,0,0,922.5,0,0,1,0,0,1,0
13785,0,18,25,0,0,0,1,0,0,765.8333333333334,0,0,1,0,1,0,0
11430,0,13,48,0,0,0,1,0,0,879.2307692307693,0,0,1,0,0,1,0
11854,0,21,48,0,0,0,1,0,0,564.4761904761905,0,0,1,0,0,1,0
11005,0,16,48,0,0,0,1,0,0,687.8125,0,0,1,0,0,1,0
10489,0,13,48,0,0,0,1,0,0,806.8461538461538,0,0,1,0,0,1,0
10249,0,15,48,0,0,0,1,0,0,683.2666666666667,0,0,1,0,0,1,0
12093,1,16,80,0,0,0,0,1,0,755.8125,0,0,1,0,0,0,1
20860,1,14,80,0,0,0,0,1,0,1490.0,0,0,1,0,0,0,1
11361,1,6,80,0,0,0,0,1,0,1893.5,0,0,1,0,0,0,1
9644,1,20,80,0,0,0,0,1,0,482.2,0,0,1,0,0,0,1
10795,0,15,20,0,0,0,1,0,0,719.6666666666666,0,0,1,1,0,0,0
12592,0,11,20,0,0,0,1,0,0,1144.7272727272727,0,0,1,1,0,0,0
11979,0,16,20,0,0,0,1,0,0,748.6875,0,0,1,1,0,0,0
17289,0,13,20,0,0,0,1,0,0,1329.923076923077,0,0,1,1,0,0,0
12019,0,14,20,0,0,0,1,0,0,858.5,0,0,1,1,0,0,0
10373,0,17,20,0,0,0,1,0,0,610.1764705882352,0,0,1,1,0,0,0
9357,0,16,57,1,0,0,0,0,0,584.8125,0,0,1,0,0,1,0
9637,1,17,68,0,0,0,0,0,0,566.8823529411765,0,0,1,0,0,0,1
13660,0,16,68,0,0,0,0,0,0,853.75,0,0,1,0,0,0,1
10571,0,14,68,0,0,0,0,0,0,755.0714285714286,0,0,1,0,0,0,1
11894,0,19,68,0,0,0,0,0,0,626.0,0,0,1,0,0,0,1
10711,0,12,68,0,0,0,0,0,0,892.5833333333334,0,0,1,0,0,0,1
9312,0,19,68,0,0,0,0,0,0,490.10526315789474,0,0,1,0,0,0,1
11431,0,8,68,0,0,0,0,0,0,1428.875,0,0,1,0,0,0,1
11655,1,17,68,0,0,0,0,0,0,685.5882352941177,0,0,1,0,0,0,1
12315,0,15,68,0,0,0,0,0,0,821.0,0,0,1,0,0,0,1
17379,1,19,68,0,0,0,0,0,0,914.6842105263158,0,0,1,0,0,0,1
9864,0,6,66,1,1,0,1,0,1,1644.0,0,0,1,0,0,0,1
9010,0,16,66,1,1,0,1,0,1,563.125,0,0,1,0,0,0,1
9572,1,14,18,0,0,0,0,0,0,683.7142857142857,0,0,1,1,0,0,0
10094,1,9,18,0,0,0,0,0,0,1121.5555555555557,0,0,1,1,0,0,0
12540,1,19,18,0,0,0,0,0,0,660.0,0,0,1,1,0,0,0
11205,1,14,18,0,0,0,0,0,0,800.3571428571429,0,0,1,1,0,0,0
18850,0,16,18,0,0,0,0,0,0,1178.125,0,0,1,1,0,0,0
10185,0,9,18,0,0,0,0,0,0,1131.6666666666667,0,0,1,1,0,0,0
11560,0,13,18,0,0,0,0,0,0,889.2307692307693,0,0,1,1,0,0,0
12295,0,19,18,0,0,0,0,0,0,647.1052631578947,0,0,1,1,0,0,0
15145,0,23,18,0,0,0,0,0,0,658.4782608695652,0,0,1,1,0,0,0
10757,0,25,42,1,1,0,0,0,1,430.28,0,0,1,0,1,0,0
11956,0,15,42,1,1,0,0,0,1,797.0666666666667,0,0,1,0,1,0,0
9069,0,10,42,1,1,0,0,0,1,906.9,0,0,1,0,1,0,0
9955,0,11,45,1,1,0,1,0,1,905.0,0,0,1,0,0,1,0
9304,0,15,45,1,1,0,1,0,1,620.2666666666667,0,0,1,0,0,1,0
13837,1,17,45,1,1,0,1,0,1,813.9411764705883,0,0,1,0,0,1,0
9172,0,9,45,1,1,0,1,0,1,1019.1111111111111,0,0,1,0,0,1,0
9812,0,11,33,1,0,0,0,0,0,892.0,0,0,1,0,1,0,0
9815,1,10,33,1,0,0,0,0,0,981.5,0,0,1,0,1,0,0
10687,0,10,33,1,0,0,0,0,0,1068.7,0,0,1,0,1,0,0
10124,0,12,33,1,0,0,0,0,0,843.6666666666666,0,0,1,0,1,0,0
12188,0,16,33,1,0,0,0,0,0,761.75,0,0,1,0,1,0,0
13018,0,14,33,1,0,0,0,0,0,929.8571428571429,0,0,1,0,1,0,0
9570,0,19,33,1,0,0,0,0,0,503.6842105263158,0,0,1,0,1,0,0
9462,0,12,44,1,0,0,1,1,0,788.5,0,0,1,0,1,0,0
9160,0,20,31,1,0,0,0,0,0,458.0,0,0,1,0,1,0,0
9331,0,11,31,1,0,0,0,0,0,848.2727272727273,0,0,1,0,1,0,0
11160,0,15,31,1,0,0,0,0,0,744.0,0,0,1,0,1,0,0
9027,0,8,31,1,0,0,0,0,0,1128.375,0,0,1,0,1,0,0
12818,0,9,20,1,0,0,1,1,0,1424.2222222222222,0,0,1,1,0,0,0
9572,1,19,20,1,0,0,1,1,0,503.7894736842105,0,0,1,1,0,0,0
13732,0,15,20,1,0,0,1,1,0,915.4666666666667,0,0,1,1,0,0,0
9819,0,9,20,1,0,0,1,1,0,1091.0,0,0,1,1,0,0,0
13192,0,15,20,1,0,0,1,1,0,879.4666666666667,0,0,1,1,0,0,0
11150,0,13,35,1,1,0,1,0,1,857.6923076923077,0,0,1,0,1,0,0
10717,0,10,35,1,1,0,1,0,1,1071.7,0,0,1,0,1,0,0
9736,0,15,35,1,1,0,1,0,1,649.0666666666667,0,0,1,0,1,0,0
13159,1,20,35,1,1,0,1,0,1,657.95,0,0,1,0,1,0,0
9203,0,13,35,1,1,0,1,0,1,707.9230769230769,0,0,1,0,1,0,0
9096,0,18,57,1,0,0,0,1,0,505.3333333333333,0,0,1,0,0,1,0
10940,0,14,32,0,0,0,1,0,0,781.4285714285714,0,0,1,0,1,0,0
11929,0,16,32,0,0,0,1,0,0,745.5625,0,0,1,0,1,0,0
10084,0,12,32,0,0,0,1,0,0,840.3333333333334,0,0,1,0,1,0,0
9831,1,13,32,0,0,0,1,0,0,756.2307692307693,0,0,1,0,1,0,0
16440,0,14,32,0,0,0,1,0,0,1174.2857142857142,0,0,1,0,1,0,0
9083,0,11,32,0,0,0,1,0,0,825.7272727272727,0,0,1,0,1,0,0
9107,0,18,69,1,1,0,0,0,1,505.94444444444446,0,0,1,0,0,0,1
10910,0,14,57,0,0,0,0,0,0,779.2857142857143,0,0,1,0,0,1,0
9028,0,17,57,0,0,0,0,0,0,531.0588235294117,0,0,1,0,0,1,0
9553,0,12,57,0,0,0,0,0,0,796.0833333333334,0,0,1,0,0,1,0
12175,1,9,57,0,0,0,0,0,0,1352.7777777777778,0,0,1,0,0,1,0
11815,0,13,57,0,0,0,0,0,0,908.8461538461538,0,0,1,0,0,1,0
10518,0,10,57,0,0,0,0,0,0,1051.8,0,0,1,0,0,1,0
12475,0,10,57,0,0,0,0,0,0,1247.5,0,0,1,0,0,1,0
11156,0,10,57,0,0,0,0,0,0,1115.6,0,0,1,0,0,1,0
12266,0,17,57,0,0,0,0,0,0,721.5294117647059,0,0,1,0,0,1,0
9074,1,9,18,0,0,0,1,0,0,1008.2222222222222,0,0,1,1,0,0,0
10473,0,15,18,0,0,0,1,0,0,698.2,0,0,1,1,0,0,0
9903,0,5,30,1,0,0,0,0,0,1980.6,0,0,1,0,1,0,0
10322,0,15,30,1,0,0,0,0,0,688.1333333333333,0,0,1,0,1,0,0
9718,0,12,30,1,0,0,0,0,0,809.8333333333334,0,0,1,0,1,0,0
9778,0,15,30,1,0,0,0,0,0,651.8666666666667,0,0,1,0,1,0,0
11425,0,16,30,1,0,0,0,0,0,714.0625,0,0,1,0,1,0,0
16823,1,13,30,1,0,0,0,0,0,1294.076923076923,0,0,1,0,1,0,0
13834,0,10,30,1,0,0,0,0,0,1383.4,0,0,1,0,1,0,0
10569,0,8,30,1,0,0,0,0,0,1321.125,0,0,1,0,1,0,0
13850,0,12,30,1,0,0,0,0,0,1154.1666666666667,0,0,1,0,1,0,0
10543,0,15,79,1,0,0,1,0,0,702.8666666666667,0,0,1,0,0,0,1
10991,0,15,79,1,0,0,1,0,0,732.7333333333333,0,0,1,0,0,0,1
14221,0,23,44,0,0,0,1,1,0,618.304347826087,0,0,1,0,1,0,0
12632,0,13,44,0,0,0,1,1,0,971.6923076923077,0,0,1,0,1,0,0
12088,1,15,44,0,0,0,1,1,0,805.8666666666667,0,0,1,0,1,0,0
12688,0,12,44,0,0,0,1,1,0,1057.3333333333333,0,0,1,0,1,0,0
11411,0,9,44,0,0,0,1,1,0,1267.888888888889,0,0,1,0,1,0,0
13133,1,10,44,0,0,0,1,1,0,1313.3,0,0,1,0,1,0,0
11035,0,15,33,0,0,0,0,0,0,735.6666666666666,0,0,1,0,1,0,0
12721,0,12,33,0,0,0,0,0,0,1060.0833333333333,0,0,1,0,1,0,0
9973,0,16,33,0,0,0,0,0,0,623.3125,0,0,1,0,1,0,0
16310,1,7,74,0,0,1,0,0,1,2330.0,0,0,1,0,0,0,1
11367,0,10,74,0,0,1,0,0,1,1136.7,0,0,1,0,0,0,1
9482,1,19,74,0,0,1,0,0,1,499.05263157894734,0,0,1,0,0,0,1
10172,0,13,74,0,0,1,0,0,1,782.4615384615385,0,0,1,0,0,0,1
11616,0,10,77,1,0,0,0,1,0,1161.6,0,0,1,0,0,0,1
12409,0,11,77,1,0,0,0,1,0,1128.090909090909,0,0,1,0,0,0,1
10711,0,10,77,1,0,0,0,1,0,1071.1,0,0,1,0,0,0,1
9411,1,11,77,1,0,0,0,1,0,855.5454545454545,0,0,1,0,0,0,1
12611,0,18,77,1,0,0,0,1,0,700.6111111111111,0,0,1,0,0,0,1
16904,0,15,77,1,0,0,0,1,0,1126.9333333333334,0,0,1,0,0,0,1
10333,0,7,59,0,0,0,1,0,0,1476.142857142857,0,0,1,0,0,1,0
10358,0,15,59,0,0,0,1,0,0,690.5333333333333,0,0,1,0,0,1,0
12756,0,14,59,0,0,0,1,0,0,911.1428571428571,0,0,1,0,0,1,0
11426,1,16,59,0,0,0,1,0,0,714.125,0,0,1,0,0,1,0
10215,0,12,59,0,0,0,1,0,0,851.25,0,0,1,0,0,1,0
15522,0,17,59,0,0,0,1,0,0,913.0588235294117,0,0,1,0,0,1,0
9423,0,11,72,0,0,0,0,0,0,856.6363636363636,0,0,1,0,0,0,1
13826,1,10,72,0,0,0,0,0,0,1382.6,0,0,1,0,0,0,1
12746,0,11,75,1,0,0,1,0,0,1158.7272727272727,0,0,1,0,0,0,1
14078,0,24,75,1,0,0,1,0,0,586.5833333333334,0,0,1,0,0,0,1
15997,0,22,75,1,0,0,1,0,0,727.1363636363636,0,0,1,0,0,0,1
12797,0,9,75,1,0,0,1,0,0,1421.888888888889,0,0,1,0,0,0,1
11239,0,20,75,1,0,0,1,0,0,561.95,0,0,1,0,0,0,1
10912,1,11,75,1,0,0,1,0,0,992.0,0,0,1,0,0,0,1
11760,0,13,75,1,0,0,1,0,0,904.6153846153846,0,0,1,0,0,0,1
12737,0,14,75,1,0,0,1,0,0,909.7857142857143,0,0,1,0,0,0,1
9848,0,9,51,0,0,0,1,1,0,1094.2222222222222,0,0,1,0,0,1,0
9448,0,13,51,0,0,0,1,1,0,726.7692307692307,0,0,1,0,0,1,0
13276,0,8,51,0,0,0,1,1,0,1659.5,0,0,1,0,0,1,0
10496,0,21,29,0,0,0,1,0,0,499.8095238095238,0,0,1,0,1,0,0
9570,0,14,22,1,0,0,1,0,0,683.5714285714286,0,0,1,1,0,0,0
9964,0,11,32,0,0,1,0,0,1,905.8181818181819,0,0,1,0,1,0,0
9547,0,17,65,1,0,0,0,0,0,561.5882352941177,0,0,1,0,0,0,1
10989,0,19,65,1,0,0,0,0,0,578.3684210526316,0,0,1,0,0,0,1
10913,0,18,65,1,0,0,0,0,0,606.2777777777778,0,0,1,0,0,0,1
16954,0,18,65,1,0,0,0,0,0,941.8888888888889,0,0,1,0,0,0,1
11324,1,18,65,1,0,0,0,0,0,629.1111111111111,0,0,1,0,0,0,1
9204,0,19,65,1,0,0,0,0,0,484.42105263157896,0,0,1,0,0,0,1
11356,1,10,65,1,0,0,0,0,0,1135.6,0,0,1,0,0,0,1
12622,0,23,65,1,0,0,0,0,0,548.7826086956521,0,0,1,0,0,0,1
11268,0,12,65,1,0,0,0,0,0,939.0,0,0,1,0,0,0,1
9160,0,11,65,1,0,0,0,0,0,832.7272727272727,0,0,1,0,0,0,1
9224,0,14,54,1,0,0,0,1,0,658.8571428571429,0,0,1,0,0,1,0
12348,0,16,54,1,0,0,0,1,0,771.75,0,0,1,0,0,1,0
9259,1,21,54,1,0,0,0,1,0,440.9047619047619,0,0,1,0,0,1,0
9924,1,13,54,1,0,0,0,1,0,763.3846153846154,0,0,1,0,0,1,0
11959,0,9,54,1,0,0,0,1,0,1328.7777777777778,0,0,1,0,0,1,0
10977,0,13,23,0,0,0,0,0,0,844.3846153846154,0,0,1,1,0,0,0
14674,0,20,23,0,0,0,0,0,0,733.7,0,0,1,1,0,0,0
13303,0,17,23,0,0,0,0,0,0,782.5294117647059,0,0,1,1,0,0,0
9504,1,13,23,0,0,0,0,0,0,731.0769230769231,0,0,1,1,0,0,0
11850,0,14,23,0,0,0,0,0,0,846.4285714285714,0,0,1,1,0,0,0
10249,1,13,23,0,0,0,0,0,0,788.3846153846154,0,0,1,1,0,0,0
10664,0,15,35,1,1,0,1,0,1,710.9333333333333,0,0,1,0,1,0,0
10412,0,12,37,0,0,0,0,0,0,867.6666666666666,0,0,1,0,1,0,0
12205,0,12,37,0,0,0,0,0,0,1017.0833333333334,0,0,1,0,1,0,0
12501,0,17,37,0,0,0,0,0,0,735.3529411764706,0,0,1,0,1,0,0
12662,0,14,37,0,0,0,0,0,0,904.4285714285714,0,0,1,0,1,0,0
9963,0,11,37,0,0,0,0,0,0,905.7272727272727,0,0,1,0,1,0,0
12786,0,13,68,0,0,1,1,0,1,983.5384615384615,0,0,1,0,0,0,1
13583,1,6,68,0,0,1,1,0,1,2263.8333333333335,0,0,1,0,0,0,1
12523,0,12,68,0,0,1,1,0,1,1043.5833333333333,0,0,1,0,0,0,1
11092,0,16,68,0,0,1,1,0,1,693.25,0,0,1,0,0,0,1
12903,0,23,68,0,0,1,1,0,1,561.0,0,0,1,0,0,0,1
12935,0,16,68,0,0,1,1,0,1,808.4375,0,0,1,0,0,0,1
9087,0,20,68,0,0,1,1,0,1,454.35,0,0,1,0,0,0,1
9147,0,14,49,0,0,0,1,0,0,653.3571428571429,0,0,1,0,0,1,0
14928,0,8,49,0,0,0,1,0,0,1866.0,0,0,1,0,0,1,0
10197,0,4,49,0,0,0,1,0,0,2549.25,0,0,1,0,0,1,0
9293,0,16,60,0,0,1,0,0,1,580.8125,0,0,1,0,0,1,0
10878,1,8,39,1,1,0,0,0,1,1359.75,0,0,1,0,1,0,0
9276,0,8,39,1,1,0,0,0,1,1159.5,0,0,1,0,1,0,0
16286,0,6,39,1,1,0,0,0,1,2714.3333333333335,0,0,1,0,1,0,0
13452,0,10,39,1,1,0,0,0,1,1345.2,0,0,1,0,1,0,0
9597,0,14,39,1,1,0,0,0,1,685.5,0,0,1,0,1,0,0
10308,0,11,50,0,0,0,0,0,0,937.0909090909091,0,0,1,0,0,1,0
11790,0,15,50,0,0,0,0,0,0,786.0,0,0,1,0,0,1,0
10626,0,21,50,0,0,0,0,0,0,506.0,0,0,1,0,0,1,0
10875,0,11,50,0,0,0,0,0,0,988.6363636363636,0,0,1,0,0,1,0
12135,0,11,50,0,0,0,0,0,0,1103.1818181818182,0,0,1,0,0,1,0
10052,0,14,74,0,1,0,1,0,1,718.0,0,0,1,0,0,0,1
13395,1,20,74,0,1,0,1,0,1,669.75,0,0,1,0,0,0,1
12290,0,25,74,0,1,0,1,0,1,491.6,0,0,1,0,0,0,1
9706,0,10,37,0,0,0,0,0,0,970.6,0,0,1,0,1,0,0
10035,0,17,37,0,0,0,0,0,0,590.2941176470588,0,0,1,0,1,0,0
11764,0,19,37,0,0,0,0,0,0,619.1578947368421,0,0,1,0,1,0,0
10045,0,18,37,0,0,0,0,0,0,558.0555555555555,0,0,1,0,1,0,0
10743,1,16,85,1,0,0,1,1,0,671.4375,0,0,1,0,0,0,1
9546,1,12,85,1,0,0,1,1,0,795.5,0,0,1,0,0,0,1
12867,0,9,85,1,0,0,1,1,0,1429.6666666666667,0,0,1,0,0,0,1
11566,1,22,85,1,0,0,1,1,0,525.7272727272727,0,0,1,0,0,0,1
10946,1,11,85,1,0,0,1,1,0,995.0909090909091,0,0,1,0,0,0,1
12462,1,18,85,1,0,0,1,1,0,692.3333333333334,0,0,1,0,0,0,1
11024,0,21,85,1,0,0,1,1,0,524.952380952381,0,0,1,0,0,0,1
12198,1,12,85,1,0,0,1,1,0,1016.5,0,0,1,0,0,0,1
11148,0,17,85,1,0,0,1,1,0,655.7647058823529,0,0,1,0,0,0,1
10455,0,13,57,0,0,0,0,0,0,804.2307692307693,0,0,1,0,0,1,0
9573,1,6,57,0,0,0,0,0,0,1595.5,0,0,1,0,0,1,0
12362,0,17,57,0,0,0,0,0,0,727.1764705882352,0,0,1,0,0,1,0
14061,0,14,57,0,0,0,0,0,0,1004.3571428571429,0,0,1,0,0,1,0
10735,0,17,57,0,0,0,0,0,0,631.4705882352941,0,0,1,0,0,1,0
11352,0,18,57,0,0,0,0,0,0,630.6666666666666,0,0,1,0,0,1,0
10822,0,12,57,0,0,0,0,0,0,901.8333333333334,0,0,1,0,0,1,0
10877,0,18,57,0,0,0,0,0,0,604.2777777777778,0,0,1,0,0,1,0
9509,0,18,69,1,1,0,1,0,1,528.2777777777778,0,0,1,0,0,0,1
9177,1,16,69,1,1,0,1,0,1,573.5625,0,0,1,0,0,0,1
14899,0,12,69,1,1,0,1,0,1,1241.5833333333333,0,0,1,0,0,0,1
9243,1,16,69,1,1,0,1,0,1,577.6875,0,0,1,0,0,0,1
12758,0,7,69,1,1,0,1,0,1,1822.5714285714287,0,0,1,0,0,0,1
17975,0,14,69,1,1,0,1,0,1,1283.9285714285713,0,0,1,0,0,0,1
14195,0,16,69,1,1,0,1,0,1,887.1875,0,0,1,0,0,0,1
10554,1,19,69,1,1,0,1,0,1,555.4736842105264,0,0,1,0,0,0,1
12749,0,23,69,1,1,0,1,0,1,554.304347826087,0,0,1,0,0,0,1
15306,0,20,69,1,1,0,1,0,1,765.3,0,0,1,0,0,0,1
14707,0,10,69,1,1,0,1,0,1,1470.7,0,0,1,0,0,0,1
11342,0,13,44,1,1,0,1,1,1,872.4615384615385,0,0,1,0,1,0,0
14859,0,16,44,1,1,0,1,1,1,928.6875,0,0,1,0,1,0,0
10962,0,17,44,1,1,0,1,1,1,644.8235294117648,0,0,1,0,1,0,0
9786,0,8,44,1,1,0,1,1,1,1223.25,0,0,1,0,1,0,0
19556,0,14,44,1,1,0,1,1,1,1396.857142857143,0,0,1,0,1,0,0
10611,0,7,44,1,1,0,1,1,1,1515.857142857143,0,0,1,0,1,0,0
9888,0,13,44,1,1,0,1,1,1,760.6153846153846,0,0,1,0,1,0,0
9158,0,10,60,1,0,0,0,0,0,915.8,0,0,1,0,0,1,0
12302,0,19,60,1,0,0,0,0,0,647.4736842105264,0,0,1,0,0,1,0
9296,0,18,28,1,1,0,0,0,1,516.4444444444445,0,0,1,0,1,0,0
10409,0,13,35,0,0,0,0,0,0,800.6923076923077,0,0,1,0,1,0,0
12231,0,20,35,0,0,0,0,0,0,611.55,0,0,1,0,1,0,0
10513,0,13,35,0,0,0,0,0,0,808.6923076923077,0,0,1,0,1,0,0
10068,0,9,68,1,0,0,0,0,0,1118.6666666666667,0,0,1,0,0,0,1
11093,1,13,81,0,0,0,1,0,0,853.3076923076923,0,0,1,0,0,0,1
9989,0,18,81,0,0,0,1,0,0,554.9444444444445,0,0,1,0,0,0,1
11194,0,14,29,1,0,0,0,0,0,799.5714285714286,0,0,1,0,1,0,0
10200,0,7,29,1,0,0,0,0,0,1457.142857142857,0,0,1,0,1,0,0
9350,1,7,29,1,0,0,0,0,0,1335.7142857142858,0,0,1,0,1,0,0
9432,0,13,29,1,0,0,0,0,0,725.5384615384615,0,0,1,0,1,0,0
14541,0,13,29,1,0,0,0,0,0,1118.5384615384614,0,0,1,0,1,0,0
12096,0,14,29,1,0,0,0,0,0,864.0,0,0,1,0,1,0,0
11083,0,12,29,1,0,0,0,0,0,923.5833333333334,0,0,1,0,1,0,0
11447,0,17,19,1,0,0,0,0,0,673.3529411764706,0,0,1,1,0,0,0
10489,0,15,19,1,0,0,0,0,0,699.2666666666667,0,0,1,1,0,0,0
11065,0,16,19,1,0,0,0,0,0,691.5625,0,0,1,1,0,0,0
15991,0,11,19,1,0,0,0,0,0,1453.7272727272727,0,0,1,1,0,0,0
20328,0,13,19,1,0,0,0,0,0,1563.6923076923076,0,0,1,1,0,0,0
10925,1,14,19,1,0,0,0,0,0,780.3571428571429,0,0,1,1,0,0,0
13096,0,15,19,1,0,0,0,0,0,873.0666666666667,0,0,1,1,0,0,0
13746,1,12,19,1,0,0,0,0,0,1145.5,0,0,1,1,0,0,0
9810,1,18,19,1,0,0,0,0,0,545.0,0,0,1,1,0,0,0
12008,0,15,19,1,0,0,0,0,0,800.5333333333333,0,0,1,1,0,0,0
9358,0,12,18,1,0,0,1,0,0,779.8333333333334,0,0,1,1,0,0,0
9721,0,10,35,1,0,0,0,0,0,972.1,0,0,1,0,1,0,0
11054,0,16,76,0,1,0,0,0,1,690.875,0,0,1,0,0,0,1
10635,1,17,76,0,1,0,0,0,1,625.5882352941177,0,0,1,0,0,0,1
14721,0,23,76,0,1,0,0,0,1,640.0434782608696,0,0,1,0,0,0,1
10497,0,12,76,0,1,0,0,0,1,874.75,0,0,1,0,0,0,1
13513,0,17,44,0,0,0,0,0,0,794.8823529411765,0,0,1,0,1,0,0
12348,0,19,44,0,0,0,0,0,0,649.8947368421053,0,0,1,0,1,0,0
13681,0,13,44,0,0,0,0,0,0,1052.3846153846155,0,0,1,0,1,0,0
13493,0,12,44,0,0,0,0,0,0,1124.4166666666667,0,0,1,0,1,0,0
10320,0,15,44,0,0,0,0,0,0,688.0,0,0,1,0,1,0,0
9806,0,8,44,0,0,0,0,0,0,1225.75,0,0,1,0,1,0,0
9309,0,21,32,0,0,0,0,0,0,443.2857142857143,0,0,1,0,1,0,0
9983,0,16,32,0,0,0,0,0,0,623.9375,0,0,1,0,1,0,0
10084,1,10,32,0,0,0,0,0,0,1008.4,0,0,1,0,1,0,0
10084,1,10,32,0,0,0,0,0,0,1008.4,0,0,1,0,1,0,0
11738,0,10,32,0,0,0,0,0,0,1173.8,0,0,1,0,1,0,0
10975,0,10,32,0,0,0,0,0,0,1097.5,0,0,1,0,1,0,0
10488,0,17,32,0,0,0,0,0,0,616.9411764705883,0,0,1,0,1,0,0
10616,0,14,24,1,1,0,0,0,1,758.2857142857143,0,0,1,1,0,0,0
18805,1,5,24,1,1,0,0,0,1,3761.0,0,0,1,1,0,0,0
10175,1,11,24,1,1,0,0,0,1,925.0,0,0,1,1,0,0,0
9568,1,14,24,1,1,0,0,0,1,683.4285714285714,0,0,1,1,0,0,0
10128,1,14,24,1,1,0,0,0,1,723.4285714285714,0,0,1,1,0,0,0
9179,0,17,24,1,1,0,0,0,1,539.9411764705883,0,0,1,1,0,0,0
10915,0,10,63,1,0,0,0,0,0,1091.5,0,0,1,0,0,1,0
11503,0,15,63,1,0,0,0,0,0,766.8666666666667,0,0,1,0,0,1,0
9772,0,13,63,1,0,0,0,0,0,751.6923076923077,0,0,1,0,0,1,0
10172,0,15,63,1,0,0,0,0,0,678.1333333333333,0,0,1,0,0,1,0
9445,0,5,63,1,0,0,0,0,0,1889.0,0,0,1,0,0,1,0
9048,0,18,63,1,0,0,0,0,0,502.6666666666667,0,0,1,0,0,1,0
14012,1,12,24,1,0,0,0,0,0,1167.6666666666667,0,0,1,1,0,0,0
9561,0,14,24,1,0,0,0,0,0,682.9285714285714,0,0,1,1,0,0,0
9853,0,9,24,1,0,0,0,0,0,1094.7777777777778,0,0,1,1,0,0,0
9496,1,14,24,1,0,0,0,0,0,678.2857142857143,0,0,1,1,0,0,0
9914,0,12,24,1,0,0,0,0,0,826.1666666666666,0,0,1,1,0,0,0
9439,0,11,24,1,0,0,0,0,0,858.0909090909091,0,0,1,1,0,0,0
9121,0,15,34,0,0,1,1,0,1,608.0666666666667,0,0,1,0,1,0,0
13739,1,12,34,0,0,1,1,0,1,1144.9166666666667,0,0,1,0,1,0,0
9245,0,13,34,0,0,1,1,0,1,711.1538461538462,0,0,1,0,1,0,0
9742,1,14,34,0,0,1,1,0,1,695.8571428571429,0,0,1,0,1,0,0
10061,0,10,34,0,0,1,1,0,1,1006.1,0,0,1,0,1,0,0
10138,0,13,34,0,0,1,1,0,1,779.8461538461538,0,0,1,0,1,0,0
10801,0,11,34,0,0,1,1,0,1,981.9090909090909,0,0,1,0,1,0,0
9273,0,9,34,0,0,1,1,0,1,1030.3333333333333,0,0,1,0,1,0,0
11519,0,20,34,0,0,1,1,0,1,575.95,0,0,1,0,1,0,0
11498,0,17,41,0,0,1,1,0,1,676.3529411764706,0,0,1,0,1,0,0
12969,0,13,41,0,0,1,1,0,1,997.6153846153846,0,0,1,0,1,0,0
13010,0,14,41,0,0,1,1,0,1,929.2857142857143,0,0,1,0,1,0,0
12205,0,9,41,0,0,1,1,0,1,1356.111111111111,0,0,1,0,1,0,0
11507,0,8,41,0,0,1,1,0,1,1438.375,0,0,1,0,1,0,0
18426,0,16,41,0,0,1,1,0,1,1151.625,0,0,1,0,1,0,0
10261,0,14,41,0,0,1,1,0,1,732.9285714285714,0,0,1,0,1,0,0
10924,0,16,41,0,0,1,1,0,1,682.75,0,0,1,0,1,0,0
11066,0,10,41,0,0,1,1,0,1,1106.6,0,0,1,0,1,0,0
13074,0,13,41,0,0,1,1,0,1,1005.6923076923077,0,0,1,0,1,0,0
10846,1,21,80,0,0,0,0,0,0,516.4761904761905,0,0,1,0,0,0,1
11700,0,15,80,0,0,0,0,0,0,780.0,0,0,1,0,0,0,1
17286,1,20,80,0,0,0,0,0,0,864.3,0,0,1,0,0,0,1
10473,0,10,57,1,0,0,1,0,0,1047.3,0,0,1,0,0,1,0
9409,0,16,57,1,0,0,1,0,0,588.0625,0,0,1,0,0,1,0
10212,1,15,57,1,0,0,1,0,0,680.8,0,0,1,0,0,1,0
11423,0,15,61,0,0,0,0,1,0,761.5333333333333,0,0,1,0,0,1,0
13795,0,12,61,0,0,0,0,1,0,1149.5833333333333,0,0,1,0,0,1,0
12527,0,18,61,0,0,0,0,1,0,695.9444444444445,0,0,1,0,0,1,0
11933,0,15,61,0,0,0,0,1,0,795.5333333333333,0,0,1,0,0,1,0
10449,0,13,61,0,0,0,0,1,0,803.7692307692307,0,0,1,0,0,1,0
10503,0,18,61,0,0,0,0,1,0,583.5,0,0,1,0,0,1,0
9413,0,17,32,1,0,0,0,0,0,553.7058823529412,0,0,1,0,1,0,0
11927,0,16,81,1,0,0,1,0,0,745.4375,0,0,1,0,0,0,1
15026,0,10,81,1,0,0,1,0,0,1502.6,0,0,1,0,0,0,1
11301,1,12,81,1,0,0,1,0,0,941.75,0,0,1,0,0,0,1
12794,0,18,81,1,0,0,1,0,0,710.7777777777778,0,0,1,0,0,0,1
11901,0,14,81,1,0,0,1,0,0,850.0714285714286,0,0,1,0,0,0,1
9734,0,16,81,1,0,0,1,0,0,608.375,0,0,1,0,0,0,1
14255,0,12,81,1,0,0,1,0,0,1187.9166666666667,0,0,1,0,0,0,1
9008,0,13,31,1,0,1,0,0,1,692.9230769230769,0,0,1,0,1,0,0
9008,0,17,28,0,0,0,1,0,0,529.8823529411765,0,0,1,0,1,0,0
11444,1,16,27,1,0,0,1,0,0,715.25,0,0,1,0,1,0,0
9691,0,13,27,1,0,0,1,0,0,745.4615384615385,0,0,1,0,1,0,0
10047,0,13,36,1,0,0,0,0,0,772.8461538461538,0,0,1,0,1,0,0
9329,0,13,36,1,0,0,0,0,0,717.6153846153846,0,0,1,0,1,0,0
15859,0,17,36,1,0,0,0,0,0,932.8823529411765,0,0,1,0,1,0,0
10641,0,8,36,1,0,0,0,0,0,1330.125,0,0,1,0,1,0,0
9139,0,12,36,1,0,0,0,0,0,761.5833333333334,0,0,1,0,1,0,0
10021,0,14,69,1,0,0,1,0,0,715.7857142857143,0,0,1,0,0,0,1
10177,0,17,69,1,0,0,1,0,0,598.6470588235294,0,0,1,0,0,0,1
12467,0,13,69,1,0,0,1,0,0,959.0,0,0,1,0,0,0,1
10234,0,11,67,1,1,0,0,0,1,930.3636363636364,0,0,1,0,0,0,1
11561,0,14,18,0,1,0,0,0,1,825.7857142857143,0,0,1,1,0,0,0
9318,1,14,18,0,1,0,0,0,1,665.5714285714286,0,0,1,1,0,0,0
11008,1,14,18,0,1,0,0,0,1,786.2857142857143,0,0,1,1,0,0,0
10301,0,10,53,0,0,0,1,0,0,1030.1,0,0,1,0,0,1,0
9435,0,11,53,0,0,0,1,0,0,857.7272727272727,0,0,1,0,0,1,0
9283,0,11,53,0,0,0,1,0,0,843.9090909090909,0,0,1,0,0,1,0
12791,0,16,53,0,0,0,1,0,0,799.4375,0,0,1,0,0,1,0
12293,0,9,53,0,0,0,1,0,0,1365.888888888889,0,0,1,0,0,1,0
12696,0,12,81,0,0,0,0,0,0,1058.0,0,0,1,0,0,0,1
11204,0,17,81,0,0,0,0,0,0,659.0588235294117,0,0,1,0,0,0,1
11689,0,16,81,0,0,0,0,0,0,730.5625,0,0,1,0,0,0,1
10228,0,10,81,0,0,0,0,0,0,1022.8,0,0,1,0,0,0,1
10043,0,13,81,0,0,0,0,0,0,772.5384615384615,0,0,1,0,0,0,1
9363,0,14,81,0,0,0,0,0,0,668.7857142857143,0,0,1,0,0,0,1
13715,0,19,81,0,0,0,0,0,0,721.8421052631579,0,0,1,0,0,0,1
10008,0,18,42,1,1,0,0,0,1,556.0,0,0,1,0,1,0,0
9486,0,10,42,1,1,0,0,0,1,948.6,0,0,1,0,1,0,0
9232,0,10,36,1,0,0,0,0,0,923.2,0,0,1,0,1,0,0
10449,0,13,25,0,0,0,0,1,0,803.7692307692307,0,0,1,0,1,0,0
11115,0,15,45,0,0,0,0,0,0,741.0,0,0,1,0,0,1,0
9334,0,19,45,0,0,0,0,0,0,491.2631578947368,0,0,1,0,0,1,0
13143,0,13,45,0,0,0,0,0,0,1011.0,0,0,1,0,0,1,0
9650,0,18,45,0,0,0,0,0,0,536.1111111111111,0,0,1,0,0,1,0
10050,1,20,22,1,0,0,1,0,0,502.5,0,0,1,1,0,0,0
12541,0,10,40,1,0,0,0,0,0,1254.1,0,0,1,0,1,0,0
9838,0,15,40,1,0,0,0,0,0,655.8666666666667,0,0,1,0,1,0,0
11726,0,18,40,1,0,0,0,0,0,651.4444444444445,0,0,1,0,1,0,0
9953,0,18,40,1,0,0,0,0,0,552.9444444444445,0,0,1,0,1,0,0
11584,0,11,40,1,0,0,0,0,0,1053.090909090909,0,0,1,0,1,0,0
10901,0,15,40,1,0,0,0,0,0,726.7333333333333,0,0,1,0,1,0,0
9176,0,15,30,0,1,0,0,0,1,611.7333333333333,0,0,1,0,1,0,0
9183,0,7,30,0,1,0,0,0,1,1311.857142857143,0,0,1,0,1,0,0
10004,0,16,74,0,0,0,0,0,0,625.25,0,0,1,0,0,0,1
9770,0,19,74,0,0,0,0,0,0,514.2105263157895,0,0,1,0,0,0,1
10139,1,10,74,0,0,0,0,0,0,1013.9,0,0,1,0,0,0,1
12317,0,16,55,0,0,0,1,0,0,769.8125,0,0,1,0,0,1,0
13166,0,10,55,0,0,0,1,0,0,1316.6,0,0,1,0,0,1,0
9702,0,11,55,0,0,0,1,0,0,882.0,0,0,1,0,0,1,0
10307,0,19,79,0,1,0,0,0,1,542.4736842105264,0,0,1,0,0,0,1
11055,0,17,83,0,1,0,0,1,1,650.2941176470588,0,0,1,0,0,0,1
9562,1,12,21,1,0,0,0,0,0,796.8333333333334,0,0,1,1,0,0,0
10221,1,14,63,1,0,0,1,0,0,730.0714285714286,0,0,1,0,0,1,0
10427,0,12,63,1,0,0,1,0,0,868.9166666666666,0,0,1,0,0,1,0
10003,0,14,63,1,0,0,1,0,0,714.5,0,0,1,0,0,1,0
13731,0,21,63,1,0,0,1,0,0,653.8571428571429,0,0,1,0,0,1,0
9240,0,10,63,1,0,0,1,0,0,924.0,0,0,1,0,0,1,0
13710,0,12,77,1,0,0,1,1,0,1142.5,0,1,0,0,0,0,1
9519,0,9,77,1,0,0,1,1,0,1057.6666666666667,0,0,1,0,0,0,1
10210,0,13,77,1,0,0,1,1,0,785.3846153846154,0,0,1,0,0,0,1
14642,0,9,74,1,0,0,1,0,0,1626.888888888889,0,0,1,0,0,0,1
10593,0,14,60,0,0,0,1,0,0,756.6428571428571,0,0,1,0,0,1,0
12367,0,14,60,0,0,0,1,0,0,883.3571428571429,0,0,1,0,0,1,0
10923,0,7,60,0,0,0,1,0,0,1560.4285714285713,0,0,1,0,0,1,0
11967,0,11,60,0,0,0,1,0,0,1087.909090909091,0,0,1,0,0,1,0
13055,0,18,60,0,0,0,1,0,0,725.2777777777778,0,0,1,0,0,1,0
9651,0,13,60,0,0,0,1,0,0,742.3846153846154,0,0,1,0,0,1,0
9112,0,16,32,1,1,0,0,1,1,569.5,0,0,1,0,1,0,0
10434,0,13,51,0,1,1,0,0,1,802.6153846153846,0,0,1,0,0,1,0
11855,0,16,51,0,1,1,0,0,1,740.9375,0,0,1,0,0,1,0
9047,0,12,51,0,1,1,0,0,1,753.9166666666666,0,0,1,0,0,1,0
12744,0,12,51,0,1,1,0,0,1,1062.0,0,0,1,0,0,1,0
18309,0,9,51,0,1,1,0,0,1,2034.3333333333333,0,0,1,0,0,1,0
12372,0,20,51,0,1,1,0,0,1,618.6,0,0,1,0,0,1,0
13867,1,15,51,0,1,1,0,0,1,924.4666666666667,0,0,1,0,0,1,0
9308,0,14,47,1,0,0,0,0,0,664.8571428571429,0,0,1,0,0,1,0
10266,0,16,55,0,0,0,0,0,0,641.625,0,0,1,0,0,1,0
15872,0,18,55,0,0,0,0,0,0,881.7777777777778,0,0,1,0,0,1,0
12534,0,16,55,0,0,0,0,0,0,783.375,0,0,1,0,0,1,0
10290,0,20,55,0,0,0,0,0,0,514.5,0,0,1,0,0,1,0
13701,0,12,55,0,0,0,0,0,0,1141.75,0,0,1,0,0,1,0
11112,0,18,55,0,0,0,0,0,0,617.3333333333334,0,0,1,0,0,1,0
11920,0,13,55,0,0,0,0,0,0,916.9230769230769,0,0,1,0,0,1,0
10122,0,11,66,1,0,0,0,1,0,920.1818181818181,0,0,1,0,0,0,1
17074,0,13,66,1,0,0,0,1,0,1313.3846153846155,0,0,1,0,0,0,1
10496,0,20,66,1,0,0,0,1,0,524.8,0,0,1,0,0,0,1
13292,0,12,66,1,0,0,0,1,0,1107.6666666666667,0,0,1,0,0,0,1
9664,0,18,66,1,0,0,0,1,0,536.8888888888889,0,0,1,0,0,0,1
12302,0,22,66,1,0,0,0,1,0,559.1818181818181,0,0,1,0,0,0,1
12395,0,16,66,1,0,0,0,1,0,774.6875,0,0,1,0,0,0,1
9739,0,18,78,0,0,0,1,0,0,541.0555555555555,0,0,1,0,0,0,1
10994,1,17,41,1,0,0,0,0,0,646.7058823529412,0,0,1,0,1,0,0
19212,0,15,41,1,0,0,0,0,0,1280.8,0,0,1,0,1,0,0
12565,0,16,41,1,0,0,0,0,0,785.3125,0,0,1,0,1,0,0
10679,0,13,41,1,0,0,0,0,0,821.4615384615385,0,0,1,0,1,0,0
9017,0,13,41,1,0,0,0,0,0,693.6153846153846,0,0,1,0,1,0,0
14341,0,14,41,1,0,0,0,0,0,1024.357142857143,0,0,1,0,1,0,0
14140,0,8,41,1,0,0,0,0,0,1767.5,0,0,1,0,1,0,0
9890,0,12,41,1,0,0,0,0,0,824.1666666666666,0,0,1,0,1,0,0
11666,0,15,41,1,0,0,0,0,0,777.7333333333333,0,0,1,0,1,0,0
13706,0,16,41,1,0,0,0,0,0,856.625,0,0,1,0,1,0,0
11215,0,9,55,1,0,0,1,0,0,1246.111111111111,0,0,1,0,0,1,0
12979,1,19,55,1,0,0,1,0,0,683.1052631578947,0,0,1,0,0,1,0
10197,0,14,55,1,0,0,1,0,0,728.3571428571429,0,0,1,0,0,1,0
9929,0,16,55,1,0,0,1,0,0,620.5625,0,0,1,0,0,1,0
9200,0,20,55,1,0,0,1,0,0,460.0,0,0,1,0,0,1,0
10584,0,19,55,1,0,0,1,0,0,557.0526315789474,0,0,1,0,0,1,0
11352,0,12,55,1,0,0,1,0,0,946.0,0,0,1,0,0,1,0
10959,0,9,55,1,0,0,1,0,0,1217.6666666666667,0,0,1,0,0,1,0
10533,1,14,55,1,0,0,1,0,0,752.3571428571429,0,0,1,0,0,1,0
9014,0,22,67,1,0,0,0,1,0,409.72727272727275,0,0,1,0,0,0,1
13030,0,18,33,1,0,1,0,0,1,723.8888888888889,0,0,1,0,1,0,0
14950,1,22,33,1,0,1,0,0,1,679.5454545454545,0,0,1,0,1,0,0
10196,0,13,33,1,0,1,0,0,1,784.3076923076923,0,0,1,0,1,0,0
9793,0,7,33,1,0,1,0,0,1,1399.0,0,0,1,0,1,0,0
9122,1,9,33,1,0,1,0,0,1,1013.5555555555555,0,0,1,0,1,0,0
10732,0,15,33,1,0,1,0,0,1,715.4666666666667,0,0,1,0,1,0,0
10634,0,19,33,1,0,1,0,0,1,559.6842105263158,0,0,1,0,1,0,0
17302,0,7,33,1,0,1,0,0,1,2471.714285714286,0,0,1,0,1,0,0
17419,0,14,33,1,0,1,0,0,1,1244.2142857142858,0,0,1,0,1,0,0
13761,0,6,60,1,0,0,0,0,0,2293.5,0,0,1,0,0,1,0
11564,0,7,60,1,0,0,0,0,0,1652.0,0,0,1,0,0,1,0
12431,0,13,60,1,0,0,0,0,0,956.2307692307693,0,0,1,0,0,1,0
12661,0,20,60,1,0,0,0,0,0,633.05,0,0,1,0,0,1,0
14390,1,10,28,1,0,0,1,1,0,1439.0,0,0,1,0,1,0,0
10700,0,11,28,1,0,0,1,1,0,972.7272727272727,0,0,1,0,1,0,0
12760,0,19,28,1,0,0,1,1,0,671.578947368421,0,0,1,0,1,0,0
12435,0,17,28,1,0,0,1,1,0,731.4705882352941,0,0,1,0,1,0,0
9627,0,22,28,1,0,0,1,1,0,437.59090909090907,0,0,1,0,1,0,0
9911,0,13,28,1,0,0,1,1,0,762.3846153846154,0,0,1,0,1,0,0
12448,0,14,41,0,0,0,1,1,0,889.1428571428571,0,0,1,0,1,0,0
11379,0,15,41,0,0,0,1,1,0,758.6,0,0,1,0,1,0,0
14091,0,14,41,0,0,0,1,1,0,1006.5,0,0,1,0,1,0,0
9053,0,11,41,0,0,0,1,1,0,823.0,0,0,1,0,1,0,0
10537,0,17,41,0,0,0,1,1,0,619.8235294117648,0,0,1,0,1,0,0
12527,0,11,41,0,0,0,1,1,0,1138.8181818181818,0,0,1,0,1,0,0
10432,0,20,41,0,0,0,1,1,0,521.6,0,0,1,0,1,0,0
10504,0,11,41,0,0,0,1,1,0,954.9090909090909,0,0,1,0,1,0,0
9281,0,7,27,0,0,0,0,0,0,1325.857142857143,0,0,1,0,1,0,0
16687,0,17,27,0,0,0,0,0,0,981.5882352941177,0,0,1,0,1,0,0
9783,0,15,27,0,0,0,0,0,0,652.2,0,0,1,0,1,0,0
9998,0,21,27,0,0,0,0,0,0,476.0952380952381,0,0,1,0,1,0,0
13560,1,8,27,0,0,0,0,0,0,1695.0,0,0,1,0,1,0,0
18149,0,6,27,0,0,0,0,0,0,3024.8333333333335,0,0,1,0,1,0,0
15943,0,12,27,0,0,0,0,0,0,1328.5833333333333,0,0,1,0,1,0,0
14994,0,21,27,0,0,0,0,0,0,714.0,0,0,1,0,1,0,0
12253,0,15,27,0,0,0,0,0,0,816.8666666666667,0,0,1,0,1,0,0
13485,0,14,27,0,0,0,0,0,0,963.2142857142857,0,0,1,0,1,0,0
15779,0,16,27,0,0,0,0,0,0,986.1875,0,0,1,0,1,0,0
9895,0,11,27,0,0,0,0,0,0,899.5454545454545,0,0,1,0,1,0,0
12365,0,17,27,0,0,0,0,0,0,727.3529411764706,0,0,1,0,1,0,0
11462,0,15,43,0,0,0,0,1,0,764.1333333333333,0,0,1,0,1,0,0
11696,0,9,43,0,0,0,0,1,0,1299.5555555555557,0,0,1,0,1,0,0
14690,1,16,43,0,0,0,0,1,0,918.125,0,0,1,0,1,0,0
14467,1,22,43,0,0,0,0,1,0,657.5909090909091,0,0,1,0,1,0,0
10818,0,10,43,0,0,0,0,1,0,1081.8,0,0,1,0,1,0,0
10279,0,10,43,0,0,0,0,1,0,1027.9,0,0,1,0,1,0,0
9253,0,14,43,0,0,0,0,1,0,660.9285714285714,0,0,1,0,1,0,0
14574,0,24,43,0,0,0,0,1,0,607.25,0,0,1,0,1,0,0
11983,0,10,43,0,0,0,0,1,0,1198.3,0,0,1,0,1,0,0
10807,0,11,36,0,1,1,0,0,1,982.4545454545455,0,0,1,0,1,0,0
12701,0,18,36,0,1,1,0,0,1,705.6111111111111,0,0,1,0,1,0,0
12889,0,16,36,0,1,1,0,0,1,805.5625,0,0,1,0,1,0,0
15739,0,10,36,0,1,1,0,0,1,1573.9,0,0,1,0,1,0,0
11181,0,18,36,0,1,1,0,0,1,621.1666666666666,0,0,1,0,1,0,0
9006,0,13,36,0,1,1,0,0,1,692.7692307692307,0,0,1,0,1,0,0
11993,0,8,36,0,1,1,0,0,1,1499.125,0,0,1,0,1,0,0
21061,0,9,36,0,1,1,0,0,1,2340.1111111111113,0,0,1,0,1,0,0
12981,0,11,59,0,0,0,1,0,0,1180.090909090909,0,0,1,0,0,1,0
11254,0,19,69,0,0,0,1,0,0,592.3157894736842,0,0,1,0,0,0,1
9119,0,15,69,0,0,0,1,0,0,607.9333333333333,0,0,1,0,0,0,1
10597,0,8,76,1,0,0,1,0,0,1324.625,0,0,1,0,0,0,1
10593,0,9,76,1,0,0,1,0,0,1177.0,0,0,1,0,0,0,1
12654,0,13,76,1,0,0,1,0,0,973.3846153846154,0,0,1,0,0,0,1
9788,0,12,76,1,0,0,1,0,0,815.6666666666666,0,0,1,0,0,0,1
11282,0,18,76,1,0,0,1,0,0,626.7777777777778,0,0,1,0,0,0,1
13043,0,12,76,1,0,0,1,0,0,1086.9166666666667,0,0,1,0,0,0,1
13110,0,11,76,1,0,0,1,0,0,1191.8181818181818,0,0,1,0,0,0,1
11394,1,15,76,1,0,0,1,0,0,759.6,0,0,1,0,0,0,1
13975,0,11,76,1,0,0,1,0,0,1270.4545454545455,0,0,1,0,0,0,1
11423,0,14,32,0,0,0,0,0,0,815.9285714285714,0,0,1,0,1,0,0
10876,0,14,32,0,0,0,0,0,0,776.8571428571429,0,0,1,0,1,0,0
12998,0,17,32,0,0,0,0,0,0,764.5882352941177,0,0,1,0,1,0,0
10803,0,10,32,0,0,0,0,0,0,1080.3,0,0,1,0,1,0,0
11216,0,10,32,0,0,0,0,0,0,1121.6,0,0,1,0,1,0,0
10852,0,16,32,0,0,0,0,0,0,678.25,0,0,1,0,1,0,0
11181,0,12,32,0,0,0,0,0,0,931.75,0,0,1,0,1,0,0
17303,1,12,32,0,0,0,0,0,0,1441.9166666666667,0,0,1,0,1,0,0
10902,1,12,32,0,0,0,0,0,0,908.5,0,0,1,0,1,0,0
9061,0,15,32,0,0,0,0,0,0,604.0666666666667,0,0,1,0,1,0,0
9405,0,16,32,0,0,0,0,0,0,587.8125,0,0,1,0,1,0,0
9834,1,7,20,1,0,0,0,0,0,1404.857142857143,0,0,1,1,0,0,0
12080,0,15,20,1,0,0,0,0,0,805.3333333333334,0,0,1,1,0,0,0
12681,0,9,20,1,0,0,0,0,0,1409.0,0,0,1,1,0,0,0
10629,0,14,20,1,0,0,0,0,0,759.2142857142857,0,0,1,1,0,0,0
9123,0,12,46,1,0,0,1,0,0,760.25,0,0,1,0,0,1,0
9190,1,31,75,1,1,0,0,0,1,296.4516129032258,0,0,1,0,0,0,1
9101,0,15,75,1,1,0,0,0,1,606.7333333333333,0,0,1,0,0,0,1
9049,0,13,75,1,1,0,0,0,1,696.0769230769231,0,0,1,0,0,0,1
13824,0,13,75,1,1,0,0,0,1,1063.3846153846155,0,0,1,0,0,0,1
10258,1,14,75,1,1,0,0,0,1,732.7142857142857,0,0,1,0,0,0,1
9246,0,13,39,1,0,0,1,0,0,711.2307692307693,0,0,1,0,1,0,0
10061,0,14,39,1,0,0,1,0,0,718.6428571428571,0,0,1,0,1,0,0
10375,0,11,39,1,0,0,1,0,0,943.1818181818181,0,0,1,0,1,0,0
10447,0,16,39,1,0,0,1,0,0,652.9375,0,0,1,0,1,0,0
11872,0,14,32,1,1,0,0,1,1,848.0,0,0,1,0,1,0,0
12485,0,14,32,1,1,0,0,1,1,891.7857142857143,0,0,1,0,1,0,0
9937,0,13,32,1,1,0,0,1,1,764.3846153846154,0,0,1,0,1,0,0
13474,1,14,32,1,1,0,0,1,1,962.4285714285714,0,0,1,0,1,0,0
14018,0,17,32,1,1,0,0,1,1,824.5882352941177,0,0,1,0,1,0,0
12733,1,22,32,1,1,0,0,1,1,578.7727272727273,0,0,1,0,1,0,0
10544,0,22,32,1,1,0,0,1,1,479.27272727272725,0,0,1,0,1,0,0
12078,0,16,32,1,1,0,0,1,1,754.875,0,0,1,0,1,0,0
9059,1,9,83,1,0,0,0,0,0,1006.5555555555555,0,0,1,0,0,0,1
12509,0,15,83,1,0,0,0,0,0,833.9333333333333,0,0,1,0,0,0,1
9182,1,16,83,1,0,0,0,0,0,573.875,0,0,1,0,0,0,1
9283,0,17,83,1,0,0,0,0,0,546.0588235294117,0,0,1,0,0,0,1
9451,1,18,83,1,0,0,0,0,0,525.0555555555555,0,0,1,0,0,0,1
9395,1,16,83,1,0,0,0,0,0,587.1875,0,0,1,0,0,0,1
11505,0,7,83,1,0,0,0,0,0,1643.5714285714287,0,0,1,0,0,0,1
16154,1,12,58,1,0,0,1,0,0,1346.1666666666667,0,0,1,0,0,1,0
11218,0,15,58,1,0,0,1,0,0,747.8666666666667,0,0,1,0,0,1,0
14990,1,13,58,1,0,0,1,0,0,1153.076923076923,0,0,1,0,0,1,0
17010,1,10,58,1,0,0,1,0,0,1701.0,0,0,1,0,0,1,0
20736,1,11,58,1,0,0,1,0,0,1885.090909090909,0,0,1,0,0,1,0
9482,0,14,58,1,0,0,1,0,0,677.2857142857143,0,0,1,0,0,1,0
17208,0,11,58,1,0,0,1,0,0,1564.3636363636363,0,0,1,0,0,1,0
11737,0,16,58,1,0,0,1,0,0,733.5625,0,0,1,0,0,1,0
22913,0,20,58,1,0,0,1,0,0,1145.65,0,0,1,0,0,1,0
16223,0,20,79,0,0,0,1,0,0,811.15,0,0,1,0,0,0,1
9646,0,15,79,0,0,0,1,0,0,643.0666666666667,0,0,1,0,0,0,1
9740,1,9,79,0,0,0,1,0,0,1082.2222222222222,0,0,1,0,0,0,1
18963,1,16,24,1,0,0,0,0,0,1185.1875,0,0,1,1,0,0,0
14983,1,13,24,1,0,0,0,0,0,1152.5384615384614,0,0,1,1,0,0,0
17198,1,15,24,1,0,0,0,0,0,1146.5333333333333,0,0,1,1,0,0,0
9273,1,12,24,1,0,0,0,0,0,772.75,0,0,1,1,0,0,0
9139,0,13,24,1,0,0,0,0,0,703.0,0,0,1,1,0,0,0
12203,0,8,24,1,0,0,0,0,0,1525.375,0,0,1,1,0,0,0
10169,0,12,24,1,0,0,0,0,0,847.4166666666666,0,0,1,1,0,0,0
14312,1,19,20,0,0,0,0,0,0,753.2631578947369,0,0,1,1,0,0,0
9958,1,17,20,0,0,0,0,0,0,585.7647058823529,0,0,1,1,0,0,0
10005,0,14,20,0,0,0,0,0,0,714.6428571428571,0,0,1,1,0,0,0
10383,0,13,20,0,0,0,0,0,0,798.6923076923077,0,0,1,1,0,0,0
9151,1,19,20,0,0,0,0,0,0,481.63157894736844,0,0,1,1,0,0,0
9940,0,9,20,0,0,0,0,0,0,1104.4444444444443,0,0,1,1,0,0,0
12728,0,18,20,0,0,0,0,0,0,707.1111111111111,0,0,1,1,0,0,0
10130,1,15,20,0,0,0,0,0,0,675.3333333333334,0,0,1,1,0,0,0
9211,0,15,57,1,0,0,1,0,0,614.0666666666667,0,0,1,0,0,1,0
10020,0,8,57,1,0,0,1,0,0,1252.5,0,0,1,0,0,1,0
11046,0,17,56,1,1,0,1,0,1,649.7647058823529,0,0,1,0,0,1,0
14250,0,18,56,1,1,0,1,0,1,791.6666666666666,0,0,1,0,0,1,0
10899,0,16,56,1,1,0,1,0,1,681.1875,0,0,1,0,0,1,0
10454,0,14,56,1,1,0,1,0,1,746.7142857142857,0,0,1,0,0,1,0
9697,0,11,56,1,1,0,1,0,1,881.5454545454545,0,0,1,0,0,1,0
12418,0,9,56,1,1,0,1,0,1,1379.7777777777778,0,0,1,0,0,1,0
10785,0,17,56,1,1,0,1,0,1,634.4117647058823,0,0,1,0,0,1,0
9511,0,8,56,1,1,0,1,0,1,1188.875,0,0,1,0,0,1,0
9252,0,14,53,1,1,0,1,0,1,660.8571428571429,0,0,1,0,0,1,0
10302,0,14,53,1,1,0,1,0,1,735.8571428571429,0,0,1,0,0,1,0
9328,0,14,53,1,1,0,1,0,1,666.2857142857143,0,0,1,0,0,1,0
9893,0,11,53,1,1,0,1,0,1,899.3636363636364,0,0,1,0,0,1,0
11828,0,14,53,1,1,0,1,0,1,844.8571428571429,0,0,1,0,0,1,0
15170,0,14,53,1,1,0,1,0,1,1083.5714285714287,0,0,1,0,0,1,0
10620,0,12,53,1,1,0,1,0,1,885.0,0,0,1,0,0,1,0
9301,0,13,53,1,1,0,1,0,1,715.4615384615385,0,0,1,0,0,1,0
13507,0,12,32,0,1,0,1,0,1,1125.5833333333333,0,0,1,0,1,0,0
10135,1,11,32,0,1,0,1,0,1,921.3636363636364,0,0,1,0,1,0,0
9744,1,15,32,0,1,0,1,0,1,649.6,0,0,1,0,1,0,0
9148,0,12,32,0,1,0,1,0,1,762.3333333333334,0,0,1,0,1,0,0
10091,0,10,22,1,0,0,1,1,0,1009.1,0,0,1,1,0,0,0
10033,0,17,22,1,0,0,1,1,0,590.1764705882352,0,0,1,1,0,0,0
9090,1,10,24,1,0,0,0,0,0,909.0,0,0,1,1,0,0,0
9985,0,16,24,1,0,0,0,0,0,624.0625,0,0,1,1,0,0,0
10776,0,15,24,1,0,0,0,0,0,718.4,0,0,1,1,0,0,0
9769,1,16,24,1,0,0,0,0,0,610.5625,0,0,1,1,0,0,0
11047,0,4,24,1,0,0,0,0,0,2761.75,0,0,1,1,0,0,0
9886,0,10,24,1,0,0,0,0,0,988.6,0,0,1,1,0,0,0
11563,0,22,24,1,0,0,0,0,0,525.5909090909091,0,0,1,1,0,0,0
9545,1,10,22,1,0,0,0,0,0,954.5,0,0,1,1,0,0,0
12243,0,16,56,0,0,0,1,0,0,765.1875,0,0,1,0,0,1,0
14743,0,11,56,0,0,0,1,0,0,1340.2727272727273,0,0,1,0,0,1,0
13774,0,20,56,0,0,0,1,0,0,688.7,0,0,1,0,0,1,0
9375,0,10,56,0,0,0,1,0,0,937.5,0,0,1,0,0,1,0
9844,0,12,56,0,0,0,1,0,0,820.3333333333334,0,0,1,0,0,1,0
10380,0,16,56,0,0,0,1,0,0,648.75,0,0,1,0,0,1,0
14000,0,12,56,0,0,0,1,0,0,1166.6666666666667,0,0,1,0,0,1,0
10092,0,13,56,0,0,0,1,0,0,776.3076923076923,0,0,1,0,0,1,0
13296,0,37,56,0,0,0,1,0,0,359.35135135135135,0,0,1,0,0,1,0
15606,0,20,56,0,0,0,1,0,0,780.3,0,0,1,0,0,1,0
11639,0,20,56,0,0,0,1,0,0,581.95,0,0,1,0,0,1,0
12297,0,17,30,1,0,0,0,0,0,723.3529411764706,0,0,1,0,1,0,0
9247,0,9,30,1,0,0,0,0,0,1027.4444444444443,0,0,1,0,1,0,0
9113,0,12,30,1,0,0,0,0,0,759.4166666666666,0,0,1,0,1,0,0
12715,0,12,30,1,0,0,0,0,0,1059.5833333333333,0,0,1,0,1,0,0
10484,0,10,30,1,0,0,0,0,0,1048.4,0,0,1,0,1,0,0
15889,0,13,30,1,0,0,0,0,0,1222.2307692307693,0,0,1,0,1,0,0
10467,0,13,30,1,0,0,0,0,0,805.1538461538462,0,0,1,0,1,0,0
9589,1,8,81,1,0,0,1,1,0,1198.625,0,0,1,0,0,0,1
15553,0,17,81,1,0,0,1,1,0,914.8823529411765,0,0,1,0,0,0,1
12893,0,7,81,1,0,0,1,1,0,1841.857142857143,0,0,1,0,0,0,1
13854,0,12,81,1,0,0,1,1,0,1154.5,0,0,1,0,0,0,1
14255,0,6,81,1,0,0,1,1,0,2375.8333333333335,0,0,1,0,0,0,1
10205,0,14,81,1,0,0,1,1,0,728.9285714285714,0,0,1,0,0,0,1
15936,1,13,81,1,0,0,1,1,0,1225.8461538461538,0,0,1,0,0,0,1
10675,0,13,81,1,0,0,1,1,0,821.1538461538462,0,0,1,0,0,0,1
9489,0,13,81,1,0,0,1,1,0,729.9230769230769,0,0,1,0,0,0,1
11890,0,7,28,0,0,0,0,1,0,1698.5714285714287,0,0,1,0,1,0,0
10848,0,10,61,0,1,0,0,0,1,1084.8,0,0,1,0,0,1,0
10422,0,14,74,0,0,0,0,0,0,744.4285714285714,0,0,1,0,0,0,1
11264,0,7,74,0,0,0,0,0,0,1609.142857142857,0,0,1,0,0,0,1
13729,0,8,74,0,0,0,0,0,0,1716.125,0,0,1,0,0,0,1
11632,0,12,74,0,0,0,0,0,0,969.3333333333334,0,0,1,0,0,0,1
15187,0,19,74,0,0,0,0,0,0,799.3157894736842,0,0,1,0,0,0,1
10062,0,13,74,0,0,0,0,0,0,774.0,0,0,1,0,0,0,1
11888,1,19,74,0,0,0,0,0,0,625.6842105263158,0,0,1,0,0,0,1
9345,0,18,79,1,0,0,1,0,0,519.1666666666666,0,0,1,0,0,0,1
16510,0,12,73,0,1,0,1,0,1,1375.8333333333333,0,0,1,0,0,0,1
10550,0,13,73,0,1,0,1,0,1,811.5384615384615,0,0,1,0,0,0,1
11262,0,11,73,0,1,0,1,0,1,1023.8181818181819,0,0,1,0,0,0,1
13252,0,17,73,0,1,0,1,0,1,779.5294117647059,0,0,1,0,0,0,1
9274,1,12,73,0,1,0,1,0,1,772.8333333333334,0,0,1,0,0,0,1
11506,0,15,73,0,1,0,1,0,1,767.0666666666667,0,0,1,0,0,0,1
13096,0,13,73,0,1,0,1,0,1,1007.3846153846154,0,0,1,0,0,0,1
11345,0,14,67,0,0,0,0,1,0,810.3571428571429,0,0,1,0,0,0,1
10542,0,14,67,0,0,0,0,1,0,753.0,0,0,1,0,0,0,1
9267,0,16,67,0,0,0,0,1,0,579.1875,0,0,1,0,0,0,1
15894,0,14,67,0,0,0,0,1,0,1135.2857142857142,0,0,1,0,0,0,1
12359,0,14,67,0,0,0,0,1,0,882.7857142857143,0,0,1,0,0,0,1
13353,0,14,67,0,0,0,0,1,0,953.7857142857143,0,0,1,0,0,0,1
10936,1,17,67,0,0,0,0,1,0,643.2941176470588,0,0,1,0,0,0,1
10746,0,13,67,0,0,0,0,1,0,826.6153846153846,0,0,1,0,0,0,1
9782,0,15,24,0,0,1,0,0,1,652.1333333333333,0,0,1,1,0,0,0
12841,0,14,24,0,0,1,0,0,1,917.2142857142857,0,0,1,1,0,0,0
10874,0,18,24,0,0,1,0,0,1,604.1111111111111,0,0,1,1,0,0,0
12371,0,17,24,0,0,1,0,0,1,727.7058823529412,0,0,1,1,0,0,0
10263,0,9,24,0,0,1,0,0,1,1140.3333333333333,0,0,1,1,0,0,0
10173,0,13,24,0,0,1,0,0,1,782.5384615384615,0,0,1,1,0,0,0
9832,0,18,24,0,0,1,0,0,1,546.2222222222222,0,0,1,1,0,0,0
11362,0,17,24,0,0,1,0,0,1,668.3529411764706,0,0,1,1,0,0,0
15438,0,20,24,0,0,1,0,0,1,771.9,0,0,1,1,0,0,0
12324,1,18,79,0,0,0,0,0,0,684.6666666666666,0,0,1,0,0,0,1
10736,1,11,79,0,0,0,0,0,0,976.0,0,0,1,0,0,0,1
13082,1,16,79,0,0,0,0,0,0,817.625,0,0,1,0,0,0,1
14860,0,16,79,0,0,0,0,0,0,928.75,0,0,1,0,0,0,1
17413,1,11,79,0,0,0,0,0,0,1583.0,0,0,1,0,0,0,1
14160,1,15,79,0,0,0,0,0,0,944.0,0,0,1,0,0,0,1
13964,1,12,79,0,0,0,0,0,0,1163.6666666666667,0,0,1,0,0,0,1
11278,0,15,79,0,0,0,0,0,0,751.8666666666667,0,0,1,0,0,0,1
12822,0,18,79,0,0,0,0,0,0,712.3333333333334,0,0,1,0,0,0,1
10184,0,12,77,0,0,1,1,0,1,848.6666666666666,0,0,1,0,0,0,1
17372,0,15,77,0,0,1,1,0,1,1158.1333333333334,0,0,1,0,0,0,1
10192,0,15,75,0,0,0,0,0,0,679.4666666666667,0,0,1,0,0,0,1
9612,1,16,75,0,0,0,0,0,0,600.75,0,0,1,0,0,0,1
9373,1,19,75,0,0,0,0,0,0,493.3157894736842,0,0,1,0,0,0,1
11629,0,13,29,0,1,0,0,0,1,894.5384615384615,0,0,1,0,1,0,0
10163,0,11,29,0,1,0,0,0,1,923.9090909090909,0,0,1,0,1,0,0
10347,0,25,29,0,1,0,0,0,1,413.88,0,0,1,0,1,0,0
11313,0,15,29,0,1,0,0,0,1,754.2,0,0,1,0,1,0,0
9170,0,14,29,0,1,0,0,0,1,655.0,0,0,1,0,1,0,0
13892,0,12,29,0,1,0,0,0,1,1157.6666666666667,0,0,1,0,1,0,0
13680,0,9,29,0,1,0,0,0,1,1520.0,0,0,1,0,1,0,0
12085,1,15,31,1,0,0,0,0,0,805.6666666666666,0,0,1,0,1,0,0
11978,0,19,27,1,0,0,0,0,0,630.421052631579,0,0,1,0,1,0,0
16044,0,16,27,1,0,0,0,0,0,1002.75,0,0,1,0,1,0,0
9498,0,12,27,1,0,0,0,0,0,791.5,0,0,1,0,1,0,0
9310,0,13,27,1,0,0,0,0,0,716.1538461538462,0,0,1,0,1,0,0
9931,0,14,27,1,0,0,0,0,0,709.3571428571429,0,0,1,0,1,0,0
9223,0,17,27,1,0,0,0,0,0,542.5294117647059,0,0,1,0,1,0,0
14863,1,15,27,1,0,0,0,0,0,990.8666666666667,0,0,1,0,1,0,0
10263,0,18,27,1,0,0,0,0,0,570.1666666666666,0,0,1,0,1,0,0
9364,0,13,54,0,1,0,0,1,1,720.3076923076923,0,0,1,0,0,1,0
11141,0,17,54,0,1,0,0,1,1,655.3529411764706,0,0,1,0,0,1,0
9666,1,13,54,0,1,0,0,1,1,743.5384615384615,0,0,1,0,0,1,0
11687,0,15,54,0,1,0,0,1,1,779.1333333333333,0,0,1,0,0,1,0
11757,0,5,54,0,1,0,0,1,1,2351.4,0,0,1,0,0,1,0
9433,1,7,54,0,1,0,0,1,1,1347.5714285714287,0,0,1,0,0,1,0
10049,0,20,57,1,0,0,1,1,0,502.45,0,0,1,0,0,1,0
10748,0,13,57,1,0,0,1,1,0,826.7692307692307,0,0,1,0,0,1,0
10427,0,15,57,1,0,0,1,1,0,695.1333333333333,0,0,1,0,0,1,0
12738,0,12,57,1,0,0,1,1,0,1061.5,0,0,1,0,0,1,0
10914,0,13,57,1,0,0,1,1,0,839.5384615384615,0,0,1,0,0,1,0
11130,0,15,57,1,0,0,1,1,0,742.0,0,0,1,0,0,1,0
12638,1,20,57,1,0,0,1,1,0,631.9,0,0,1,0,0,1,0
14770,0,22,57,1,0,0,1,1,0,671.3636363636364,0,0,1,0,0,1,0
9888,0,14,57,1,0,0,1,1,0,706.2857142857143,0,0,1,0,0,1,0
13364,0,12,20,0,1,0,0,0,1,1113.6666666666667,0,0,1,1,0,0,0
9086,0,13,20,0,1,0,0,0,1,698.9230769230769,0,0,1,1,0,0,0
10261,0,7,32,1,0,0,0,1,0,1465.857142857143,0,0,1,0,1,0,0
14401,0,17,47,1,0,0,0,0,0,847.1176470588235,0,0,1,0,0,1,0
11498,0,20,47,1,0,0,0,0,0,574.9,0,0,1,0,0,1,0
12771,0,12,47,1,0,0,0,0,0,1064.25,0,0,1,0,0,1,0
17462,0,14,47,1,0,0,0,0,0,1247.2857142857142,0,0,1,0,0,1,0
10704,0,12,47,1,0,0,0,0,0,892.0,0,0,1,0,0,1,0
11248,0,8,47,1,0,0,0,0,0,1406.0,0,0,1,0,0,1,0
14082,0,11,47,1,0,0,0,0,0,1280.1818181818182,0,0,1,0,0,1,0
11837,1,13,47,1,0,0,0,0,0,910.5384615384615,0,0,1,0,0,1,0
10536,0,18,39,1,0,0,1,0,0,585.3333333333334,0,0,1,0,1,0,0
10469,0,9,39,1,0,0,1,0,0,1163.2222222222222,0,0,1,0,1,0,0
11755,0,16,39,1,0,0,1,0,0,734.6875,0,0,1,0,1,0,0
11987,0,15,39,1,0,0,1,0,0,799.1333333333333,0,0,1,0,1,0,0
10879,0,18,39,1,0,0,1,0,0,604.3888888888889,0,0,1,0,1,0,0
11074,0,13,39,1,0,0,1,0,0,851.8461538461538,0,0,1,0,1,0,0
12661,0,18,39,1,0,0,1,0,0,703.3888888888889,0,0,1,0,1,0,0
9726,0,16,29,0,0,0,0,0,0,607.875,0,0,1,0,1,0,0
9249,0,14,29,0,0,0,0,0,0,660.6428571428571,0,0,1,0,1,0,0
12850,0,15,29,0,0,0,0,0,0,856.6666666666666,0,0,1,0,1,0,0
10905,0,19,29,0,0,0,0,0,0,573.9473684210526,0,0,1,0,1,0,0
10808,0,16,29,0,0,0,0,0,0,675.5,0,0,1,0,1,0,0
11161,0,14,29,0,0,0,0,0,0,797.2142857142857,0,0,1,0,1,0,0
12222,0,5,64,1,0,0,1,0,0,2444.4,0,0,1,0,0,1,0
19264,0,12,64,1,0,0,1,0,0,1605.3333333333333,0,0,1,0,0,1,0
9059,1,20,64,1,0,0,1,0,0,452.95,0,0,1,0,0,1,0
13652,0,9,64,1,0,0,1,0,0,1516.888888888889,0,0,1,0,0,1,0
11461,0,11,64,1,0,0,1,0,0,1041.909090909091,0,0,1,0,0,1,0
14426,0,8,69,0,0,0,0,1,0,1803.25,0,0,1,0,0,0,1
16220,0,15,69,0,0,0,0,1,0,1081.3333333333333,0,0,1,0,0,0,1
9795,0,16,69,0,0,0,0,1,0,612.1875,0,0,1,0,0,0,1
16649,0,6,69,0,0,0,0,1,0,2774.8333333333335,0,0,1,0,0,0,1
9024,0,23,51,1,0,0,0,0,0,392.3478260869565,0,0,1,0,0,1,0
10254,1,11,77,1,0,0,1,0,0,932.1818181818181,0,0,1,0,0,0,1
10150,0,10,24,0,0,0,0,0,0,1015.0,0,0,1,1,0,0,0
10068,0,11,24,0,0,0,0,0,0,915.2727272727273,0,0,1,1,0,0,0
9659,1,9,24,0,0,0,0,0,0,1073.2222222222222,0,0,1,1,0,0,0
12327,1,17,84,1,0,0,1,0,0,725.1176470588235,0,0,1,0,0,0,1
11846,0,16,84,1,0,0,1,0,0,740.375,0,0,1,0,0,0,1
19574,1,20,84,1,0,0,1,0,0,978.7,0,0,1,0,0,0,1
10129,0,13,84,1,0,0,1,0,0,779.1538461538462,0,0,1,0,0,0,1
9505,1,17,84,1,0,0,1,0,0,559.1176470588235,0,0,1,0,0,0,1
11067,0,11,84,1,0,0,1,0,0,1006.0909090909091,0,0,1,0,0,0,1
9326,0,14,84,1,0,0,1,0,0,666.1428571428571,0,0,1,0,0,0,1
11022,0,12,84,1,0,0,1,0,0,918.5,0,0,1,0,0,0,1
14100,0,14,84,1,0,0,1,0,0,1007.1428571428571,0,0,1,0,0,0,1
10522,0,9,84,1,0,0,1,0,0,1169.111111111111,0,0,1,0,0,0,1
10139,0,13,84,1,0,0,1,0,0,779.9230769230769,0,0,1,0,0,0,1
9547,1,18,51,1,0,0,0,0,0,530.3888888888889,0,0,1,0,0,1,0
9199,0,19,76,0,0,0,0,0,0,484.1578947368421,0,0,1,0,0,0,1
9802,1,15,76,0,0,0,0,0,0,653.4666666666667,0,0,1,0,0,0,1
9142,0,20,76,0,0,0,0,0,0,457.1,0,0,1,0,0,0,1
9754,0,8,54,0,0,0,1,1,0,1219.25,0,0,1,0,0,1,0
9747,0,12,54,0,0,0,1,1,0,812.25,0,0,1,0,0,1,0
11333,0,12,54,0,0,0,1,1,0,944.4166666666666,0,0,1,0,0,1,0
12253,0,18,54,0,0,0,1,1,0,680.7222222222222,0,0,1,0,0,1,0
9152,0,15,54,0,0,0,1,1,0,610.1333333333333,0,0,1,0,0,1,0
9254,0,10,54,0,0,0,1,1,0,925.4,0,0,1,0,0,1,0
11000,0,17,45,0,0,0,0,0,0,647.0588235294117,0,0,1,0,0,1,0
11465,0,11,45,0,0,0,0,0,0,1042.2727272727273,0,0,1,0,0,1,0
10346,0,14,27,0,0,0,0,0,0,739.0,0,0,1,0,1,0,0
9870,0,10,27,0,0,0,0,0,0,987.0,0,0,1,0,1,0,0
16024,0,9,73,0,0,1,0,0,1,1780.4444444444443,0,0,1,0,0,0,1
15205,0,13,73,0,0,1,0,0,1,1169.6153846153845,0,0,1,0,0,0,1
12980,0,17,73,0,0,1,0,0,1,763.5294117647059,0,0,1,0,0,0,1
10710,0,8,73,0,0,1,0,0,1,1338.75,0,0,1,0,0,0,1
9655,1,14,73,0,0,1,0,0,1,689.6428571428571,0,0,1,0,0,0,1
15559,0,18,73,0,0,1,0,0,1,864.3888888888889,0,0,1,0,0,0,1
10990,0,13,26,1,1,0,1,0,1,845.3846153846154,0,0,1,0,1,0,0
12228,1,18,26,1,1,0,1,0,1,679.3333333333334,0,0,1,0,1,0,0
15258,0,12,26,1,1,0,1,0,1,1271.5,0,0,1,0,1,0,0
12396,1,13,26,1,1,0,1,0,1,953.5384615384615,0,0,1,0,1,0,0
10011,0,10,26,1,1,0,1,0,1,1001.1,0,0,1,0,1,0,0
10411,1,13,26,1,1,0,1,0,1,800.8461538461538,0,0,1,0,1,0,0
9131,0,17,26,1,1,0,1,0,1,537.1176470588235,0,0,1,0,1,0,0
11128,1,11,26,1,1,0,1,0,1,1011.6363636363636,0,0,1,0,1,0,0
13921,0,16,26,1,1,0,1,0,1,870.0625,0,0,1,0,1,0,0
16087,1,9,26,1,1,0,1,0,1,1787.4444444444443,0,0,1,0,1,0,0
12276,0,15,65,0,0,0,1,0,0,818.4,0,0,1,0,0,0,1
9362,0,11,65,0,0,0,1,0,0,851.0909090909091,0,0,1,0,0,0,1
13402,0,14,65,0,0,0,1,0,0,957.2857142857143,0,0,1,0,0,0,1
13015,1,18,65,0,0,0,1,0,0,723.0555555555555,0,0,1,0,0,0,1
10851,0,15,65,0,0,0,1,0,0,723.4,0,0,1,0,0,0,1
11546,0,18,65,0,0,0,1,0,0,641.4444444444445,0,0,1,0,0,0,1
10804,1,8,65,0,0,0,1,0,0,1350.5,0,0,1,0,0,0,1
11126,0,15,65,0,0,0,1,0,0,741.7333333333333,0,0,1,0,0,0,1
10553,0,14,82,1,0,0,0,1,0,753.7857142857143,0,0,1,0,0,0,1
10054,0,13,82,1,0,0,0,1,0,773.3846153846154,0,0,1,0,0,0,1
10757,1,12,82,1,0,0,0,1,0,896.4166666666666,0,0,1,0,0,0,1
9437,1,20,82,1,0,0,0,1,0,471.85,0,0,1,0,0,0,1
11516,1,9,82,1,0,0,0,1,0,1279.5555555555557,0,0,1,0,0,0,1
13634,1,7,82,1,0,0,0,1,0,1947.7142857142858,0,0,1,0,0,0,1
9809,0,12,82,1,0,0,0,1,0,817.4166666666666,0,0,1,0,0,0,1
13428,0,8,82,1,0,0,0,1,0,1678.5,0,0,1,0,0,0,1
9721,0,7,69,1,0,0,1,0,0,1388.7142857142858,0,0,1,0,0,0,1
9280,0,10,69,1,0,0,1,0,0,928.0,0,0,1,0,0,0,1
9392,1,14,69,1,0,0,1,0,0,670.8571428571429,0,0,1,0,0,0,1
13800,0,14,69,1,0,0,1,0,0,985.7142857142857,0,0,1,0,0,0,1
9631,0,8,69,1,0,0,1,0,0,1203.875,0,0,1,0,0,0,1
9380,0,16,22,0,0,0,1,0,0,586.25,0,0,1,1,0,0,0
9625,0,14,34,0,0,0,0,0,0,687.5,0,0,1,0,1,0,0
11065,0,16,34,0,0,0,0,0,0,691.5625,0,0,1,0,1,0,0
14875,0,18,34,0,0,0,0,0,0,826.3888888888889,0,0,1,0,1,0,0
9357,0,14,34,0,0,0,0,0,0,668.3571428571429,0,0,1,0,1,0,0
9262,0,10,34,0,0,0,0,0,0,926.2,0,0,1,0,1,0,0
9585,1,9,73,0,0,0,1,0,0,1065.0,0,0,1,0,0,0,1
17296,1,10,73,0,0,0,1,0,0,1729.6,0,0,1,0,0,0,1
13170,0,9,73,0,0,0,1,0,0,1463.3333333333333,0,0,1,0,0,0,1
11959,1,14,73,0,0,0,1,0,0,854.2142857142857,0,0,1,0,0,0,1
13036,0,12,73,0,0,0,1,0,0,1086.3333333333333,0,0,1,0,0,0,1
12208,0,13,73,0,0,0,1,0,0,939.0769230769231,0,0,1,0,0,0,1
10660,0,15,73,0,0,0,1,0,0,710.6666666666666,0,0,1,0,0,0,1
9452,0,15,73,0,0,0,1,0,0,630.1333333333333,0,0,1,0,0,0,1
9138,1,11,73,0,0,0,1,0,0,830.7272727272727,0,0,1,0,0,0,1
12021,0,10,73,0,0,0,1,0,0,1202.1,0,0,1,0,0,0,1
13245,0,17,73,0,0,0,1,0,0,779.1176470588235,0,0,1,0,0,0,1
10614,0,22,37,0,0,0,0,1,0,482.45454545454544,0,0,1,0,1,0,0
10761,0,13,75,1,0,0,1,0,0,827.7692307692307,0,0,1,0,0,0,1
10113,0,8,75,1,0,0,1,0,0,1264.125,0,0,1,0,0,0,1
9492,0,12,84,1,0,0,0,0,0,791.0,0,0,1,0,0,0,1
19063,1,20,84,1,0,0,0,0,0,953.15,0,0,1,0,0,0,1
9935,0,10,84,1,0,0,0,0,0,993.5,0,0,1,0,0,0,1
12794,0,11,84,1,0,0,0,0,0,1163.090909090909,0,0,1,0,0,0,1
9076,0,15,84,1,0,0,0,0,0,605.0666666666667,0,0,1,0,0,0,1
10848,0,8,84,1,0,0,0,0,0,1356.0,0,0,1,0,0,0,1
12810,1,18,84,1,0,0,0,0,0,711.6666666666666,0,0,1,0,0,0,1
11949,1,17,84,1,0,0,0,0,0,702.8823529411765,0,0,1,0,0,0,1
10922,1,12,84,1,1,0,0,1,1,910.1666666666666,0,0,1,0,0,0,1
11261,1,10,84,1,1,0,0,1,1,1126.1,0,0,1,0,0,0,1
12808,1,13,84,1,1,0,0,1,1,985.2307692307693,0,0,1,0,0,0,1
11851,1,13,84,1,1,0,0,1,1,911.6153846153846,0,0,1,0,0,0,1
10436,0,10,84,1,1,0,0,1,1,1043.6,0,0,1,0,0,0,1
12984,0,16,84,1,1,0,0,1,1,811.5,0,0,1,0,0,0,1
9052,1,18,84,1,1,0,0,1,1,502.8888888888889,0,0,1,0,0,0,1
11888,0,9,37,1,0,0,1,1,0,1320.888888888889,0,0,1,0,1,0,0
11130,0,16,37,1,0,0,1,1,0,695.625,0,0,1,0,1,0,0
13759,0,20,37,1,0,0,1,1,0,687.95,0,0,1,0,1,0,0
10452,0,23,37,1,0,0,1,1,0,454.4347826086956,0,0,1,0,1,0,0
13354,0,18,37,1,0,0,1,1,0,741.8888888888889,0,0,1,0,1,0,0
12163,0,13,37,1,0,0,1,1,0,935.6153846153846,0,0,1,0,1,0,0
14099,0,10,49,0,0,0,0,1,0,1409.9,0,0,1,0,0,1,0
9936,0,6,49,0,0,0,0,1,0,1656.0,0,0,1,0,0,1,0
10203,0,13,49,0,0,0,0,1,0,784.8461538461538,0,0,1,0,0,1,0
11921,0,12,49,0,0,0,0,1,0,993.4166666666666,0,0,1,0,0,1,0
9196,0,9,49,0,0,0,0,1,0,1021.7777777777778,0,0,1,0,0,1,0
9925,0,14,49,0,0,0,0,1,0,708.9285714285714,0,0,1,0,0,1,0
10059,0,14,49,0,0,0,0,1,0,718.5,0,0,1,0,0,1,0
9607,0,9,49,0,0,0,0,1,0,1067.4444444444443,0,0,1,0,0,1,0
11429,0,15,48,0,0,0,0,0,0,761.9333333333333,0,0,1,0,0,1,0
12806,0,15,48,0,0,0,0,0,0,853.7333333333333,0,0,1,0,0,1,0
9074,0,13,48,0,0,0,0,0,0,698.0,0,0,1,0,0,1,0
10527,0,11,48,0,0,0,0,0,0,957.0,0,0,1,0,0,1,0
9257,0,15,48,0,0,0,0,0,0,617.1333333333333,0,0,1,0,0,1,0
9281,0,12,48,0,0,0,0,0,0,773.4166666666666,0,0,1,0,0,1,0
10773,0,11,48,0,0,0,0,0,0,979.3636363636364,0,0,1,0,0,1,0
9947,0,13,48,0,0,0,0,0,0,765.1538461538462,0,0,1,0,0,1,0
9597,0,14,48,0,0,0,0,0,0,685.5,0,0,1,0,0,1,0
13240,0,16,48,0,0,0,0,0,0,827.5,0,0,1,0,0,1,0
9289,0,19,54,1,0,0,1,1,0,488.89473684210526,0,0,1,0,0,1,0
9533,0,16,62,0,0,1,0,0,1,595.8125,0,0,1,0,0,1,0
13126,0,17,71,1,1,0,1,1,1,772.1176470588235,0,0,1,0,0,0,1
9163,0,23,71,1,1,0,1,1,1,398.39130434782606,0,0,1,0,0,0,1
13672,0,11,71,1,1,0,1,1,1,1242.909090909091,0,0,1,0,0,0,1
13526,0,8,71,1,1,0,1,1,1,1690.75,0,0,1,0,0,0,1
14925,1,16,71,1,1,0,1,1,1,932.8125,0,0,1,0,0,0,1
10927,0,10,71,1,1,0,1,1,1,1092.7,0,0,1,0,0,0,1
18369,0,18,71,1,1,0,1,1,1,1020.5,0,0,1,0,0,0,1
13461,1,14,71,1,1,0,1,1,1,961.5,0,0,1,0,0,0,1
10514,0,16,41,1,0,0,0,0,0,657.125,0,0,1,0,1,0,0
11733,0,15,41,1,0,0,0,0,0,782.2,0,0,1,0,1,0,0
9554,0,9,41,1,0,0,0,0,0,1061.5555555555557,0,0,1,0,1,0,0
11566,0,19,41,1,0,0,0,0,0,608.7368421052631,0,0,1,0,1,0,0
12276,0,11,41,1,0,0,0,0,0,1116.0,0,0,1,0,1,0,0
9940,1,14,41,1,0,0,0,0,0,710.0,0,0,1,0,1,0,0
12125,1,13,41,1,0,0,0,0,0,932.6923076923077,0,0,1,0,1,0,0
10999,0,17,41,1,0,0,0,0,0,647.0,0,0,1,0,1,0,0
9703,0,18,41,1,0,0,0,0,0,539.0555555555555,0,0,1,0,1,0,0
9746,0,13,41,1,0,0,0,0,0,749.6923076923077,0,0,1,0,1,0,0
10110,0,16,30,1,0,1,1,0,1,631.875,0,0,1,0,1,0,0
10288,0,18,85,0,0,1,0,0,1,571.5555555555555,0,0,1,0,0,0,1
13261,1,18,85,0,0,1,0,0,1,736.7222222222222,0,0,1,0,0,0,1
9392,1,13,85,1,1,0,0,0,1,722.4615384615385,0,0,1,0,0,0,1
13335,0,8,50,1,0,0,1,0,0,1666.875,0,0,1,0,0,1,0
13192,1,14,50,1,0,0,1,0,0,942.2857142857143,0,0,1,0,0,1,0
10938,0,15,50,1,0,0,1,0,0,729.2,0,0,1,0,0,1,0
14367,0,15,50,1,0,0,1,0,0,957.8,0,0,1,0,0,1,0
12386,0,7,50,1,0,0,1,0,0,1769.4285714285713,0,0,1,0,0,1,0
10879,0,15,40,0,0,0,1,1,0,725.2666666666667,0,0,1,0,1,0,0
10720,0,16,60,1,0,0,0,0,0,670.0,0,0,1,0,0,1,0
9336,0,13,60,1,0,0,0,0,0,718.1538461538462,0,0,1,0,0,1,0
9990,0,11,60,1,0,0,0,0,0,908.1818181818181,0,0,1,0,0,1,0
12553,0,11,60,1,0,0,0,0,0,1141.1818181818182,0,0,1,0,0,1,0
9751,0,10,60,1,0,0,0,0,0,975.1,0,0,1,0,0,1,0
10953,0,11,60,1,0,0,0,0,0,995.7272727272727,0,0,1,0,0,1,0
9268,0,13,60,1,0,0,0,0,0,712.9230769230769,0,0,1,0,0,1,0
9018,1,9,62,1,0,0,1,0,0,1002.0,0,0,1,0,0,1,0
11006,0,21,62,1,0,0,1,0,0,524.0952380952381,0,0,1,0,0,1,0
10244,1,14,19,1,0,0,0,0,0,731.7142857142857,0,0,1,1,0,0,0
10343,0,15,31,0,0,0,1,0,0,689.5333333333333,0,0,1,0,1,0,0
11815,1,11,31,0,0,0,1,0,0,1074.090909090909,0,0,1,0,1,0,0
13196,0,15,31,0,0,0,1,0,0,879.7333333333333,0,0,1,0,1,0,0
15450,0,16,31,0,0,0,1,0,0,965.625,0,0,1,0,1,0,0
12556,0,9,31,0,0,0,1,0,0,1395.111111111111,0,0,1,0,1,0,0
12052,1,14,31,0,0,0,1,0,0,860.8571428571429,0,0,1,0,1,0,0
9133,0,11,31,0,0,0,1,0,0,830.2727272727273,0,0,1,0,1,0,0
12817,0,9,31,0,0,0,1,0,0,1424.111111111111,0,0,1,0,1,0,0
13713,0,12,31,0,0,0,1,0,0,1142.75,0,0,1,0,1,0,0
9626,0,11,31,0,0,0,1,0,0,875.0909090909091,0,0,1,0,1,0,0
9845,0,15,76,0,0,1,0,0,1,656.3333333333334,0,0,1,0,0,0,1
9159,1,15,76,0,0,1,0,0,1,610.6,0,0,1,0,0,0,1
9505,0,5,72,0,0,0,1,0,0,1901.0,0,0,1,0,0,0,1
14729,0,14,72,0,0,0,1,0,0,1052.0714285714287,0,0,1,0,0,0,1
10086,1,14,72,0,0,0,1,0,0,720.4285714285714,0,0,1,0,0,0,1
10280,0,11,72,0,0,0,1,0,0,934.5454545454545,0,0,1,0,0,0,1
22589,0,17,72,0,0,0,1,0,0,1328.764705882353,0,0,1,0,0,0,1
12348,0,15,72,0,0,0,1,0,0,823.2,0,0,1,0,0,0,1
12776,0,16,72,0,0,0,1,0,0,798.5,0,0,1,0,0,0,1
12927,0,14,72,0,0,0,1,0,0,923.3571428571429,0,0,1,0,0,0,1
9309,1,11,20,1,0,0,0,1,0,846.2727272727273,0,0,1,1,0,0,0
9547,0,16,20,1,0,0,0,1,0,596.6875,0,0,1,1,0,0,0
18740,0,14,67,0,1,0,1,0,1,1338.5714285714287,0,0,1,0,0,0,1
11716,0,9,67,0,1,0,1,0,1,1301.7777777777778,0,0,1,0,0,0,1
13779,0,15,67,0,1,0,1,0,1,918.6,0,0,1,0,0,0,1
9950,0,11,67,0,1,0,1,0,1,904.5454545454545,0,0,1,0,0,0,1
12130,0,8,67,0,1,0,1,0,1,1516.25,0,0,1,0,0,0,1
10667,0,14,67,0,1,0,1,0,1,761.9285714285714,0,0,1,0,0,0,1
17280,0,10,67,0,1,0,1,0,1,1728.0,0,0,1,0,0,0,1
10584,0,14,55,0,0,0,0,0,0,756.0,0,0,1,0,0,1,0
10287,0,12,28,1,0,0,0,0,0,857.25,0,0,1,0,1,0,0
9723,0,13,28,1,0,0,0,0,0,747.9230769230769,0,0,1,0,1,0,0
11605,0,12,81,0,1,0,0,0,1,967.0833333333334,0,0,1,0,0,0,1
9536,0,17,81,0,1,0,0,0,1,560.9411764705883,0,0,1,0,0,0,1
12143,0,14,81,0,1,0,0,0,1,867.3571428571429,0,0,1,0,0,0,1
11815,1,11,81,0,1,0,0,0,1,1074.090909090909,0,0,1,0,0,0,1
9597,0,15,81,0,1,0,0,0,1,639.8,0,0,1,0,0,0,1
13673,1,10,81,0,1,0,0,0,1,1367.3,0,0,1,0,0,0,1
11505,0,14,81,0,1,0,0,0,1,821.7857142857143,0,0,1,0,0,0,1
9118,0,26,37,0,0,0,0,0,0,350.6923076923077,0,0,1,0,1,0,0
9086,0,9,37,0,0,0,0,0,0,1009.5555555555555,0,0,1,0,1,0,0
10594,1,14,53,0,0,0,0,0,0,756.7142857142857,0,0,1,0,0,1,0
11624,0,12,53,0,0,0,0,0,0,968.6666666666666,0,0,1,0,0,1,0
27221,1,18,53,0,0,0,0,0,0,1512.2777777777778,0,0,1,0,0,1,0
9906,0,12,66,1,0,0,1,0,0,825.5,0,0,1,0,0,0,1
10211,1,14,66,1,0,0,1,0,0,729.3571428571429,0,0,1,0,0,0,1
9990,0,17,66,1,0,0,1,0,0,587.6470588235294,0,0,1,0,0,0,1
11081,0,16,66,1,0,0,1,0,0,692.5625,0,0,1,0,0,0,1
9021,0,12,39,0,0,1,1,0,1,751.75,0,0,1,0,1,0,0
11043,0,17,39,0,0,1,1,0,1,649.5882352941177,0,0,1,0,1,0,0
12934,1,26,57,1,1,0,0,0,1,497.46153846153845,0,0,1,0,0,1,0
9120,0,16,57,1,1,0,0,0,1,570.0,0,0,1,0,0,1,0
10171,0,12,57,1,1,0,0,0,1,847.5833333333334,0,0,1,0,0,1,0
9598,0,16,57,1,1,0,0,0,1,599.875,0,0,1,0,0,1,0
10206,0,19,76,0,0,0,1,0,0,537.1578947368421,0,0,1,0,0,0,1
10822,0,23,76,0,0,0,1,0,0,470.5217391304348,0,0,1,0,0,0,1
9627,0,14,76,0,0,0,1,0,0,687.6428571428571,0,0,1,0,0,0,1
9250,0,13,76,0,0,0,1,0,0,711.5384615384615,0,0,1,0,0,0,1
9583,1,7,76,0,0,0,1,0,0,1369.0,0,0,1,0,0,0,1
11856,1,14,25,0,0,0,0,0,0,846.8571428571429,0,0,1,0,1,0,0
11610,0,14,25,0,0,0,0,0,0,829.2857142857143,0,0,1,0,1,0,0
11367,0,12,28,0,0,0,0,0,0,947.25,0,0,1,0,1,0,0
9230,0,11,28,0,0,0,0,0,0,839.0909090909091,0,0,1,0,1,0,0
9258,1,17,28,0,0,0,0,0,0,544.5882352941177,0,0,1,0,1,0,0
9192,0,17,28,0,0,0,0,0,0,540.7058823529412,0,0,1,0,1,0,0
11475,0,12,28,0,0,0,0,0,0,956.25,0,0,1,0,1,0,0
10519,0,16,28,0,0,0,0,0,0,657.4375,0,0,1,0,1,0,0
14156,0,16,28,0,0,0,0,0,0,884.75,0,0,1,0,1,0,0
11504,0,9,28,0,0,0,0,0,0,1278.2222222222222,0,0,1,0,1,0,0
11684,1,11,28,0,0,0,0,0,0,1062.1818181818182,0,0,1,0,1,0,0
12243,0,17,28,0,0,0,0,0,0,720.1764705882352,0,0,1,0,1,0,0
16999,1,13,60,0,0,0,1,0,0,1307.6153846153845,0,0,1,0,0,1,0
16489,0,13,60,0,0,0,1,0,0,1268.3846153846155,0,0,1,0,0,1,0
9969,0,15,60,0,0,0,1,0,0,664.6,0,0,1,0,0,1,0
12739,0,12,60,0,0,0,1,0,0,1061.5833333333333,0,0,1,0,0,1,0
11433,0,10,60,0,0,0,1,0,0,1143.3,0,0,1,0,0,1,0
10194,0,15,60,0,0,0,1,0,0,679.6,0,0,1,0,0,1,0
9067,0,17,59,0,0,0,1,0,0,533.3529411764706,0,0,1,0,0,1,0
13629,0,16,59,0,0,0,1,0,0,851.8125,0,0,1,0,0,1,0
19277,0,11,59,0,0,0,1,0,0,1752.4545454545455,0,0,1,0,0,1,0
9925,0,8,59,0,0,0,1,0,0,1240.625,0,0,1,0,0,1,0
12397,0,26,59,0,0,0,1,0,0,476.8076923076923,0,0,1,0,0,1,0
12396,0,24,59,0,0,0,1,0,0,516.5,0,0,1,0,0,1,0
18191,0,23,66,0,0,0,0,0,0,790.9130434782609,0,0,1,0,0,0,1
10100,0,13,66,0,0,0,0,0,0,776.9230769230769,0,0,1,0,0,0,1
14826,0,8,66,0,0,0,0,0,0,1853.25,0,0,1,0,0,0,1
9628,0,17,66,0,0,0,0,0,0,566.3529411764706,0,0,1,0,0,0,1
14498,0,13,66,0,0,0,0,0,0,1115.2307692307693,0,0,1,0,0,0,1
10399,1,13,66,0,0,0,0,0,0,799.9230769230769,0,0,1,0,0,0,1
10086,0,18,34,0,0,0,0,0,0,560.3333333333334,0,0,1,0,1,0,0
12189,0,16,34,0,0,0,0,0,0,761.8125,0,0,1,0,1,0,0
9072,1,10,34,0,0,0,0,0,0,907.2,0,0,1,0,1,0,0
9825,1,13,34,0,0,0,0,0,0,755.7692307692307,0,0,1,0,1,0,0
11497,0,14,34,0,0,0,0,0,0,821.2142857142857,0,0,1,0,1,0,0
9061,0,13,34,0,0,0,0,0,0,697.0,0,0,1,0,1,0,0
9294,0,14,34,0,0,0,0,0,0,663.8571428571429,0,0,1,0,1,0,0
9430,0,15,34,0,0,0,0,0,0,628.6666666666666,0,0,1,0,1,0,0
13672,0,19,82,1,0,0,0,0,0,719.578947368421,0,0,1,0,0,0,1
9198,0,18,40,1,0,0,0,1,0,511.0,0,0,1,0,1,0,0
9479,0,12,40,1,0,0,0,1,0,789.9166666666666,0,0,1,0,1,0,0
12537,1,15,27,1,1,0,1,0,1,835.8,0,0,1,0,1,0,0
13561,0,16,27,1,1,0,1,0,1,847.5625,0,0,1,0,1,0,0
11273,1,12,27,1,1,0,1,0,1,939.4166666666666,0,0,1,0,1,0,0
14937,0,11,27,1,1,0,1,0,1,1357.909090909091,0,0,1,0,1,0,0
14355,0,11,27,1,1,0,1,0,1,1305.0,0,0,1,0,1,0,0
14709,1,11,27,1,1,0,1,0,1,1337.1818181818182,0,0,1,0,1,0,0
9879,1,16,27,1,1,0,1,0,1,617.4375,0,0,1,0,1,0,0
10948,0,14,27,1,1,0,1,0,1,782.0,0,0,1,0,1,0,0
11911,0,12,27,1,1,0,1,0,1,992.5833333333334,0,0,1,0,1,0,0
9256,1,18,54,1,1,0,0,0,1,514.2222222222222,0,0,1,0,0,1,0
9662,0,12,70,0,0,0,1,0,0,805.1666666666666,0,0,1,0,0,0,1
10806,0,15,70,0,0,0,1,0,0,720.4,0,0,1,0,0,0,1
20974,0,22,70,0,0,0,1,0,0,953.3636363636364,0,0,1,0,0,0,1
10385,0,16,70,0,0,0,1,0,0,649.0625,0,0,1,0,0,0,1
12819,1,9,70,0,0,0,1,0,0,1424.3333333333333,0,0,1,0,0,0,1
15846,0,11,70,0,0,0,1,0,0,1440.5454545454545,0,0,1,0,0,0,1
12726,1,12,70,0,0,0,1,0,0,1060.5,0,0,1,0,0,0,1
14307,0,14,70,0,0,0,1,0,0,1021.9285714285714,0,0,1,0,0,0,1
13118,0,14,70,0,0,0,1,0,0,937.0,0,0,1,0,0,0,1
13617,0,13,70,0,0,0,1,0,0,1047.4615384615386,0,0,1,0,0,0,1
12651,0,11,36,0,0,0,0,0,0,1150.090909090909,0,0,1,0,1,0,0
14381,0,14,36,0,0,0,0,0,0,1027.2142857142858,0,0,1,0,1,0,0
19619,1,13,36,0,0,0,0,0,0,1509.1538461538462,0,0,1,0,1,0,0
15441,0,15,36,0,0,0,0,0,0,1029.4,0,0,1,0,1,0,0
11131,0,19,36,0,0,0,0,0,0,585.8421052631579,0,0,1,0,1,0,0
12298,0,20,36,0,0,0,0,0,0,614.9,0,0,1,0,1,0,0
12198,0,8,36,0,0,0,0,0,0,1524.75,0,0,1,0,1,0,0
10020,0,15,36,0,0,0,0,0,0,668.0,0,0,1,0,1,0,0
9516,0,17,36,0,0,0,0,0,0,559.7647058823529,0,0,1,0,1,0,0
15580,0,9,36,0,0,0,0,0,0,1731.111111111111,0,0,1,0,1,0,0
9940,0,12,34,1,0,0,0,0,0,828.3333333333334,0,0,1,0,1,0,0
13435,0,11,34,1,0,0,0,0,0,1221.3636363636363,0,0,1,0,1,0,0
11197,0,14,34,1,0,0,0,0,0,799.7857142857143,0,0,1,0,1,0,0
10663,0,14,34,1,0,0,0,0,0,761.6428571428571,0,0,1,0,1,0,0
15053,0,12,34,1,0,0,0,0,0,1254.4166666666667,0,0,1,0,1,0,0
10782,0,10,34,1,0,0,0,0,0,1078.2,0,0,1,0,1,0,0
9712,1,12,34,1,0,0,0,0,0,809.3333333333334,0,0,1,0,1,0,0
9244,0,18,46,1,1,0,0,0,1,513.5555555555555,0,0,1,0,0,1,0
9105,0,10,46,1,1,0,0,0,1,910.5,0,0,1,0,0,1,0
9548,0,19,46,1,1,0,0,0,1,502.5263157894737,0,0,1,0,0,1,0
14565,1,12,46,1,1,0,0,0,1,1213.75,0,0,1,0,0,1,0
10461,0,14,46,1,1,0,0,0,1,747.2142857142857,0,0,1,0,0,1,0
9288,0,13,53,1,0,0,1,0,0,714.4615384615385,0,0,1,0,0,1,0
10766,0,13,53,1,0,0,1,0,0,828.1538461538462,0,0,1,0,0,1,0
12032,0,12,53,1,0,0,1,0,0,1002.6666666666666,0,0,1,0,0,1,0
11842,0,12,53,1,0,0,1,0,0,986.8333333333334,0,0,1,0,0,1,0
13630,0,12,53,1,0,0,1,0,0,1135.8333333333333,0,0,1,0,0,1,0
10800,0,18,53,1,0,0,1,0,0,600.0,0,0,1,0,0,1,0
18340,0,21,53,1,0,0,1,0,0,873.3333333333334,0,0,1,0,0,1,0
10953,0,16,53,1,0,0,1,0,0,684.5625,0,0,1,0,0,1,0
15993,0,14,53,1,0,0,1,0,0,1142.357142857143,0,0,1,0,0,1,0
15439,0,10,53,1,0,0,1,0,0,1543.9,0,0,1,0,0,1,0
9922,0,19,43,1,0,0,0,0,0,522.2105263157895,0,0,1,0,1,0,0
11448,1,11,43,1,0,0,0,0,0,1040.7272727272727,0,0,1,0,1,0,0
9827,0,12,29,1,0,0,0,0,0,818.9166666666666,0,0,1,0,1,0,0
13863,1,10,29,1,0,0,0,0,0,1386.3,0,0,1,0,1,0,0
9695,0,14,67,0,1,0,1,0,1,692.5,0,0,1,0,0,0,1
10163,0,8,67,0,1,0,1,0,1,1270.375,0,0,1,0,0,0,1
11658,1,12,67,0,1,0,1,0,1,971.5,0,0,1,0,0,0,1
9938,0,8,67,0,1,0,1,0,1,1242.25,0,0,1,0,0,0,1
9991,1,23,67,0,1,0,1,0,1,434.39130434782606,0,0,1,0,0,0,1
12805,0,16,46,0,0,0,1,0,0,800.3125,0,0,1,0,0,1,0
15464,1,25,52,1,0,0,0,0,0,618.56,0,0,1,0,0,1,0
10222,0,12,72,0,1,1,1,0,1,851.8333333333334,0,0,1,0,0,0,1
9355,0,13,35,1,0,0,1,0,0,719.6153846153846,0,0,1,0,1,0,0
9211,0,8,42,1,0,0,0,0,0,1151.375,0,0,1,0,1,0,0
10802,0,10,42,1,0,0,0,0,0,1080.2,0,0,1,0,1,0,0
14543,0,10,42,1,0,0,0,0,0,1454.3,0,0,1,0,1,0,0
10192,0,22,42,1,0,0,0,0,0,463.27272727272725,0,0,1,0,1,0,0
13174,0,10,42,1,0,0,0,0,0,1317.4,0,0,1,0,1,0,0
9283,0,16,58,0,0,1,0,0,1,580.1875,0,0,1,0,0,1,0
15241,0,12,58,0,0,1,0,0,1,1270.0833333333333,0,0,1,0,0,1,0
12536,0,15,58,0,0,1,0,0,1,835.7333333333333,0,0,1,0,0,1,0
10370,0,14,58,0,0,1,0,0,1,740.7142857142857,0,0,1,0,0,1,0
10690,0,14,58,0,0,1,0,0,1,763.5714285714286,0,0,1,0,0,1,0
14737,0,23,58,0,0,1,0,0,1,640.7391304347826,0,0,1,0,0,1,0
11893,0,8,58,0,0,1,0,0,1,1486.625,0,0,1,0,0,1,0
15267,0,18,58,0,0,1,0,0,1,848.1666666666666,0,0,1,0,0,1,0
11263,0,16,33,1,0,0,0,0,0,703.9375,0,0,1,0,1,0,0
10260,0,11,33,1,0,0,0,0,0,932.7272727272727,0,0,1,0,1,0,0
9322,0,16,32,1,0,0,1,0,0,582.625,0,0,1,0,1,0,0
9657,0,14,55,1,0,0,0,0,0,689.7857142857143,0,0,1,0,0,1,0
12617,0,12,55,0,0,0,1,0,0,1051.4166666666667,0,0,1,0,0,1,0
11467,0,13,55,0,0,0,1,0,0,882.0769230769231,0,0,1,0,0,1,0
9388,0,17,55,0,0,0,1,0,0,552.2352941176471,0,0,1,0,0,1,0
11474,1,8,55,0,0,0,1,0,0,1434.25,0,0,1,0,0,1,0
12686,1,18,55,0,0,0,1,0,0,704.7777777777778,0,0,1,0,0,1,0
17107,0,14,55,0,0,0,1,0,0,1221.9285714285713,0,0,1,0,0,1,0
9980,0,12,55,0,0,0,1,0,0,831.6666666666666,0,0,1,0,0,1,0
10235,1,12,55,0,0,0,1,0,0,852.9166666666666,0,0,1,0,0,1,0
9788,0,16,30,0,0,0,1,1,0,611.75,0,0,1,0,1,0,0
13250,0,7,30,0,0,0,1,1,0,1892.857142857143,0,0,1,0,1,0,0
9336,1,13,30,0,0,0,1,1,0,718.1538461538462,0,0,1,0,1,0,0
14898,0,25,33,1,0,0,0,0,0,595.92,0,0,1,0,1,0,0
12230,0,13,68,1,0,0,0,0,0,940.7692307692307,0,0,1,0,0,0,1
12608,0,14,68,1,0,0,0,0,0,900.5714285714286,0,0,1,0,0,0,1
9254,1,7,68,1,0,0,0,0,0,1322.0,0,0,1,0,0,0,1
11402,0,14,68,1,0,0,0,0,0,814.4285714285714,0,0,1,0,0,0,1
9172,1,8,68,1,0,0,0,0,0,1146.5,0,0,1,0,0,0,1
10960,0,8,68,1,0,0,0,0,0,1370.0,0,0,1,0,0,0,1
12151,0,12,68,1,0,0,0,0,0,1012.5833333333334,0,0,1,0,0,0,1
12223,0,16,49,1,0,0,1,0,0,763.9375,0,0,1,0,0,1,0
9734,0,12,62,1,0,0,1,0,0,811.1666666666666,0,0,1,0,0,1,0
13307,0,12,62,1,0,0,1,0,0,1108.9166666666667,0,0,1,0,0,1,0
10029,0,10,62,1,0,0,1,0,0,1002.9,0,0,1,0,0,1,0
14455,0,15,27,0,0,1,0,0,1,963.6666666666666,0,0,1,0,1,0,0
13158,0,13,27,0,0,1,0,0,1,1012.1538461538462,0,0,1,0,1,0,0
16187,0,11,27,0,0,1,0,0,1,1471.5454545454545,0,0,1,0,1,0,0
10860,0,11,27,0,0,1,0,0,1,987.2727272727273,0,0,1,0,1,0,0
12649,0,19,27,0,0,1,0,0,1,665.7368421052631,0,0,1,0,1,0,0
13324,0,22,27,0,0,1,0,0,1,605.6363636363636,0,0,1,0,1,0,0
9659,1,12,27,0,0,1,0,0,1,804.9166666666666,0,0,1,0,1,0,0
12271,0,14,27,0,0,1,0,0,1,876.5,0,0,1,0,1,0,0
12232,0,13,27,0,0,1,0,0,1,940.9230769230769,0,0,1,0,1,0,0
10567,1,11,75,1,0,0,1,0,0,960.6363636363636,0,0,1,0,0,0,1
9741,0,18,75,1,0,0,1,0,0,541.1666666666666,0,0,1,0,0,0,1
12090,1,12,75,1,0,0,1,0,0,1007.5,0,0,1,0,0,0,1
11157,1,13,75,1,0,0,1,0,0,858.2307692307693,0,0,1,0,0,0,1
11308,1,15,75,1,0,0,1,0,0,753.8666666666667,0,0,1,0,0,0,1
14341,0,11,75,1,0,0,1,0,0,1303.7272727272727,0,0,1,0,0,0,1
12428,0,16,35,1,0,0,0,0,0,776.75,0,0,1,0,1,0,0
9560,0,15,43,0,1,0,0,0,1,637.3333333333334,0,0,1,0,1,0,0
10150,0,16,43,0,1,0,0,0,1,634.375,0,0,1,0,1,0,0
14625,0,18,43,0,1,0,0,0,1,812.5,0,0,1,0,1,0,0
9433,0,15,43,0,1,0,0,0,1,628.8666666666667,0,0,1,0,1,0,0
10009,0,14,43,0,1,0,0,0,1,714.9285714285714,0,0,1,0,1,0,0
9937,0,12,39,1,1,0,0,0,1,828.0833333333334,0,0,1,0,1,0,0
9062,0,15,39,1,1,0,0,0,1,604.1333333333333,0,0,1,0,1,0,0
9368,0,12,59,0,0,0,1,1,0,780.6666666666666,0,0,1,0,0,1,0
12257,0,9,59,0,0,0,1,1,0,1361.888888888889,0,0,1,0,0,1,0
11237,1,13,30,1,0,0,0,0,0,864.3846153846154,0,0,1,0,1,0,0
9400,0,12,30,1,0,0,0,0,0,783.3333333333334,0,0,1,0,1,0,0
10592,0,17,30,1,0,0,0,0,0,623.0588235294117,0,0,1,0,1,0,0
11304,1,10,30,1,0,0,0,0,0,1130.4,0,0,1,0,1,0,0
12162,0,18,30,1,0,0,0,0,0,675.6666666666666,0,0,1,0,1,0,0
9275,0,10,30,1,0,0,0,0,0,927.5,0,0,1,0,1,0,0
13502,0,11,57,1,0,0,1,0,0,1227.4545454545455,0,0,1,0,0,1,0
10510,1,18,57,1,0,0,1,0,0,583.8888888888889,0,0,1,0,0,1,0
11927,0,10,53,0,0,0,0,1,0,1192.7,0,0,1,0,0,1,0
15372,0,12,53,0,0,0,0,1,0,1281.0,0,0,1,0,0,1,0
13900,0,9,53,0,0,0,0,1,0,1544.4444444444443,0,0,1,0,0,1,0
11919,1,11,53,0,0,0,0,1,0,1083.5454545454545,0,0,1,0,0,1,0
9385,0,8,53,0,0,0,0,1,0,1173.125,0,0,1,0,0,1,0
9987,1,7,75,1,1,0,0,1,1,1426.7142857142858,0,0,1,0,0,0,1
9045,0,9,75,1,1,0,0,1,1,1005.0,0,0,1,0,0,0,1
9701,0,24,75,1,1,0,0,1,1,404.2083333333333,0,0,1,0,0,0,1
21976,0,12,42,0,1,0,1,1,1,1831.3333333333333,0,0,1,0,1,0,0
9767,0,12,42,0,1,0,1,1,1,813.9166666666666,0,0,1,0,1,0,0
10168,1,12,42,0,1,0,1,1,1,847.3333333333334,0,0,1,0,1,0,0
10976,0,9,42,0,1,0,1,1,1,1219.5555555555557,0,0,1,0,1,0,0
12031,0,13,42,0,1,0,1,1,1,925.4615384615385,0,0,1,0,1,0,0
15872,0,15,42,0,1,0,1,1,1,1058.1333333333334,0,0,1,0,1,0,0
17165,0,16,42,0,1,0,1,1,1,1072.8125,0,0,1,0,1,0,0
13142,0,17,30,0,0,0,0,0,0,773.0588235294117,0,0,1,0,1,0,0
9674,0,7,73,0,0,0,1,0,0,1382.0,0,0,1,0,0,0,1
14593,0,18,73,0,0,0,1,0,0,810.7222222222222,0,0,1,0,0,0,1
16738,0,9,73,0,0,0,1,0,0,1859.7777777777778,0,0,1,0,0,0,1
15369,0,9,73,0,0,0,1,0,0,1707.6666666666667,0,0,1,0,0,0,1
22089,0,26,73,0,0,0,1,0,0,849.5769230769231,0,0,1,0,0,0,1
10863,0,11,73,0,0,0,1,0,0,987.5454545454545,0,0,1,0,0,0,1
18125,0,19,84,0,0,0,0,0,0,953.9473684210526,0,0,1,0,0,0,1
11929,1,18,84,0,0,0,0,0,0,662.7222222222222,0,0,1,0,0,0,1
9788,0,21,84,0,0,0,0,0,0,466.0952380952381,0,0,1,0,0,0,1
10304,1,18,84,0,0,0,0,0,0,572.4444444444445,0,0,1,0,0,0,1
10496,0,14,84,0,0,0,0,0,0,749.7142857142857,0,0,1,0,0,0,1
10292,0,15,40,0,0,0,0,0,0,686.1333333333333,0,0,1,0,1,0,0
9245,0,14,43,1,0,0,1,1,0,660.3571428571429,0,0,1,0,1,0,0
9840,0,10,41,0,1,0,0,0,1,984.0,0,0,1,0,1,0,0
9688,0,14,41,0,1,0,0,0,1,692.0,0,0,1,0,1,0,0
12032,0,22,41,0,1,0,0,0,1,546.9090909090909,0,0,1,0,1,0,0
11813,0,16,41,0,1,0,0,0,1,738.3125,0,0,1,0,1,0,0
12391,1,22,83,1,0,0,0,0,0,563.2272727272727,0,0,1,0,0,0,1
9452,0,20,49,1,0,0,0,0,0,472.6,0,0,1,0,0,1,0
11155,0,18,49,1,0,0,0,0,0,619.7222222222222,0,0,1,0,0,1,0
11846,1,17,49,1,0,0,0,0,0,696.8235294117648,0,0,1,0,0,1,0
11055,1,16,78,0,0,0,0,0,0,690.9375,0,0,1,0,0,0,1
9357,1,15,21,0,1,0,0,0,1,623.8,0,0,1,1,0,0,0
9902,1,17,21,0,1,0,0,0,1,582.4705882352941,0,0,1,1,0,0,0
10354,1,18,83,0,1,0,0,0,1,575.2222222222222,0,0,1,0,0,0,1
9502,0,13,19,1,0,0,1,0,0,730.9230769230769,0,0,1,1,0,0,0
9834,0,13,19,1,0,0,1,0,0,756.4615384615385,0,0,1,1,0,0,0
13928,1,11,19,1,0,0,1,0,0,1266.1818181818182,0,0,1,1,0,0,0
9029,0,18,74,1,0,0,0,1,0,501.6111111111111,0,0,1,0,0,0,1
9441,0,7,37,0,1,0,1,0,1,1348.7142857142858,0,0,1,0,1,0,0
11877,0,20,37,0,1,0,1,0,1,593.85,0,0,1,0,1,0,0
14429,0,13,37,0,1,0,1,0,1,1109.923076923077,0,0,1,0,1,0,0
10185,0,14,37,0,1,0,1,0,1,727.5,0,0,1,0,1,0,0
12962,0,12,37,0,1,0,1,0,1,1080.1666666666667,0,0,1,0,1,0,0
10084,0,14,51,0,0,0,1,0,0,720.2857142857143,0,0,1,0,0,1,0
11461,0,21,51,0,0,0,1,0,0,545.7619047619048,0,0,1,0,0,1,0
11229,0,11,51,0,0,0,1,0,0,1020.8181818181819,0,0,1,0,0,1,0
12349,0,20,72,0,0,0,1,0,0,617.45,0,0,1,0,0,0,1
12642,0,15,72,0,0,0,1,0,0,842.8,0,0,1,0,0,0,1
9821,0,14,72,0,0,0,1,0,0,701.5,0,0,1,0,0,0,1
17194,0,22,72,0,0,0,1,0,0,781.5454545454545,0,0,1,0,0,0,1
11355,0,16,72,0,0,0,1,0,0,709.6875,0,0,1,0,0,0,1
12375,0,9,72,0,0,0,1,0,0,1375.0,0,0,1,0,0,0,1
11145,0,20,72,0,0,0,1,0,0,557.25,0,0,1,0,0,0,1
9234,0,19,79,1,0,0,0,0,0,486.0,0,0,1,0,0,0,1
19178,1,9,79,1,0,0,0,0,0,2130.8888888888887,0,0,1,0,0,0,1
12557,0,14,79,1,0,0,0,0,0,896.9285714285714,0,0,1,0,0,0,1
9008,0,11,54,1,0,0,0,0,0,818.9090909090909,0,0,1,0,0,1,0
9445,0,17,54,1,0,0,0,0,0,555.5882352941177,0,0,1,0,0,1,0
9244,0,20,54,1,0,0,0,0,0,462.2,0,0,1,0,0,1,0
18631,0,18,54,1,0,0,0,0,0,1035.0555555555557,0,0,1,0,0,1,0
12158,0,8,54,1,0,0,0,0,0,1519.75,0,0,1,0,0,1,0
9589,0,12,54,1,0,0,0,0,0,799.0833333333334,0,0,1,0,0,1,0
14738,0,18,54,1,0,0,0,0,0,818.7777777777778,0,0,1,0,0,1,0
9739,0,14,52,1,0,0,1,0,0,695.6428571428571,0,0,1,0,0,1,0
9923,0,14,52,1,0,0,1,0,0,708.7857142857143,0,0,1,0,0,1,0
14709,0,20,52,1,0,0,1,0,0,735.45,0,0,1,0,0,1,0
9960,0,15,52,1,0,0,1,0,0,664.0,0,0,1,0,0,1,0
9540,0,20,52,1,0,0,1,0,0,477.0,0,0,1,0,0,1,0
10577,0,15,52,1,0,0,1,0,0,705.1333333333333,0,0,1,0,0,1,0
9507,0,11,36,1,0,0,1,1,0,864.2727272727273,0,0,1,0,1,0,0
9430,0,9,58,1,0,0,0,0,0,1047.7777777777778,0,0,1,0,0,1,0
9641,0,8,58,1,0,0,0,0,0,1205.125,0,0,1,0,0,1,0
15009,0,12,58,1,0,0,0,0,0,1250.75,0,0,1,0,0,1,0
13179,0,17,58,1,0,0,0,0,0,775.2352941176471,0,0,1,0,0,1,0
11746,0,17,58,1,0,0,0,0,0,690.9411764705883,0,0,1,0,0,1,0
10431,0,15,58,1,0,0,0,0,0,695.4,0,0,1,0,0,1,0
9944,0,15,58,1,0,0,0,0,0,662.9333333333333,0,0,1,0,0,1,0
12670,0,13,58,1,0,0,0,0,0,974.6153846153846,0,0,1,0,0,1,0
12411,0,18,58,1,0,0,0,0,0,689.5,0,0,1,0,0,1,0
9389,0,16,31,0,0,0,0,0,0,586.8125,0,0,1,0,1,0,0
14794,0,16,40,0,1,0,1,0,1,924.625,0,0,1,0,1,0,0
14696,0,17,40,0,1,0,1,0,1,864.4705882352941,0,0,1,0,1,0,0
11012,1,14,40,0,1,0,1,0,1,786.5714285714286,0,0,1,0,1,0,0
17736,0,10,40,0,1,0,1,0,1,1773.6,0,0,1,0,1,0,0
12110,0,13,40,0,1,0,1,0,1,931.5384615384615,0,0,1,0,1,0,0
13874,0,8,40,0,1,0,1,0,1,1734.25,0,0,1,0,1,0,0
14176,0,14,40,0,1,0,1,0,1,1012.5714285714286,0,0,1,0,1,0,0
10887,0,10,40,0,1,0,1,0,1,1088.7,0,0,1,0,1,0,0
9550,0,19,40,0,1,0,1,0,1,502.63157894736844,0,0,1,0,1,0,0
10686,1,14,44,0,0,0,0,0,0,763.2857142857143,0,0,1,0,1,0,0
10647,0,10,44,0,0,0,0,0,0,1064.7,0,0,1,0,1,0,0
10725,0,10,44,0,0,0,0,0,0,1072.5,0,0,1,0,1,0,0
9844,0,15,44,0,0,0,0,0,0,656.2666666666667,0,0,1,0,1,0,0
9698,0,8,44,0,0,0,0,0,0,1212.25,0,0,1,0,1,0,0
9143,0,11,40,0,0,0,1,0,0,831.1818181818181,0,0,1,0,1,0,0
9698,0,11,40,0,0,0,1,0,0,881.6363636363636,0,0,1,0,1,0,0
10052,0,19,40,0,0,0,1,0,0,529.0526315789474,0,0,1,0,1,0,0
13584,0,16,52,1,1,0,0,0,1,849.0,0,0,1,0,0,1,0
11462,0,13,52,1,1,0,0,0,1,881.6923076923077,0,0,1,0,0,1,0
9985,0,12,52,1,1,0,0,0,1,832.0833333333334,0,0,1,0,0,1,0
10609,0,18,52,1,1,0,0,0,1,589.3888888888889,0,0,1,0,0,1,0
13050,1,18,52,1,1,0,0,0,1,725.0,0,0,1,0,0,1,0
10631,0,15,52,1,1,0,0,0,1,708.7333333333333,0,0,1,0,0,1,0
11763,0,9,52,1,1,0,0,0,1,1307.0,0,0,1,0,0,1,0
12248,0,7,52,1,1,0,0,0,1,1749.7142857142858,0,0,1,0,0,1,0
9389,0,11,52,1,1,0,0,0,1,853.5454545454545,0,0,1,0,0,1,0
13624,0,17,52,1,1,0,0,0,1,801.4117647058823,0,0,1,0,0,1,0
13404,0,18,37,1,0,0,0,1,0,744.6666666666666,0,0,1,0,1,0,0
14614,0,10,37,1,0,0,0,1,0,1461.4,0,0,1,0,1,0,0
12036,0,10,37,1,0,0,0,1,0,1203.6,0,0,1,0,1,0,0
12604,1,9,37,1,0,0,0,1,0,1400.4444444444443,0,0,1,0,1,0,0
16003,0,19,37,1,0,0,0,1,0,842.2631578947369,0,0,1,0,1,0,0
11044,0,11,37,1,0,0,0,1,0,1004.0,0,0,1,0,1,0,0
10382,0,14,37,1,0,0,0,1,0,741.5714285714286,0,0,1,0,1,0,0
13647,0,20,37,1,0,0,0,1,0,682.35,0,0,1,0,1,0,0
10463,0,11,24,1,0,0,0,0,0,951.1818181818181,0,0,1,1,0,0,0
10998,0,12,24,1,0,0,0,0,0,916.5,0,0,1,1,0,0,0
13167,1,16,24,1,0,0,0,0,0,822.9375,0,0,1,1,0,0,0
17286,0,14,24,1,0,0,0,0,0,1234.7142857142858,0,0,1,1,0,0,0
11813,0,10,24,1,0,0,0,0,0,1181.3,0,0,1,1,0,0,0
9369,0,14,24,1,0,0,0,0,0,669.2142857142857,0,0,1,1,0,0,0
9048,1,13,24,1,0,0,0,0,0,696.0,0,0,1,1,0,0,0
14037,0,13,24,1,0,0,0,0,0,1079.7692307692307,0,0,1,1,0,0,0
9514,0,17,38,1,0,0,1,1,0,559.6470588235294,0,0,1,0,1,0,0
9318,0,10,38,1,0,0,1,1,0,931.8,0,0,1,0,1,0,0
9411,0,14,38,1,0,0,1,1,0,672.2142857142857,0,0,1,0,1,0,0
9470,0,17,38,1,0,0,1,1,0,557.0588235294117,0,0,1,0,1,0,0
9008,0,19,38,1,0,0,1,1,0,474.10526315789474,0,0,1,0,1,0,0
10039,0,12,38,1,0,0,1,1,0,836.5833333333334,0,0,1,0,1,0,0
10613,0,18,38,1,0,0,1,1,0,589.6111111111111,0,0,1,0,1,0,0
10598,0,15,63,0,0,0,1,0,0,706.5333333333333,0,0,1,0,0,1,0
9948,0,27,63,0,0,0,1,0,0,368.44444444444446,0,0,1,0,0,1,0
11146,1,16,19,0,0,0,0,0,0,696.625,0,0,1,1,0,0,0
9823,0,17,19,0,0,0,0,0,0,577.8235294117648,0,0,1,1,0,0,0
11036,0,16,19,0,0,0,0,0,0,689.75,0,0,1,1,0,0,0
9150,0,16,19,0,0,0,0,0,0,571.875,0,0,1,1,0,0,0
12516,0,9,19,0,0,0,0,0,0,1390.6666666666667,0,0,1,1,0,0,0
13291,0,8,38,0,0,0,0,1,0,1661.375,0,0,1,0,1,0,0
10873,0,23,38,0,0,0,0,1,0,472.7391304347826,0,0,1,0,1,0,0
13851,1,19,78,0,0,0,0,0,0,729.0,0,0,1,0,0,0,1
13396,1,21,78,0,0,0,0,0,0,637.9047619047619,0,0,1,0,0,0,1
13818,0,6,78,0,0,0,0,0,0,2303.0,0,0,1,0,0,0,1
12737,1,12,78,0,0,0,0,0,0,1061.4166666666667,0,0,1,0,0,0,1
10782,0,17,78,0,0,0,0,0,0,634.2352941176471,0,0,1,0,0,0,1
10145,0,7,78,0,0,0,0,0,0,1449.2857142857142,0,0,1,0,0,0,1
10252,0,6,70,1,0,1,0,0,1,1708.6666666666667,0,0,1,0,0,0,1
9614,0,6,70,1,0,1,0,0,1,1602.3333333333333,0,0,1,0,0,0,1
14922,0,12,70,1,0,1,0,0,1,1243.5,0,0,1,0,0,0,1
11454,0,25,70,1,0,1,0,0,1,458.16,0,0,1,0,0,0,1
15607,0,11,70,1,0,1,0,0,1,1418.8181818181818,0,0,1,0,0,0,1
11066,0,9,70,1,0,1,0,0,1,1229.5555555555557,0,0,1,0,0,0,1
10364,0,15,70,1,0,1,0,0,1,690.9333333333333,0,0,1,0,0,0,1
13241,0,17,70,1,0,1,0,0,1,778.8823529411765,0,0,1,0,0,0,1
9801,0,13,70,1,0,1,0,0,1,753.9230769230769,0,0,1,0,0,0,1
10292,0,16,21,0,1,0,0,0,1,643.25,0,0,1,1,0,0,0
11819,1,26,78,0,1,0,1,0,1,454.5769230769231,0,0,1,0,0,0,1
9660,0,19,40,0,0,1,1,0,1,508.42105263157896,0,0,1,0,1,0,0
9100,0,16,40,0,0,1,1,0,1,568.75,0,0,1,0,1,0,0
13500,0,9,40,0,0,1,1,0,1,1500.0,0,0,1,0,1,0,0
12168,1,14,40,0,0,1,1,0,1,869.1428571428571,0,0,1,0,1,0,0
12212,1,20,40,0,0,1,1,0,1,610.6,0,0,1,0,1,0,0
9009,1,10,40,0,0,1,1,0,1,900.9,0,0,1,0,1,0,0
15971,0,7,40,0,0,1,1,0,1,2281.5714285714284,0,0,1,0,1,0,0
10884,0,13,40,0,0,1,1,0,1,837.2307692307693,0,0,1,0,1,0,0
9433,0,11,60,0,0,0,1,0,0,857.5454545454545,0,0,1,0,0,1,0
9514,0,12,60,0,0,0,1,0,0,792.8333333333334,0,0,1,0,0,1,0
9875,0,14,60,0,0,0,1,0,0,705.3571428571429,0,0,1,0,0,1,0
10501,0,14,60,0,0,0,1,0,0,750.0714285714286,0,0,1,0,0,1,0
9005,1,17,60,0,0,0,1,0,0,529.7058823529412,0,0,1,0,0,1,0
9867,0,11,60,0,0,0,1,0,0,897.0,0,0,1,0,0,1,0
14419,0,26,27,0,0,0,1,0,0,554.5769230769231,0,0,1,0,1,0,0
9350,0,9,43,1,0,0,0,0,0,1038.888888888889,0,0,1,0,1,0,0
9608,0,12,43,1,0,0,0,0,0,800.6666666666666,0,0,1,0,1,0,0
11115,0,15,43,1,0,0,0,0,0,741.0,0,0,1,0,1,0,0
9707,0,11,35,1,0,0,1,0,0,882.4545454545455,0,0,1,0,1,0,0
9119,0,16,35,1,0,0,1,0,0,569.9375,0,0,1,0,1,0,0
10020,0,15,35,1,0,0,1,0,0,668.0,0,0,1,0,1,0,0
9498,0,13,74,1,0,0,0,0,0,730.6153846153846,0,0,1,0,0,0,1
13691,0,15,74,1,0,0,0,0,0,912.7333333333333,0,0,1,0,0,0,1
14119,1,15,68,1,0,0,1,0,0,941.2666666666667,0,0,1,0,0,0,1
10775,1,7,23,0,1,1,1,0,1,1539.2857142857142,0,0,1,1,0,0,0
9410,0,15,23,0,1,1,1,0,1,627.3333333333334,0,0,1,1,0,0,0
11128,0,19,23,0,1,1,1,0,1,585.6842105263158,0,0,1,1,0,0,0
13714,1,22,23,0,1,1,1,0,1,623.3636363636364,0,0,1,1,0,0,0
9350,0,14,23,0,1,1,1,0,1,667.8571428571429,0,0,1,1,0,0,0
10786,0,16,67,0,0,0,0,0,0,674.125,0,0,1,0,0,0,1
12216,0,12,69,0,1,0,1,0,1,1018.0,0,0,1,0,0,0,1
9482,0,9,71,0,0,0,1,0,0,1053.5555555555557,0,0,1,0,0,0,1
9648,0,12,71,0,0,0,1,0,0,804.0,0,0,1,0,0,0,1
9021,0,10,71,0,0,0,1,0,0,902.1,0,0,1,0,0,0,1
10174,0,13,71,0,0,0,1,0,0,782.6153846153846,0,0,1,0,0,0,1
12947,0,13,71,0,0,0,1,0,0,995.9230769230769,0,0,1,0,0,0,1
10129,0,20,71,0,0,0,1,0,0,506.45,0,0,1,0,0,0,1
10737,0,13,38,0,0,0,1,0,0,825.9230769230769,0,0,1,0,1,0,0
10575,0,11,38,0,0,0,1,0,0,961.3636363636364,0,0,1,0,1,0,0
12587,0,10,38,0,0,0,1,0,0,1258.7,0,0,1,0,1,0,0
9272,0,9,38,0,0,0,1,0,0,1030.2222222222222,0,0,1,0,1,0,0
13152,0,12,38,0,0,0,1,0,0,1096.0,0,0,1,0,1,0,0
14799,0,11,38,0,0,0,1,0,0,1345.3636363636363,0,0,1,0,1,0,0
10865,0,12,38,0,0,0,1,0,0,905.4166666666666,0,0,1,0,1,0,0
10604,0,11,38,0,0,0,1,0,0,964.0,0,0,1,0,1,0,0
11233,1,6,32,1,1,0,1,0,1,1872.1666666666667,0,0,1,0,1,0,0
10180,0,15,32,1,1,0,1,0,1,678.6666666666666,0,0,1,0,1,0,0
10947,0,13,32,1,1,0,1,0,1,842.0769230769231,0,0,1,0,1,0,0
10731,0,11,32,1,1,0,1,0,1,975.5454545454545,0,0,1,0,1,0,0
9110,0,20,32,1,1,0,1,0,1,455.5,0,0,1,0,1,0,0
9259,0,17,32,1,1,0,1,0,1,544.6470588235294,0,0,1,0,1,0,0
12310,0,15,32,1,1,0,1,0,1,820.6666666666666,0,0,1,0,1,0,0
13953,0,20,21,0,0,0,0,0,0,697.65,0,0,1,1,0,0,0
15187,0,9,36,0,0,0,0,0,0,1687.4444444444443,0,0,1,0,1,0,0
9559,0,15,36,0,0,0,0,0,0,637.2666666666667,0,0,1,0,1,0,0
12402,0,11,36,0,0,0,0,0,0,1127.4545454545455,0,0,1,0,1,0,0
11114,0,8,36,0,0,0,0,0,0,1389.25,0,0,1,0,1,0,0
10581,0,18,36,0,0,0,0,0,0,587.8333333333334,0,0,1,0,1,0,0
10025,0,17,36,0,0,0,0,0,0,589.7058823529412,0,0,1,0,1,0,0
11567,0,4,73,1,0,1,0,0,1,2891.75,0,0,1,0,0,0,1
14385,0,12,73,1,0,1,0,0,1,1198.75,0,0,1,0,0,0,1
10526,0,11,73,1,0,1,0,0,1,956.9090909090909,0,0,1,0,0,0,1
15211,0,15,73,1,0,1,0,0,1,1014.0666666666667,0,0,1,0,0,0,1
13932,0,15,73,1,0,1,0,0,1,928.8,0,0,1,0,0,0,1
15780,0,16,73,1,0,1,0,0,1,986.25,0,0,1,0,0,0,1
12258,0,19,73,1,0,1,0,0,1,645.1578947368421,0,0,1,0,0,0,1
13750,0,18,73,1,0,1,0,0,1,763.8888888888889,0,0,1,0,0,0,1
9504,0,12,19,0,0,0,1,0,0,792.0,0,0,1,1,0,0,0
13087,1,8,19,0,0,0,1,0,0,1635.875,0,0,1,1,0,0,0
12326,0,14,19,0,0,0,1,0,0,880.4285714285714,0,0,1,1,0,0,0
16030,0,19,19,0,0,0,1,0,0,843.6842105263158,0,0,1,1,0,0,0
14793,0,10,19,0,0,0,1,0,0,1479.3,0,0,1,1,0,0,0
9805,1,22,32,0,0,0,0,0,0,445.6818181818182,0,0,1,0,1,0,0
10346,0,15,63,0,1,0,0,0,1,689.7333333333333,0,0,1,0,0,1,0
12404,1,4,63,0,1,0,0,0,1,3101.0,0,0,1,0,0,1,0
9750,0,7,63,0,1,0,0,0,1,1392.857142857143,0,0,1,0,0,1,0
9101,0,13,63,0,1,0,0,0,1,700.0769230769231,0,0,1,0,0,1,0
9193,0,15,73,0,0,0,0,0,0,612.8666666666667,0,0,1,0,0,0,1
10076,0,17,73,0,0,0,0,0,0,592.7058823529412,0,0,1,0,0,0,1
10271,1,12,73,0,0,0,0,0,0,855.9166666666666,0,0,1,0,0,0,1
11316,0,17,73,0,0,0,0,0,0,665.6470588235294,0,0,1,0,0,0,1
9093,0,14,73,0,0,0,0,0,0,649.5,0,0,1,0,0,0,1
11027,0,19,39,0,0,0,0,1,0,580.3684210526316,0,0,1,0,1,0,0
12124,0,12,39,0,0,0,0,1,0,1010.3333333333334,0,0,1,0,1,0,0
11688,0,15,39,0,0,0,0,1,0,779.2,0,0,1,0,1,0,0
14449,0,21,39,0,0,0,0,1,0,688.047619047619,0,0,1,0,1,0,0
12018,0,20,39,0,0,0,0,1,0,600.9,0,0,1,0,1,0,0
10097,0,16,76,1,1,0,1,1,1,631.0625,0,0,1,0,0,0,1
9613,1,11,76,1,1,0,1,1,1,873.9090909090909,0,0,1,0,0,0,1
13277,0,11,76,1,1,0,1,1,1,1207.0,0,0,1,0,0,0,1
9488,0,15,76,1,1,0,1,1,1,632.5333333333333,0,0,1,0,0,0,1
11968,0,17,76,1,1,0,1,1,1,704.0,0,0,1,0,0,0,1
12568,1,10,76,1,1,0,1,1,1,1256.8,0,0,1,0,0,0,1
13140,1,15,76,1,1,0,1,1,1,876.0,0,0,1,0,0,0,1
15474,1,13,76,1,1,0,1,1,1,1190.3076923076924,0,0,1,0,0,0,1
12667,0,16,76,1,1,0,1,1,1,791.6875,0,0,1,0,0,0,1
11813,0,15,27,1,0,0,1,0,0,787.5333333333333,0,0,1,0,1,0,0
12633,0,18,27,1,0,0,1,0,0,701.8333333333334,0,0,1,0,1,0,0
11258,0,15,27,1,0,0,1,0,0,750.5333333333333,0,0,1,0,1,0,0
14897,0,16,27,1,0,0,1,0,0,931.0625,0,0,1,0,1,0,0
10788,0,17,27,1,0,0,1,0,0,634.5882352941177,0,0,1,0,1,0,0
10105,0,20,27,1,0,0,1,0,0,505.25,0,0,1,0,1,0,0
10019,0,16,27,1,0,0,1,0,0,626.1875,0,0,1,0,1,0,0
13089,0,10,27,1,0,0,1,0,0,1308.9,0,0,1,0,1,0,0
13653,1,14,85,1,0,0,1,0,0,975.2142857142857,0,0,1,0,0,0,1
9580,0,13,85,1,0,0,1,0,0,736.9230769230769,0,0,1,0,0,0,1
9679,0,11,85,1,0,0,1,0,0,879.9090909090909,0,0,1,0,0,0,1
10182,0,15,20,1,0,0,0,0,0,678.8,0,0,1,1,0,0,0
13596,0,23,20,1,0,0,0,0,0,591.1304347826087,0,0,1,1,0,0,0
9344,0,12,20,1,0,0,0,0,0,778.6666666666666,0,0,1,1,0,0,0
9443,1,8,20,1,0,0,0,0,0,1180.375,0,0,1,1,0,0,0
9710,1,12,20,1,0,0,0,0,0,809.1666666666666,0,0,1,1,0,0,0
12864,0,10,56,1,0,0,0,0,0,1286.4,0,0,1,0,0,1,0
9002,0,17,56,1,0,0,0,0,0,529.5294117647059,0,0,1,0,0,1,0
12535,0,14,56,1,0,0,0,0,0,895.3571428571429,0,0,1,0,0,1,0
11859,0,9,56,1,0,0,0,0,0,1317.6666666666667,0,0,1,0,0,1,0
9294,0,11,56,1,0,0,0,0,0,844.9090909090909,0,0,1,0,0,1,0
9578,0,21,56,1,0,0,0,0,0,456.0952380952381,0,0,1,0,0,1,0
9407,0,15,56,1,0,0,0,0,0,627.1333333333333,0,0,1,0,0,1,0
13646,0,5,56,1,0,0,0,0,0,2729.2,0,0,1,0,0,1,0
10043,0,9,70,0,0,0,0,0,0,1115.888888888889,0,0,1,0,0,0,1
9873,1,12,70,0,0,0,0,0,0,822.75,0,0,1,0,0,0,1
9788,0,15,51,1,1,0,0,0,1,652.5333333333333,0,0,1,0,0,1,0
12978,0,8,51,1,1,0,0,0,1,1622.25,0,0,1,0,0,1,0
10322,0,13,51,1,1,0,0,0,1,794.0,0,0,1,0,0,1,0
12058,0,13,51,1,1,0,0,0,1,927.5384615384615,0,0,1,0,0,1,0
10623,0,10,51,1,1,0,0,0,1,1062.3,0,0,1,0,0,1,0
10490,0,17,51,1,1,0,0,0,1,617.0588235294117,0,0,1,0,0,1,0
12364,0,8,51,1,1,0,0,0,1,1545.5,0,0,1,0,0,1,0
10246,0,16,51,1,1,0,0,0,1,640.375,0,0,1,0,0,1,0
9181,0,7,51,1,1,0,0,0,1,1311.5714285714287,0,0,1,0,0,1,0
14787,0,11,51,1,1,0,0,0,1,1344.2727272727273,0,0,1,0,0,1,0
10939,0,16,51,1,1,0,0,0,1,683.6875,0,0,1,0,0,1,0
12128,0,13,69,0,0,0,1,0,0,932.9230769230769,0,0,1,0,0,0,1
10162,0,11,69,0,0,0,1,0,0,923.8181818181819,0,0,1,0,0,0,1
10647,0,5,69,0,0,0,1,0,0,2129.4,0,0,1,0,0,0,1
11944,0,19,69,0,0,0,1,0,0,628.6315789473684,0,0,1,0,0,0,1
11688,0,13,69,0,0,0,1,0,0,899.0769230769231,0,0,1,0,0,0,1
9272,0,20,69,0,0,0,1,0,0,463.6,0,0,1,0,0,0,1
12412,0,22,69,0,0,0,1,0,0,564.1818181818181,0,0,1,0,0,0,1
11547,0,16,69,0,0,0,1,0,0,721.6875,0,0,1,0,0,0,1
9539,0,11,54,1,1,0,1,0,1,867.1818181818181,0,0,1,0,0,1,0
10884,0,14,54,1,1,0,1,0,1,777.4285714285714,0,0,1,0,0,1,0
9781,0,16,54,1,1,0,1,0,1,611.3125,0,0,1,0,0,1,0
13820,0,13,54,1,1,0,1,0,1,1063.076923076923,0,0,1,0,0,1,0
12368,0,12,54,1,1,0,1,0,1,1030.6666666666667,0,0,1,0,0,1,0
12122,0,15,54,1,1,0,1,0,1,808.1333333333333,0,0,1,0,0,1,0
11729,0,13,54,1,1,0,1,0,1,902.2307692307693,0,0,1,0,0,1,0
10565,0,12,30,1,0,0,1,0,0,880.4166666666666,0,0,1,0,1,0,0
13850,0,19,69,0,1,0,1,0,1,728.9473684210526,0,0,1,0,0,0,1
10887,0,15,69,0,1,0,1,0,1,725.8,0,0,1,0,0,0,1
10650,0,16,69,0,1,0,1,0,1,665.625,0,0,1,0,0,0,1
10910,0,13,69,0,1,0,1,0,1,839.2307692307693,0,0,1,0,0,0,1
11477,0,15,69,0,1,0,1,0,1,765.1333333333333,0,0,1,0,0,0,1
10611,0,16,69,0,1,0,1,0,1,663.1875,0,0,1,0,0,0,1
15470,0,11,69,0,1,0,1,0,1,1406.3636363636363,0,0,1,0,0,0,1
12079,0,10,69,0,1,0,1,0,1,1207.9,0,0,1,0,0,0,1
16285,0,15,69,0,1,0,1,0,1,1085.6666666666667,0,0,1,0,0,0,1
11034,0,15,69,0,1,0,1,0,1,735.6,0,0,1,0,0,0,1
15272,0,12,69,0,1,0,1,0,1,1272.6666666666667,0,0,1,0,0,0,1
17908,0,8,62,1,0,0,0,0,0,2238.5,0,0,1,0,0,1,0
18019,0,14,62,1,0,0,0,0,0,1287.0714285714287,0,0,1,0,0,1,0
10443,0,11,62,1,0,0,0,0,0,949.3636363636364,0,0,1,0,0,1,0
15943,1,13,62,1,0,0,0,0,0,1226.3846153846155,0,0,1,0,0,1,0
13609,0,22,62,1,0,0,0,0,0,618.5909090909091,0,0,1,0,0,1,0
9598,0,8,62,1,0,0,0,0,0,1199.75,0,0,1,0,0,1,0
10175,0,14,62,1,0,0,0,0,0,726.7857142857143,0,0,1,0,0,1,0
12884,0,14,62,1,0,0,0,0,0,920.2857142857143,0,0,1,0,0,1,0
11600,0,11,62,1,0,0,0,0,0,1054.5454545454545,0,0,1,0,0,1,0
12086,1,17,62,1,0,0,0,0,0,710.9411764705883,0,0,1,0,0,1,0
16720,1,15,62,1,0,0,0,0,0,1114.6666666666667,0,0,1,0,0,1,0
10494,0,19,48,0,0,1,0,0,1,552.3157894736842,0,0,1,0,0,1,0
9232,0,19,40,1,0,0,0,0,0,485.89473684210526,0,0,1,0,1,0,0
10592,0,13,40,1,0,0,0,0,0,814.7692307692307,0,0,1,0,1,0,0
14951,0,13,40,1,0,0,0,0,0,1150.076923076923,0,0,1,0,1,0,0
9598,0,14,40,1,0,0,0,0,0,685.5714285714286,0,0,1,0,1,0,0
14799,0,19,40,1,0,0,0,0,0,778.8947368421053,0,0,1,0,1,0,0
9939,0,17,40,1,0,0,0,0,0,584.6470588235294,0,0,1,0,1,0,0
9500,0,12,70,0,0,1,1,0,1,791.6666666666666,0,0,1,0,0,0,1
9890,0,17,70,0,0,1,1,0,1,581.7647058823529,0,0,1,0,0,0,1
9168,0,9,26,0,0,0,0,0,0,1018.6666666666666,0,0,1,0,1,0,0
11442,1,16,26,0,0,0,0,0,0,715.125,0,0,1,0,1,0,0
12745,1,21,78,0,0,0,0,0,0,606.9047619047619,0,0,1,0,0,0,1
17229,0,12,69,1,0,1,1,0,1,1435.75,0,0,1,0,0,0,1
14472,0,11,69,1,0,1,1,0,1,1315.6363636363637,0,0,1,0,0,0,1
17683,0,14,69,1,0,1,1,0,1,1263.0714285714287,0,0,1,0,0,0,1
14284,0,21,69,1,0,1,1,0,1,680.1904761904761,0,0,1,0,0,0,1
14244,1,18,69,1,0,1,1,0,1,791.3333333333334,0,0,1,0,0,0,1
10152,0,19,69,1,0,1,1,0,1,534.3157894736842,0,0,1,0,0,0,1
15308,0,21,69,1,0,1,1,0,1,728.952380952381,0,0,1,0,0,0,1
12582,0,12,69,1,0,1,1,0,1,1048.5,0,0,1,0,0,0,1
10011,0,6,69,1,0,1,1,0,1,1668.5,0,0,1,0,0,0,1
10110,0,15,74,1,1,0,1,1,1,674.0,0,0,1,0,0,0,1
9196,0,9,74,1,1,0,1,1,1,1021.7777777777778,0,0,1,0,0,0,1
14392,1,8,74,1,1,0,1,1,1,1799.0,0,0,1,0,0,0,1
10330,0,13,63,1,0,0,0,0,0,794.6153846153846,0,0,1,0,0,1,0
11809,0,11,46,1,0,1,0,1,1,1073.5454545454545,0,0,1,0,0,1,0
9258,0,10,46,1,0,1,0,1,1,925.8,0,0,1,0,0,1,0
12508,0,12,46,1,0,1,0,1,1,1042.3333333333333,0,0,1,0,0,1,0
13404,0,14,46,1,0,1,0,1,1,957.4285714285714,0,0,1,0,0,1,0
16866,0,12,46,1,0,1,0,1,1,1405.5,0,0,1,0,0,1,0
13704,0,14,46,1,0,1,0,1,1,978.8571428571429,0,0,1,0,0,1,0
13247,0,12,46,1,0,1,0,1,1,1103.9166666666667,0,0,1,0,0,1,0
10758,0,8,46,1,0,1,0,1,1,1344.75,0,0,1,0,0,1,0
11244,0,12,50,1,0,0,0,0,0,937.0,0,0,1,0,0,1,0
14122,0,13,50,1,0,0,0,0,0,1086.3076923076924,0,0,1,0,0,1,0
9416,0,12,50,1,0,0,0,0,0,784.6666666666666,0,0,1,0,0,1,0
11500,1,8,50,1,0,0,0,0,0,1437.5,0,0,1,0,0,1,0
15321,0,10,50,1,0,0,0,0,0,1532.1,0,0,1,0,0,1,0
10601,0,13,50,1,0,0,0,0,0,815.4615384615385,0,0,1,0,0,1,0
12191,1,17,24,0,1,0,1,0,1,717.1176470588235,0,0,1,1,0,0,0
13009,0,8,24,0,1,0,1,0,1,1626.125,0,0,1,1,0,0,0
9844,0,18,24,0,1,0,1,0,1,546.8888888888889,0,0,1,1,0,0,0
10156,0,15,24,0,1,0,1,0,1,677.0666666666667,0,0,1,1,0,0,0
9004,0,8,24,0,1,0,1,0,1,1125.5,0,0,1,1,0,0,0
9565,0,11,24,0,1,0,1,0,1,869.5454545454545,0,0,1,1,0,0,0
12819,0,13,47,1,0,0,0,0,0,986.0769230769231,0,0,1,0,0,1,0
12480,0,20,47,1,0,0,0,0,0,624.0,0,0,1,0,0,1,0
12431,0,20,47,1,0,0,0,0,0,621.55,0,0,1,0,0,1,0
10509,0,9,47,1,0,0,0,0,0,1167.6666666666667,0,0,1,0,0,1,0
12288,0,10,47,1,0,0,0,0,0,1228.8,0,0,1,0,0,1,0
10211,0,13,47,1,0,0,0,0,0,785.4615384615385,0,0,1,0,0,1,0
13653,0,16,47,1,0,0,0,0,0,853.3125,0,0,1,0,0,1,0
25873,1,17,47,1,0,0,0,0,0,1521.9411764705883,0,0,1,0,0,1,0
24395,1,18,47,1,0,0,0,0,0,1355.2777777777778,0,0,1,0,0,1,0
17484,0,17,47,1,0,0,0,0,0,1028.4705882352941,0,0,1,0,0,1,0
9124,0,20,47,1,0,0,0,0,0,456.2,0,0,1,0,0,1,0
13287,0,14,33,1,1,0,0,0,1,949.0714285714286,0,0,1,0,1,0,0
14890,1,9,33,1,1,0,0,0,1,1654.4444444444443,0,0,1,0,1,0,0
9567,0,13,33,1,1,0,0,0,1,735.9230769230769,0,0,1,0,1,0,0
12831,0,10,33,1,1,0,0,0,1,1283.1,0,0,1,0,1,0,0
10636,0,13,33,1,1,0,0,0,1,818.1538461538462,0,0,1,0,1,0,0
10039,0,8,33,1,1,0,0,0,1,1254.875,0,0,1,0,1,0,0
16419,0,14,33,1,1,0,0,0,1,1172.7857142857142,0,0,1,0,1,0,0
13332,0,16,33,1,1,0,0,0,1,833.25,0,0,1,0,1,0,0
9047,1,17,33,1,1,0,0,0,1,532.1764705882352,0,0,1,0,1,0,0
17015,0,17,43,0,1,0,0,0,1,1000.8823529411765,0,0,1,0,1,0,0
13943,0,11,43,0,1,0,0,0,1,1267.5454545454545,0,0,1,0,1,0,0
9201,0,11,43,0,1,0,0,0,1,836.4545454545455,0,0,1,0,1,0,0
16112,1,15,43,0,1,0,0,0,1,1074.1333333333334,0,0,1,0,1,0,0
13926,0,12,43,0,1,0,0,0,1,1160.5,0,0,1,0,1,0,0
12977,0,9,43,0,1,0,0,0,1,1441.888888888889,0,0,1,0,1,0,0
10732,0,14,44,0,0,0,0,0,0,766.5714285714286,0,0,1,0,1,0,0
16274,0,11,44,0,0,0,0,0,0,1479.4545454545455,0,0,1,0,1,0,0
14045,0,10,44,0,0,0,0,0,0,1404.5,0,0,1,0,1,0,0
9680,0,10,44,0,0,0,0,0,0,968.0,0,0,1,0,1,0,0
10683,0,16,44,0,0,0,0,0,0,667.6875,0,0,1,0,1,0,0
13284,0,17,44,0,0,0,0,0,0,781.4117647058823,0,0,1,0,1,0,0
18459,0,13,44,0,0,0,0,0,0,1419.923076923077,0,0,1,0,1,0,0
16651,0,12,44,0,0,0,0,0,0,1387.5833333333333,0,0,1,0,1,0,0
17566,0,18,44,0,0,0,0,0,0,975.8888888888889,0,0,1,0,1,0,0
12334,0,15,44,0,0,0,0,0,0,822.2666666666667,0,0,1,0,1,0,0
16888,1,22,53,0,0,0,0,0,0,767.6363636363636,0,0,1,0,0,1,0
10902,0,18,53,0,0,0,0,0,0,605.6666666666666,0,0,1,0,0,1,0
10126,0,12,53,0,0,0,0,0,0,843.8333333333334,0,0,1,0,0,1,0
11228,1,17,76,0,0,0,0,0,0,660.4705882352941,0,0,1,0,0,0,1
10214,0,18,46,0,0,0,0,0,0,567.4444444444445,0,0,1,0,0,1,0
11783,1,15,46,0,0,0,0,0,0,785.5333333333333,0,0,1,0,0,1,0
10360,0,12,46,0,0,0,0,0,0,863.3333333333334,0,0,1,0,0,1,0
11464,0,20,36,1,1,0,0,0,1,573.2,0,0,1,0,1,0,0
10575,0,14,36,1,1,0,0,0,1,755.3571428571429,0,0,1,0,1,0,0
18538,0,13,68,1,0,0,0,0,0,1426.0,0,0,1,0,0,0,1
9807,1,9,68,1,0,0,0,0,0,1089.6666666666667,0,0,1,0,0,0,1
11654,0,16,68,1,0,0,0,0,0,728.375,0,0,1,0,0,0,1
10729,0,15,68,1,0,0,0,0,0,715.2666666666667,0,0,1,0,0,0,1
11078,0,15,68,1,0,0,0,0,0,738.5333333333333,0,0,1,0,0,0,1
11061,0,11,68,1,0,0,0,0,0,1005.5454545454545,0,0,1,0,0,0,1
9576,0,16,68,1,0,0,0,0,0,598.5,0,0,1,0,0,0,1
9603,0,11,68,1,0,0,0,0,0,873.0,0,0,1,0,0,0,1
11158,0,16,42,1,0,0,0,0,0,697.375,0,0,1,0,1,0,0
10384,0,11,42,1,0,0,0,0,0,944.0,0,0,1,0,1,0,0
10601,0,14,42,1,0,0,0,0,0,757.2142857142857,0,0,1,0,1,0,0
15125,1,16,82,1,0,0,0,0,0,945.3125,0,0,1,0,0,0,1
10054,0,17,79,1,0,0,0,0,0,591.4117647058823,0,0,1,0,0,0,1
9149,0,13,79,1,0,0,0,0,0,703.7692307692307,0,0,1,0,0,0,1
13861,1,17,79,1,0,0,0,0,0,815.3529411764706,0,0,1,0,0,0,1
9401,1,12,79,1,0,0,0,0,0,783.4166666666666,0,0,1,0,0,0,1
10052,0,12,79,1,0,0,0,0,0,837.6666666666666,0,0,1,0,0,0,1
9013,0,9,56,1,1,0,0,0,1,1001.4444444444445,0,0,1,0,0,1,0
20559,0,8,56,1,1,0,0,0,1,2569.875,0,0,1,0,0,1,0
10580,0,10,56,1,1,0,0,0,1,1058.0,0,0,1,0,0,1,0
11229,1,12,56,1,1,0,0,0,1,935.75,0,0,1,0,0,1,0
12215,0,14,56,1,1,0,0,0,1,872.5,0,0,1,0,0,1,0
14602,0,11,56,1,1,0,0,0,1,1327.4545454545455,0,0,1,0,0,1,0
14169,1,12,56,1,1,0,0,0,1,1180.75,0,0,1,0,0,1,0
10431,1,16,60,0,0,0,0,0,0,651.9375,0,0,1,0,0,1,0
12930,1,9,58,1,0,0,1,1,0,1436.6666666666667,0,0,1,0,0,1,0
10698,0,13,58,1,0,0,1,1,0,822.9230769230769,0,0,1,0,0,1,0
11095,0,13,58,1,0,0,1,1,0,853.4615384615385,0,0,1,0,0,1,0
12018,0,21,58,1,0,0,1,1,0,572.2857142857143,0,0,1,0,0,1,0
10270,0,17,58,1,0,0,1,1,0,604.1176470588235,0,0,1,0,0,1,0
10796,0,10,58,1,0,0,1,1,0,1079.6,0,0,1,0,0,1,0
10994,0,15,65,1,0,1,0,0,1,732.9333333333333,0,0,1,0,0,0,1
9665,0,11,65,1,0,1,0,0,1,878.6363636363636,0,0,1,0,0,0,1
9978,0,12,65,1,0,1,0,0,1,831.5,0,0,1,0,0,0,1
10809,0,9,65,1,0,1,0,0,1,1201.0,0,0,1,0,0,0,1
11880,0,13,65,1,0,1,0,0,1,913.8461538461538,0,0,1,0,0,0,1
9881,0,14,65,1,0,1,0,0,1,705.7857142857143,0,0,1,0,0,0,1
13259,0,12,65,1,0,1,0,0,1,1104.9166666666667,0,0,1,0,0,0,1
11364,0,16,65,1,0,1,0,0,1,710.25,0,0,1,0,0,0,1
11410,0,18,18,0,0,0,0,0,0,633.8888888888889,0,0,1,1,0,0,0
9600,0,13,26,1,1,0,1,0,1,738.4615384615385,0,0,1,0,1,0,0
10400,0,19,26,1,1,0,1,0,1,547.3684210526316,0,0,1,0,1,0,0
9955,0,14,26,1,1,0,1,0,1,711.0714285714286,0,0,1,0,1,0,0
9284,0,15,26,1,1,0,1,0,1,618.9333333333333,0,0,1,0,1,0,0
11038,0,9,39,0,0,0,1,1,0,1226.4444444444443,0,0,1,0,1,0,0
10633,0,21,39,0,0,0,1,1,0,506.3333333333333,0,0,1,0,1,0,0
10591,0,15,39,0,0,0,1,1,0,706.0666666666667,0,0,1,0,1,0,0
11822,0,7,39,0,0,0,1,1,0,1688.857142857143,0,0,1,0,1,0,0
10119,0,14,39,0,0,0,1,1,0,722.7857142857143,0,0,1,0,1,0,0
10901,0,14,39,0,0,0,1,1,0,778.6428571428571,0,0,1,0,1,0,0
9038,0,13,39,0,0,0,1,1,0,695.2307692307693,0,0,1,0,1,0,0
9850,0,17,39,0,0,0,1,1,0,579.4117647058823,0,0,1,0,1,0,0
18351,0,20,39,0,0,0,1,1,0,917.55,0,0,1,0,1,0,0
10757,1,17,39,0,0,0,1,1,0,632.7647058823529,0,0,1,0,1,0,0
10007,0,16,65,1,0,0,0,0,0,625.4375,0,0,1,0,0,0,1
9223,0,13,65,1,0,0,0,0,0,709.4615384615385,0,0,1,0,0,0,1
9207,1,18,22,1,0,0,0,0,0,511.5,0,0,1,1,0,0,0
10758,0,13,22,1,0,0,0,0,0,827.5384615384615,0,0,1,1,0,0,0
12525,0,17,73,0,1,0,0,1,1,736.7647058823529,0,0,1,0,0,0,1
11157,0,13,73,0,1,0,0,1,1,858.2307692307693,0,0,1,0,0,0,1
11022,1,14,73,0,1,0,0,1,1,787.2857142857143,0,0,1,0,0,0,1
11490,0,14,73,0,1,0,0,1,1,820.7142857142857,0,0,1,0,0,0,1
9048,0,19,73,0,1,0,0,1,1,476.2105263157895,0,0,1,0,0,0,1
11477,1,11,73,0,1,0,0,1,1,1043.3636363636363,0,0,1,0,0,0,1
12715,0,12,73,0,1,0,0,1,1,1059.5833333333333,0,0,1,0,0,0,1
13464,0,8,62,0,0,1,0,0,1,1683.0,0,0,1,0,0,1,0
11359,0,15,62,0,0,1,0,0,1,757.2666666666667,0,0,1,0,0,1,0
10271,0,13,62,0,0,1,0,0,1,790.0769230769231,0,0,1,0,0,1,0
10985,0,13,62,0,0,1,0,0,1,845.0,0,0,1,0,0,1,0
9160,0,15,62,0,0,1,0,0,1,610.6666666666666,0,0,1,0,0,1,0
11352,0,6,62,0,0,1,0,0,1,1892.0,0,0,1,0,0,1,0
9173,0,14,62,0,0,1,0,0,1,655.2142857142857,0,0,1,0,0,1,0
10288,0,9,62,0,0,1,0,0,1,1143.111111111111,0,0,1,0,0,1,0
9629,0,15,62,0,0,1,0,0,1,641.9333333333333,0,0,1,0,0,1,0
9651,0,19,62,0,0,1,0,0,1,507.94736842105266,0,0,1,0,0,1,0
9649,0,24,51,0,0,0,0,0,0,402.0416666666667,0,0,1,0,0,1,0
15829,0,19,61,1,1,0,1,0,1,833.1052631578947,0,0,1,0,0,1,0
13110,0,11,61,1,1,0,1,0,1,1191.8181818181818,0,0,1,0,0,1,0
13600,0,11,61,1,1,0,1,0,1,1236.3636363636363,0,0,1,0,0,1,0
13998,0,14,61,1,1,0,1,0,1,999.8571428571429,0,0,1,0,0,1,0
9428,0,13,61,1,1,0,1,0,1,725.2307692307693,0,0,1,0,0,1,0
9652,0,14,61,1,1,0,1,0,1,689.4285714285714,0,0,1,0,0,1,0
13329,0,5,61,1,1,0,1,0,1,2665.8,0,0,1,0,0,1,0
15737,0,19,48,1,1,0,0,0,1,828.2631578947369,0,0,1,0,0,1,0
12519,0,11,21,0,0,0,0,1,0,1138.090909090909,0,0,1,1,0,0,0
9235,0,12,21,0,0,0,0,1,0,769.5833333333334,0,0,1,1,0,0,0
9049,0,13,21,0,0,0,0,1,0,696.0769230769231,0,0,1,1,0,0,0
9262,0,8,21,0,0,0,0,1,0,1157.75,0,0,1,1,0,0,0
11901,1,5,21,0,0,0,0,1,0,2380.2,0,0,1,1,0,0,0
9037,1,12,21,0,0,0,0,1,0,753.0833333333334,0,0,1,1,0,0,0
15596,0,14,21,0,0,0,0,1,0,1114.0,0,0,1,1,0,0,0
9334,0,17,21,0,0,0,0,1,0,549.0588235294117,0,0,1,1,0,0,0
12293,0,19,21,0,0,0,0,1,0,647.0,0,0,1,1,0,0,0
13095,1,17,83,0,0,0,0,0,0,770.2941176470588,0,0,1,0,0,0,1
11584,1,5,83,0,0,0,0,0,0,2316.8,0,0,1,0,0,0,1
9387,0,12,83,0,0,0,0,0,0,782.25,0,0,1,0,0,0,1
10224,0,12,27,1,0,0,0,0,0,852.0,0,0,1,0,1,0,0
11949,0,17,27,1,0,0,0,0,0,702.8823529411765,0,0,1,0,1,0,0
10444,0,15,27,1,0,0,0,0,0,696.2666666666667,0,0,1,0,1,0,0
11592,0,19,27,1,0,0,0,0,0,610.1052631578947,0,0,1,0,1,0,0
10510,0,13,27,1,0,0,0,0,0,808.4615384615385,0,0,1,0,1,0,0
11055,0,18,27,1,0,0,0,0,0,614.1666666666666,0,0,1,0,1,0,0
12955,1,18,27,1,0,0,1,0,0,719.7222222222222,0,0,1,0,1,0,0
10973,0,7,77,0,0,0,1,0,0,1567.5714285714287,0,0,1,0,0,0,1
9630,0,25,77,0,0,0,1,0,0,385.2,0,0,1,0,0,0,1
9532,0,15,77,0,0,0,1,0,0,635.4666666666667,0,0,1,0,0,0,1
9920,1,15,77,0,0,0,1,0,0,661.3333333333334,0,0,1,0,0,0,1
9404,0,6,77,0,0,0,1,0,0,1567.3333333333333,0,0,1,0,0,0,1
12155,0,12,77,0,0,0,1,0,0,1012.9166666666666,0,0,1,0,0,0,1
10704,0,18,77,0,0,0,1,0,0,594.6666666666666,0,0,1,0,0,0,1
11130,0,14,53,0,0,1,0,0,1,795.0,0,0,1,0,0,1,0
10294,0,10,53,0,0,1,0,0,1,1029.4,0,0,1,0,0,1,0
10665,0,11,53,0,0,1,0,0,1,969.5454545454545,0,0,1,0,0,1,0
10364,0,15,53,0,0,1,0,0,1,690.9333333333333,0,0,1,0,0,1,0
9725,0,11,53,0,0,1,0,0,1,884.0909090909091,0,0,1,0,0,1,0
12056,0,19,53,0,0,1,0,0,1,634.5263157894736,0,0,1,0,0,1,0
12879,0,10,53,0,0,1,0,0,1,1287.9,0,0,1,0,0,1,0
11437,0,25,53,0,0,1,0,0,1,457.48,0,0,1,0,0,1,0
14863,0,15,55,0,0,0,1,0,0,990.8666666666667,0,0,1,0,0,1,0
9259,0,17,55,0,0,0,1,0,0,544.6470588235294,0,0,1,0,0,1,0
9386,0,15,55,0,0,0,1,0,0,625.7333333333333,0,0,1,0,0,1,0
10368,0,21,55,0,0,0,1,0,0,493.7142857142857,0,0,1,0,0,1,0
10430,0,8,55,0,0,0,1,0,0,1303.75,0,0,1,0,0,1,0
12748,0,11,55,0,0,0,1,0,0,1158.909090909091,0,0,1,0,0,1,0
12632,0,21,55,0,0,0,1,0,0,601.5238095238095,0,0,1,0,0,1,0
10162,0,12,55,0,0,0,1,0,0,846.8333333333334,0,0,1,0,0,1,0
12804,0,10,55,0,0,0,1,0,0,1280.4,0,0,1,0,0,1,0
13696,0,14,55,0,0,0,1,0,0,978.2857142857143,0,0,1,0,0,1,0
9906,0,13,80,1,1,0,0,0,1,762.0,0,0,1,0,0,0,1
15072,1,16,80,1,1,0,0,0,1,942.0,0,0,1,0,0,0,1
11328,0,23,30,0,0,0,1,0,0,492.5217391304348,0,0,1,0,1,0,0
10788,1,16,28,0,1,0,1,1,1,674.25,0,0,1,0,1,0,0
9212,0,16,28,0,1,0,1,1,1,575.75,0,0,1,0,1,0,0
9659,0,8,28,0,1,0,1,1,1,1207.375,0,0,1,0,1,0,0
10560,0,11,28,0,1,0,1,1,1,960.0,0,0,1,0,1,0,0
11708,0,16,28,0,1,0,1,1,1,731.75,0,0,1,0,1,0,0
9999,0,23,28,0,1,0,1,1,1,434.7391304347826,0,0,1,0,1,0,0
12926,1,24,78,1,0,0,1,0,0,538.5833333333334,0,0,1,0,0,0,1
