Transaction_Value,No_Of_Monthly_Transactions,Age,Sex,High_Risk_Country,Vulnerable_Area,Intention_International_Payments,Intention_Cash_Deposits,High_Risk_Transaction,Average_Value_Per_Transaction,Transaction_Cash,Transaction_Wire,Age_Is_young,Age_Is_lower_middle,Age_Is_upper_middle,Age_Is_old
4667,9,28,1,0,0,1,0,0,518.5555555555555,0,1,0,1,0,0
4449,16,28,1,0,0,1,0,0,278.0625,0,1,0,1,0,0
5138,8,28,1,0,0,1,0,0,642.25,0,1,0,1,0,0
3376,13,28,1,0,0,1,0,0,259.6923076923077,0,1,0,1,0,0
6031,9,28,1,0,0,1,0,0,670.1111111111111,0,1,0,1,0,0
3834,9,28,1,0,0,1,0,0,426.0,0,1,0,1,0,0
3282,12,28,1,0,0,1,0,0,273.5,0,1,0,1,0,0
5980,10,28,1,0,0,1,0,0,598.0,0,1,0,1,0,0
4114,11,28,1,0,0,1,0,0,374.0,0,1,0,1,0,0
4989,11,28,1,0,0,1,0,0,453.54545454545456,0,1,0,1,0,0
6416,18,28,1,0,0,1,0,0,356.44444444444446,0,1,0,1,0,0
8573,12,80,1,0,0,0,0,0,714.4166666666666,0,1,0,0,0,1
7818,12,80,1,0,0,0,0,0,651.5,0,1,0,0,0,1
6536,12,80,1,0,0,0,0,0,544.6666666666666,0,1,0,0,0,1
4176,12,80,1,0,0,0,0,0,348.0,0,1,0,0,0,1
5875,11,80,1,0,0,0,0,0,534.0909090909091,0,1,0,0,0,1
7892,9,80,1,0,0,0,0,0,876.8888888888889,0,1,0,0,0,1
5585,10,80,1,0,0,0,0,0,558.5,0,1,0,0,0,1
6485,18,80,1,0,0,0,0,0,360.27777777777777,0,1,0,0,0,1
7850,13,80,1,0,0,0,0,0,603.8461538461538,0,1,0,0,0,1
5205,9,80,1,0,0,0,0,0,578.3333333333334,0,1,0,0,0,1
5856,18,79,0,0,0,0,0,0,325.3333333333333,0,1,0,0,0,1
5418,15,79,0,0,0,0,0,0,361.2,0,1,0,0,0,1
8446,18,79,0,0,0,0,0,0,469.22222222222223,0,1,0,0,0,1
4977,16,79,0,0,0,0,0,0,311.0625,0,1,0,0,0,1
7690,20,79,0,0,0,0,0,0,384.5,0,1,0,0,0,1
7580,9,79,0,0,0,0,0,0,842.2222222222222,0,1,0,0,0,1
7099,13,79,0,0,0,0,0,0,546.0769230769231,0,1,0,0,0,1
6654,16,79,0,0,0,0,0,0,415.875,0,1,0,0,0,1
8065,11,34,0,0,0,0,0,0,733.1818181818181,0,1,0,1,0,0
7994,12,34,0,0,0,0,0,0,666.1666666666666,0,1,0,1,0,0
6404,16,34,0,0,0,0,0,0,400.25,0,1,0,1,0,0
7049,12,34,0,0,0,0,0,0,587.4166666666666,0,1,0,1,0,0
8994,11,58,1,0,0,0,0,0,817.6363636363636,0,1,0,0,1,0
5961,11,58,1,0,0,0,0,0,541.9090909090909,0,1,0,0,1,0
8825,11,58,1,0,0,0,0,0,802.2727272727273,0,1,0,0,1,0
6459,19,30,0,1,0,0,0,1,339.94736842105266,0,1,0,1,0,0
1806,12,30,0,1,0,0,0,1,150.5,0,1,0,1,0,0
1615,16,30,0,1,0,0,0,1,100.9375,0,1,0,1,0,0
4150,19,30,0,1,0,0,0,1,218.42105263157896,0,1,0,1,0,0
2173,16,30,0,1,0,0,0,1,135.8125,0,1,0,1,0,0
1166,11,30,0,1,0,0,0,1,106.0,0,1,0,1,0,0
984,7,30,0,1,0,0,0,1,140.57142857142858,0,1,0,1,0,0
1290,10,30,0,1,0,0,0,1,129.0,0,1,0,1,0,0
724,15,30,0,1,0,0,0,1,48.266666666666666,0,1,0,1,0,0
1174,9,30,0,1,0,0,0,1,130.44444444444446,0,1,0,1,0,0
3261,12,30,0,1,0,0,0,1,271.75,0,1,0,1,0,0
1233,6,30,0,1,0,0,0,1,205.5,0,1,0,1,0,0
4090,14,42,1,0,0,1,1,0,292.14285714285717,0,1,0,1,0,0
4164,7,42,1,0,0,1,1,0,594.8571428571429,0,1,0,1,0,0
7201,12,42,1,0,0,1,1,0,600.0833333333334,0,1,0,1,0,0
4273,12,42,1,0,0,1,1,0,356.0833333333333,0,1,0,1,0,0
3925,14,42,1,0,0,1,1,0,280.35714285714283,0,1,0,1,0,0
4320,20,42,1,0,0,1,1,0,216.0,0,1,0,1,0,0
5814,12,42,1,0,0,1,1,0,484.5,0,1,0,1,0,0
5823,22,42,1,0,0,1,1,0,264.6818181818182,0,1,0,1,0,0
5269,16,42,1,0,0,1,1,0,329.3125,0,1,0,1,0,0
5218,11,42,1,0,0,1,1,0,474.3636363636364,0,1,0,1,0,0
6515,13,42,1,0,0,1,1,0,501.15384615384613,0,1,0,1,0,0
8447,11,37,1,0,0,0,0,0,767.9090909090909,0,1,0,1,0,0
8867,19,37,1,0,0,0,0,0,466.6842105263158,0,1,0,1,0,0
7484,8,37,1,0,0,0,0,0,935.5,0,1,0,1,0,0
6266,12,37,1,0,0,0,0,0,522.1666666666666,0,1,0,1,0,0
8043,17,51,0,0,0,0,0,0,473.11764705882354,0,1,0,0,1,0
8390,10,51,0,0,0,0,0,0,839.0,0,1,0,0,1,0
6299,13,51,0,0,0,0,0,0,484.53846153846155,0,1,0,0,1,0
8212,11,51,0,0,0,0,0,0,746.5454545454545,0,1,0,0,1,0
8725,14,51,0,0,0,0,0,0,623.2142857142857,0,1,0,0,1,0
7542,16,51,0,0,0,0,0,0,471.375,0,1,0,0,1,0
8535,11,51,0,0,0,0,0,0,775.9090909090909,0,1,0,0,1,0
7326,10,24,0,0,0,1,0,0,732.6,0,1,1,0,0,0
6065,11,24,0,0,0,1,0,0,551.3636363636364,0,1,1,0,0,0
7294,16,24,0,0,0,1,0,0,455.875,0,1,1,0,0,0
6082,13,24,0,0,0,1,0,0,467.84615384615387,0,1,1,0,0,0
7674,12,24,0,0,0,1,0,0,639.5,0,1,1,0,0,0
6841,10,24,0,0,0,1,0,0,684.1,0,1,1,0,0,0
8273,13,24,0,0,0,1,0,0,636.3846153846154,0,1,1,0,0,0
7490,10,24,0,0,0,1,0,0,749.0,0,1,1,0,0,0
5839,13,50,1,0,0,0,0,0,449.15384615384613,0,1,0,0,1,0
3611,14,50,1,0,0,0,0,0,257.92857142857144,0,1,0,0,1,0
4186,5,50,1,0,0,0,0,0,837.2,0,1,0,0,1,0
7086,18,50,1,0,0,0,0,0,393.6666666666667,0,1,0,0,1,0
6685,13,50,1,0,0,0,0,0,514.2307692307693,0,1,0,0,1,0
7487,14,50,1,0,0,0,0,0,534.7857142857143,0,1,0,0,1,0
8895,22,50,1,0,0,0,0,0,404.3181818181818,0,1,0,0,1,0
8810,19,50,1,0,0,0,0,0,463.6842105263158,0,1,0,0,1,0
7925,10,68,1,0,0,0,0,0,792.5,0,1,0,0,0,1
6889,10,68,1,0,0,0,0,0,688.9,0,1,0,0,0,1
7765,13,68,1,0,0,0,0,0,597.3076923076923,0,1,0,0,0,1
1479,19,47,0,0,0,0,0,0,77.84210526315789,0,1,0,0,1,0
1079,10,47,0,0,0,0,0,0,107.9,0,1,0,0,1,0
1145,13,47,0,0,0,0,0,0,88.07692307692308,0,1,0,0,1,0
2064,20,47,0,0,0,0,0,0,103.2,0,1,0,0,1,0
4028,15,47,0,0,0,0,0,0,268.53333333333336,0,1,0,0,1,0
1197,6,47,0,0,0,0,0,0,199.5,0,1,0,0,1,0
602,9,47,0,0,0,0,0,0,66.88888888888889,0,1,0,0,1,0
1531,10,47,0,0,0,0,0,0,153.1,0,1,0,0,1,0
4245,21,47,0,0,0,0,0,0,202.14285714285714,0,1,0,0,1,0
855,12,47,0,0,0,0,0,0,71.25,0,1,0,0,1,0
1090,17,47,0,0,0,0,0,0,64.11764705882354,0,1,0,0,1,0
1024,16,47,0,0,0,0,0,0,64.0,0,1,0,0,1,0
5264,18,69,1,0,0,1,0,0,292.44444444444446,0,1,0,0,0,1
3934,15,69,1,0,0,1,0,0,262.26666666666665,0,1,0,0,0,1
1825,14,69,1,0,0,1,0,0,130.35714285714286,0,1,0,0,0,1
1768,11,69,1,0,0,1,0,0,160.72727272727272,0,1,0,0,0,1
1249,13,69,1,0,0,1,0,0,96.07692307692308,0,1,0,0,0,1
1072,6,69,1,0,0,1,0,0,178.66666666666666,0,1,0,0,0,1
1323,11,69,1,0,0,1,0,0,120.27272727272727,0,1,0,0,0,1
2708,20,69,1,0,0,1,0,0,135.4,0,1,0,0,0,1
2227,11,69,1,0,0,1,0,0,202.45454545454547,0,1,0,0,0,1
859,13,69,1,0,0,1,0,0,66.07692307692308,0,1,0,0,0,1
1690,17,69,1,0,0,1,0,0,99.41176470588235,0,1,0,0,0,1
4458,12,69,1,0,0,1,0,0,371.5,0,1,0,0,0,1
5535,17,27,1,0,0,0,1,0,325.5882352941176,0,1,0,1,0,0
120,3,27,1,0,0,0,1,0,40.0,0,1,0,1,0,0
3863,13,27,1,0,0,0,1,0,297.15384615384613,0,1,0,1,0,0
3332,12,27,1,0,0,0,1,0,277.6666666666667,0,1,0,1,0,0
2640,13,27,1,0,0,0,1,0,203.07692307692307,0,1,0,1,0,0
3416,21,27,1,0,0,0,1,0,162.66666666666666,0,1,0,1,0,0
2475,26,27,1,0,0,0,1,0,95.1923076923077,0,1,0,1,0,0
2418,15,27,1,0,0,0,1,0,161.2,0,1,0,1,0,0
2029,11,27,1,0,0,0,1,0,184.45454545454547,0,1,0,1,0,0
2093,12,27,1,0,0,0,1,0,174.41666666666666,0,1,0,1,0,0
3534,18,27,1,0,0,0,1,0,196.33333333333334,0,1,0,1,0,0
3198,14,27,1,0,0,0,1,0,228.42857142857142,0,1,0,1,0,0
5702,9,52,1,1,0,0,1,1,633.5555555555555,0,1,0,0,1,0
8696,12,52,1,1,0,0,1,1,724.6666666666666,0,1,0,0,1,0
8670,15,52,1,1,0,0,1,1,578.0,0,1,0,0,1,0
8454,13,52,1,1,0,0,1,1,650.3076923076923,0,1,0,0,1,0
8085,10,52,1,1,0,0,1,1,808.5,0,1,0,0,1,0
2950,13,21,0,0,0,1,0,0,226.92307692307693,0,1,1,0,0,0
7219,15,21,0,0,0,1,0,0,481.26666666666665,0,1,1,0,0,0
1922,10,21,0,0,0,1,0,0,192.2,0,1,1,0,0,0
2408,8,21,0,0,0,1,0,0,301.0,0,1,1,0,0,0
1929,10,21,0,0,0,1,0,0,192.9,0,1,1,0,0,0
5850,18,21,0,0,0,1,0,0,325.0,0,1,1,0,0,0
2237,10,21,0,0,0,1,0,0,223.7,0,1,1,0,0,0
3434,10,21,0,0,0,1,0,0,343.4,0,1,1,0,0,0
3671,12,21,0,0,0,1,0,0,305.9166666666667,0,1,1,0,0,0
2687,15,21,0,0,0,1,0,0,179.13333333333333,0,1,1,0,0,0
2854,11,21,0,0,0,1,0,0,259.45454545454544,0,1,1,0,0,0
3273,10,21,0,0,0,1,0,0,327.3,0,1,1,0,0,0
7672,15,43,1,0,0,0,1,0,511.46666666666664,0,1,0,1,0,0
5439,16,43,1,0,0,0,1,0,339.9375,0,1,0,1,0,0
6082,15,43,1,0,0,0,1,0,405.46666666666664,0,1,0,1,0,0
8087,13,43,1,0,0,0,1,0,622.0769230769231,0,1,0,1,0,0
6202,11,43,1,0,0,0,1,0,563.8181818181819,0,1,0,1,0,0
7512,11,43,1,0,0,0,1,0,682.9090909090909,0,1,0,1,0,0
4952,7,43,1,0,0,0,1,0,707.4285714285714,0,1,0,1,0,0
4065,7,43,1,0,0,0,1,0,580.7142857142857,0,1,0,1,0,0
5895,10,43,1,0,0,0,1,0,589.5,0,1,0,1,0,0
7413,17,43,1,0,0,0,1,0,436.05882352941177,0,1,0,1,0,0
3573,4,43,1,0,0,0,1,0,893.25,0,1,0,1,0,0
4167,15,82,0,0,0,1,0,0,277.8,0,1,0,0,0,1
7068,14,82,0,0,0,1,0,0,504.85714285714283,0,1,0,0,0,1
4632,9,82,0,0,0,1,0,0,514.6666666666666,0,1,0,0,0,1
3914,14,82,0,0,0,1,0,0,279.57142857142856,0,1,0,0,0,1
5426,16,82,0,0,0,1,0,0,339.125,0,1,0,0,0,1
4502,16,82,0,0,0,1,0,0,281.375,0,1,0,0,0,1
5737,14,82,0,0,0,1,0,0,409.7857142857143,0,1,0,0,0,1
4915,19,82,0,0,0,1,0,0,258.6842105263158,0,1,0,0,0,1
3903,7,82,0,0,0,1,0,0,557.5714285714286,0,1,0,0,0,1
4567,10,82,0,0,0,1,0,0,456.7,0,1,0,0,0,1
5711,9,82,0,0,0,1,0,0,634.5555555555555,0,1,0,0,0,1
5147,16,82,0,0,0,1,0,0,321.6875,0,1,0,0,0,1
7360,20,44,0,1,0,0,0,1,368.0,0,1,0,1,0,0
3622,12,44,0,1,0,0,0,1,301.8333333333333,0,1,0,1,0,0
3861,8,44,0,1,0,0,0,1,482.625,0,1,0,1,0,0
5716,11,44,0,1,0,0,0,1,519.6363636363636,0,1,0,1,0,0
5479,20,44,0,1,0,0,0,1,273.95,0,1,0,1,0,0
6820,13,44,0,1,0,0,0,1,524.6153846153846,0,1,0,1,0,0
5720,18,44,0,1,0,0,0,1,317.77777777777777,0,1,0,1,0,0
6590,17,44,0,1,0,0,0,1,387.6470588235294,0,1,0,1,0,0
3964,11,44,0,1,0,0,0,1,360.3636363636364,0,1,0,1,0,0
6812,15,44,0,1,0,0,0,1,454.1333333333333,0,1,0,1,0,0
7704,9,41,0,1,0,0,1,1,856.0,0,1,0,1,0,0
5890,12,41,0,1,0,0,1,1,490.8333333333333,0,1,0,1,0,0
8155,19,41,0,1,0,0,1,1,429.2105263157895,0,1,0,1,0,0
7059,14,41,0,1,0,0,1,1,504.2142857142857,0,1,0,1,0,0
4702,15,41,0,1,0,0,1,1,313.46666666666664,0,1,0,1,0,0
4577,15,41,0,1,0,0,1,1,305.1333333333333,0,1,0,1,0,0
5512,9,41,0,1,0,0,1,1,612.4444444444445,0,1,0,1,0,0
5257,14,41,0,1,0,0,1,1,375.5,0,1,0,1,0,0
5681,13,41,0,1,0,0,1,1,437.0,0,1,0,1,0,0
6470,19,41,0,1,0,0,1,1,340.5263157894737,0,1,0,1,0,0
6674,17,41,0,1,0,0,1,1,392.5882352941176,0,1,0,1,0,0
4727,16,41,0,1,0,0,1,1,295.4375,0,1,0,1,0,0
3195,11,60,0,0,0,1,0,0,290.45454545454544,0,1,0,0,1,0
2696,13,60,0,0,0,1,0,0,207.3846153846154,0,1,0,0,1,0
5357,14,60,0,0,0,1,0,0,382.64285714285717,0,1,0,0,1,0
5193,18,60,0,0,0,1,0,0,288.5,0,1,0,0,1,0
2653,16,60,0,0,0,1,0,0,165.8125,0,1,0,0,1,0
6552,14,60,0,0,0,1,0,0,468.0,0,1,0,0,1,0
3409,16,60,0,0,0,1,0,0,213.0625,0,1,0,0,1,0
3129,15,60,0,0,0,1,0,0,208.6,0,1,0,0,1,0
3412,11,60,0,0,0,1,0,0,310.1818181818182,0,1,0,0,1,0
3637,19,60,0,0,0,1,0,0,191.42105263157896,0,1,0,0,1,0
4347,13,60,0,0,0,1,0,0,334.38461538461536,0,1,0,0,1,0
2270,14,60,0,0,0,1,0,0,162.14285714285714,0,1,0,0,1,0
3813,9,39,0,0,0,0,0,0,423.6666666666667,0,1,0,1,0,0
3995,10,39,0,0,0,0,0,0,399.5,0,1,0,1,0,0
4484,12,39,0,0,0,0,0,0,373.6666666666667,0,1,0,1,0,0
4535,9,39,0,0,0,0,0,0,503.8888888888889,0,1,0,1,0,0
2082,7,39,0,0,0,0,0,0,297.42857142857144,0,1,0,1,0,0
3169,11,39,0,0,0,0,0,0,288.09090909090907,0,1,0,1,0,0
3248,10,39,0,0,0,0,0,0,324.8,0,1,0,1,0,0
3275,16,39,0,0,0,0,0,0,204.6875,0,1,0,1,0,0
5770,18,39,0,0,0,0,0,0,320.55555555555554,0,1,0,1,0,0
1716,8,39,0,0,0,0,0,0,214.5,0,1,0,1,0,0
3603,11,39,0,0,0,0,0,0,327.54545454545456,0,1,0,1,0,0
4656,12,29,1,0,0,0,0,0,388.0,0,1,0,1,0,0
5440,12,29,1,0,0,0,0,0,453.3333333333333,0,1,0,1,0,0
4006,18,29,1,0,0,0,0,0,222.55555555555554,0,1,0,1,0,0
4163,10,29,1,0,0,0,0,0,416.3,0,1,0,1,0,0
5086,11,29,1,0,0,0,0,0,462.3636363636364,0,1,0,1,0,0
2487,8,29,1,0,0,0,0,0,310.875,0,1,0,1,0,0
4485,16,29,1,0,0,0,0,0,280.3125,0,1,0,1,0,0
5756,16,29,1,0,0,0,0,0,359.75,0,1,0,1,0,0
6762,11,29,1,0,0,0,0,0,614.7272727272727,0,1,0,1,0,0
4437,15,29,1,0,0,0,0,0,295.8,0,1,0,1,0,0
4260,10,29,1,0,0,0,0,0,426.0,0,1,0,1,0,0
3061,8,29,1,0,0,0,0,0,382.625,0,1,0,1,0,0
8715,17,77,1,0,0,0,0,0,512.6470588235294,0,1,0,0,0,1
8647,10,77,1,0,0,0,0,0,864.7,0,1,0,0,0,1
7014,19,65,1,0,0,1,0,0,369.1578947368421,0,1,0,0,0,1
3294,11,65,1,0,0,1,0,0,299.45454545454544,0,1,0,0,0,1
8224,15,65,1,0,0,1,0,0,548.2666666666667,0,1,0,0,0,1
7717,13,65,1,0,0,1,0,0,593.6153846153846,0,1,0,0,0,1
6569,11,65,1,0,0,1,0,0,597.1818181818181,0,1,0,0,0,1
7010,7,65,1,0,0,1,0,0,1001.4285714285714,0,1,0,0,0,1
7905,16,65,1,0,0,1,0,0,494.0625,0,1,0,0,0,1
6171,11,34,1,1,0,0,1,1,561.0,0,1,0,1,0,0
6262,12,34,1,1,0,0,1,1,521.8333333333334,0,1,0,1,0,0
5761,11,34,1,1,0,0,1,1,523.7272727272727,0,1,0,1,0,0
6445,14,34,1,1,0,0,1,1,460.35714285714283,0,1,0,1,0,0
7835,19,34,1,1,0,0,1,1,412.36842105263156,0,1,0,1,0,0
6977,16,34,1,1,0,0,1,1,436.0625,0,1,0,1,0,0
6363,14,34,1,1,0,0,1,1,454.5,0,1,0,1,0,0
6688,17,34,1,1,0,0,1,1,393.4117647058824,0,1,0,1,0,0
3039,12,34,1,1,0,0,1,1,253.25,0,1,0,1,0,0
7882,15,81,0,0,0,1,0,0,525.4666666666667,0,1,0,0,0,1
6404,10,81,0,0,0,1,0,0,640.4,0,1,0,0,0,1
5356,11,81,0,0,0,1,0,0,486.90909090909093,0,1,0,0,0,1
6065,18,81,0,0,0,1,0,0,336.94444444444446,0,1,0,0,0,1
8165,8,81,0,0,0,1,0,0,1020.625,0,1,0,0,0,1
5124,11,81,0,0,0,1,0,0,465.8181818181818,0,1,0,0,0,1
4326,6,81,0,0,0,1,0,0,721.0,0,1,0,0,0,1
4981,15,81,0,0,0,1,0,0,332.06666666666666,0,1,0,0,0,1
6670,14,81,0,0,0,1,0,0,476.42857142857144,0,1,0,0,0,1
5917,12,81,0,0,0,1,0,0,493.0833333333333,0,1,0,0,0,1
6139,10,81,0,0,0,1,0,0,613.9,0,1,0,0,0,1
3436,15,77,1,0,0,0,0,0,229.06666666666666,0,1,0,0,0,1
4245,12,77,1,0,0,0,0,0,353.75,0,1,0,0,0,1
2389,11,77,1,0,0,0,0,0,217.1818181818182,0,1,0,0,0,1
4265,7,77,1,0,0,0,0,0,609.2857142857143,0,1,0,0,0,1
5791,14,77,1,0,0,0,0,0,413.64285714285717,0,1,0,0,0,1
3465,14,77,1,0,0,0,0,0,247.5,0,1,0,0,0,1
4700,13,77,1,0,0,0,0,0,361.53846153846155,0,1,0,0,0,1
2032,9,77,1,0,0,0,0,0,225.77777777777777,0,1,0,0,0,1
6292,15,77,1,0,0,0,0,0,419.46666666666664,0,1,0,0,0,1
1885,17,77,1,0,0,0,0,0,110.88235294117646,0,1,0,0,0,1
3201,10,77,1,0,0,0,0,0,320.1,0,1,0,0,0,1
1994,15,77,1,0,0,0,0,0,132.93333333333334,0,1,0,0,0,1
4957,9,19,0,0,0,1,0,0,550.7777777777778,0,1,1,0,0,0
5227,13,19,0,0,0,1,0,0,402.0769230769231,0,1,1,0,0,0
6895,10,19,0,0,0,1,0,0,689.5,0,1,1,0,0,0
8535,12,19,0,0,0,1,0,0,711.25,0,1,1,0,0,0
7361,14,19,0,0,0,1,0,0,525.7857142857143,0,1,1,0,0,0
3956,12,19,0,0,0,1,0,0,329.6666666666667,0,1,1,0,0,0
4926,18,19,0,0,0,1,0,0,273.6666666666667,0,1,1,0,0,0
3833,14,19,0,0,0,1,0,0,273.7857142857143,0,1,1,0,0,0
3818,20,19,0,0,0,1,0,0,190.9,0,1,1,0,0,0
6731,23,19,0,0,0,1,0,0,292.6521739130435,0,1,1,0,0,0
5491,16,19,0,0,0,1,0,0,343.1875,0,1,1,0,0,0
5208,12,25,1,0,0,1,0,0,434.0,0,1,0,1,0,0
4602,20,25,1,0,0,1,0,0,230.1,0,1,0,1,0,0
3416,22,25,1,0,0,1,0,0,155.27272727272728,0,1,0,1,0,0
3758,15,25,1,0,0,1,0,0,250.53333333333333,0,1,0,1,0,0
6695,15,25,1,0,0,1,0,0,446.3333333333333,0,1,0,1,0,0
6941,18,25,1,0,0,1,0,0,385.6111111111111,0,1,0,1,0,0
7143,6,25,1,0,0,1,0,0,1190.5,0,1,0,1,0,0
3934,13,25,1,0,0,1,0,0,302.61538461538464,0,1,0,1,0,0
3777,19,25,1,0,0,1,0,0,198.78947368421052,0,1,0,1,0,0
3044,10,25,1,0,0,1,0,0,304.4,0,1,0,1,0,0
4145,10,25,1,0,0,1,0,0,414.5,0,1,0,1,0,0
2497,12,49,1,1,0,0,0,1,208.08333333333334,0,1,0,0,1,0
1449,5,49,1,1,0,0,0,1,289.8,0,1,0,0,1,0
2760,14,49,1,1,0,0,0,1,197.14285714285714,0,1,0,0,1,0
4375,13,49,1,1,0,0,0,1,336.53846153846155,0,1,0,0,1,0
1960,10,49,1,1,0,0,0,1,196.0,0,1,0,0,1,0
3032,11,49,1,1,0,0,0,1,275.6363636363636,0,1,0,0,1,0
2129,15,49,1,1,0,0,0,1,141.93333333333334,0,1,0,0,1,0
2852,15,49,1,1,0,0,0,1,190.13333333333333,0,1,0,0,1,0
4950,14,49,1,1,0,0,0,1,353.57142857142856,0,1,0,0,1,0
2581,14,49,1,1,0,0,0,1,184.35714285714286,0,1,0,0,1,0
2979,17,49,1,1,0,0,0,1,175.23529411764707,0,1,0,0,1,0
3903,17,49,1,1,0,0,0,1,229.58823529411765,0,1,0,0,1,0
7807,13,32,1,0,0,0,0,0,600.5384615384615,0,1,0,1,0,0
8250,10,32,1,0,0,0,0,0,825.0,0,1,0,1,0,0
8682,15,32,1,0,0,0,0,0,578.8,0,1,0,1,0,0
7035,11,32,1,0,0,0,0,0,639.5454545454545,0,1,0,1,0,0
6040,13,32,1,0,0,0,0,0,464.61538461538464,0,1,0,1,0,0
3278,19,47,1,0,0,1,0,0,172.52631578947367,0,1,0,0,1,0
3578,11,47,1,0,0,1,0,0,325.27272727272725,0,1,0,0,1,0
4327,16,47,1,0,0,1,0,0,270.4375,0,1,0,0,1,0
3298,18,47,1,0,0,1,0,0,183.22222222222223,0,1,0,0,1,0
2355,20,47,1,0,0,1,0,0,117.75,0,1,0,0,1,0
2858,13,47,1,0,0,1,0,0,219.84615384615384,0,1,0,0,1,0
2144,12,47,1,0,0,1,0,0,178.66666666666666,0,1,0,0,1,0
2625,13,47,1,0,0,1,0,0,201.92307692307693,0,1,0,0,1,0
4511,13,47,1,0,0,1,0,0,347.0,0,1,0,0,1,0
2801,13,47,1,0,0,1,0,0,215.46153846153845,0,1,0,0,1,0
3250,11,47,1,0,0,1,0,0,295.45454545454544,0,1,0,0,1,0
3713,19,47,1,0,0,1,0,0,195.42105263157896,0,1,0,0,1,0
6589,8,69,0,0,0,0,0,0,823.625,0,1,0,0,0,1
7213,14,69,0,0,0,0,0,0,515.2142857142857,0,1,0,0,0,1
5957,15,53,0,0,0,1,0,0,397.1333333333333,0,1,0,0,1,0
7020,12,53,0,0,0,1,0,0,585.0,0,1,0,0,1,0
7949,11,53,0,0,0,1,0,0,722.6363636363636,0,1,0,0,1,0
6804,14,53,0,0,0,1,0,0,486.0,0,1,0,0,1,0
6599,7,53,0,0,0,1,0,0,942.7142857142857,0,1,0,0,1,0
6157,18,53,0,0,0,1,0,0,342.05555555555554,0,1,0,0,1,0
6122,6,53,0,0,0,1,0,0,1020.3333333333334,0,1,0,0,1,0
7682,10,53,0,0,0,1,0,0,768.2,0,1,0,0,1,0
2188,14,82,1,0,0,0,0,0,156.28571428571428,0,1,0,0,0,1
1312,18,82,1,0,0,0,0,0,72.88888888888889,0,1,0,0,0,1
910,11,82,1,0,0,0,0,0,82.72727272727273,0,1,0,0,0,1
1757,14,82,1,0,0,0,0,0,125.5,0,1,0,0,0,1
1282,8,82,1,0,0,0,0,0,160.25,0,1,0,0,0,1
776,10,82,1,0,0,0,0,0,77.6,0,1,0,0,0,1
5190,22,82,1,0,0,0,0,0,235.9090909090909,0,1,0,0,0,1
1514,9,82,1,0,0,0,0,0,168.22222222222223,0,1,0,0,0,1
1589,14,82,1,0,0,0,0,0,113.5,0,1,0,0,0,1
1594,20,82,1,0,0,0,0,0,79.7,0,1,0,0,0,1
4111,13,82,1,0,0,0,0,0,316.2307692307692,0,1,0,0,0,1
3040,12,82,1,0,0,0,0,0,253.33333333333334,0,1,0,0,0,1
6725,18,63,0,1,0,0,1,1,373.6111111111111,0,1,0,0,1,0
5734,9,63,0,1,0,0,1,1,637.1111111111111,0,1,0,0,1,0
8204,11,63,0,1,0,0,1,1,745.8181818181819,0,1,0,0,1,0
4231,15,63,0,1,0,0,1,1,282.06666666666666,0,1,0,0,1,0
8282,11,63,0,1,0,0,1,1,752.9090909090909,0,1,0,0,1,0
8605,12,63,0,1,0,0,1,1,717.0833333333334,0,1,0,0,1,0
6258,15,63,0,1,0,0,1,1,417.2,0,1,0,0,1,0
5760,13,63,0,1,0,0,1,1,443.0769230769231,0,1,0,0,1,0
5577,12,63,0,1,0,0,1,1,464.75,0,1,0,0,1,0
7572,21,63,0,1,0,0,1,1,360.57142857142856,0,1,0,0,1,0
2917,3,23,0,1,0,0,0,1,972.3333333333334,0,1,1,0,0,0
1909,14,23,0,1,0,0,0,1,136.35714285714286,0,1,1,0,0,0
2820,9,23,0,1,0,0,0,1,313.3333333333333,0,1,1,0,0,0
2571,13,23,0,1,0,0,0,1,197.76923076923077,0,1,1,0,0,0
2525,17,23,0,1,0,0,0,1,148.52941176470588,0,1,1,0,0,0
1841,17,23,0,1,0,0,0,1,108.29411764705883,0,1,1,0,0,0
2228,10,23,0,1,0,0,0,1,222.8,0,1,1,0,0,0
1895,12,23,0,1,0,0,0,1,157.91666666666666,0,1,1,0,0,0
3873,19,23,0,1,0,0,0,1,203.8421052631579,0,1,1,0,0,0
1837,8,23,0,1,0,0,0,1,229.625,0,1,1,0,0,0
2908,20,23,0,1,0,0,0,1,145.4,0,1,1,0,0,0
1629,13,23,0,1,0,0,0,1,125.3076923076923,0,1,1,0,0,0
6266,16,39,0,0,0,0,0,0,391.625,0,1,0,1,0,0
7086,9,39,0,0,0,0,0,0,787.3333333333334,0,1,0,1,0,0
7033,18,39,0,0,0,0,0,0,390.72222222222223,0,1,0,1,0,0
6150,18,39,0,0,0,0,0,0,341.6666666666667,0,1,0,1,0,0
7477,19,39,0,0,0,0,0,0,393.5263157894737,0,1,0,1,0,0
5665,5,39,0,0,0,0,0,0,1133.0,0,1,0,1,0,0
7572,10,39,0,0,0,0,0,0,757.2,0,1,0,1,0,0
7960,19,39,0,0,0,0,0,0,418.94736842105266,0,1,0,1,0,0
3441,10,76,1,0,0,1,0,0,344.1,0,1,0,0,0,1
5022,14,76,1,0,0,1,0,0,358.7142857142857,0,1,0,0,0,1
2588,12,76,1,0,0,1,0,0,215.66666666666666,0,1,0,0,0,1
2411,17,76,1,0,0,1,0,0,141.8235294117647,0,1,0,0,0,1
2700,12,76,1,0,0,1,0,0,225.0,0,1,0,0,0,1
3551,13,76,1,0,0,1,0,0,273.15384615384613,0,1,0,0,0,1
2237,10,76,1,0,0,1,0,0,223.7,0,1,0,0,0,1
2094,12,76,1,0,0,1,0,0,174.5,0,1,0,0,0,1
5008,12,76,1,0,0,1,0,0,417.3333333333333,0,1,0,0,0,1
2173,9,76,1,0,0,1,0,0,241.44444444444446,0,1,0,0,0,1
2836,11,76,1,0,0,1,0,0,257.8181818181818,0,1,0,0,0,1
2278,12,76,1,0,0,1,0,0,189.83333333333334,0,1,0,0,0,1
4716,9,31,0,0,0,1,0,0,524.0,0,1,0,1,0,0
4055,9,31,0,0,0,1,0,0,450.55555555555554,0,1,0,1,0,0
2783,12,31,0,0,0,1,0,0,231.91666666666666,0,1,0,1,0,0
3548,13,31,0,0,0,1,0,0,272.9230769230769,0,1,0,1,0,0
4019,12,31,0,0,0,1,0,0,334.9166666666667,0,1,0,1,0,0
5110,13,31,0,0,0,1,0,0,393.0769230769231,0,1,0,1,0,0
1021,8,31,0,0,0,1,0,0,127.625,0,1,0,1,0,0
4731,12,31,0,0,0,1,0,0,394.25,0,1,0,1,0,0
3951,12,31,0,0,0,1,0,0,329.25,0,1,0,1,0,0
2960,9,31,0,0,0,1,0,0,328.8888888888889,0,1,0,1,0,0
3387,11,31,0,0,0,1,0,0,307.90909090909093,0,1,0,1,0,0
3408,22,31,0,0,0,1,0,0,154.9090909090909,0,1,0,1,0,0
7260,22,72,0,0,0,0,0,0,330.0,0,1,0,0,0,1
6081,13,72,0,0,0,0,0,0,467.7692307692308,0,1,0,0,0,1
6676,18,72,0,0,0,0,0,0,370.8888888888889,0,1,0,0,0,1
4164,17,72,0,0,0,0,0,0,244.94117647058823,0,1,0,0,0,1
4339,10,72,0,0,0,0,0,0,433.9,0,1,0,0,0,1
5267,11,72,0,0,0,0,0,0,478.8181818181818,0,1,0,0,0,1
2953,11,72,0,0,0,0,0,0,268.45454545454544,0,1,0,0,0,1
8130,16,72,0,0,0,0,0,0,508.125,0,1,0,0,0,1
5597,14,72,0,0,0,0,0,0,399.7857142857143,0,1,0,0,0,1
5933,15,72,0,0,0,0,0,0,395.53333333333336,0,1,0,0,0,1
6733,13,72,0,0,0,0,0,0,517.9230769230769,0,1,0,0,0,1
5058,9,39,1,0,0,1,0,0,562.0,0,1,0,1,0,0
7567,8,39,1,0,0,1,0,0,945.875,0,1,0,1,0,0
5758,6,39,1,0,0,1,0,0,959.6666666666666,0,1,0,1,0,0
6902,13,39,1,0,0,1,0,0,530.9230769230769,0,1,0,1,0,0
2481,11,44,0,0,0,0,0,0,225.54545454545453,0,1,0,1,0,0
3985,13,44,0,0,0,0,0,0,306.53846153846155,0,1,0,1,0,0
1295,17,44,0,0,0,0,0,0,76.17647058823529,0,1,0,1,0,0
1913,12,44,0,0,0,0,0,0,159.41666666666666,0,1,0,1,0,0
4367,9,44,0,0,0,0,0,0,485.22222222222223,0,1,0,1,0,0
1434,14,44,0,0,0,0,0,0,102.42857142857143,0,1,0,1,0,0
1193,11,44,0,0,0,0,0,0,108.45454545454545,0,1,0,1,0,0
1056,8,44,0,0,0,0,0,0,132.0,0,1,0,1,0,0
1856,12,44,0,0,0,0,0,0,154.66666666666666,0,1,0,1,0,0
2010,11,44,0,0,0,0,0,0,182.72727272727272,0,1,0,1,0,0
1739,11,44,0,0,0,0,0,0,158.0909090909091,0,1,0,1,0,0
1475,11,44,0,0,0,0,0,0,134.0909090909091,0,1,0,1,0,0
7428,9,47,1,0,0,1,0,0,825.3333333333334,0,1,0,0,1,0
3312,10,47,1,0,0,1,0,0,331.2,0,1,0,0,1,0
7948,12,47,1,0,0,1,0,0,662.3333333333334,0,1,0,0,1,0
6012,11,47,1,0,0,1,0,0,546.5454545454545,0,1,0,0,1,0
6317,11,47,1,0,0,1,0,0,574.2727272727273,0,1,0,0,1,0
5151,13,47,1,0,0,1,0,0,396.2307692307692,0,1,0,0,1,0
5485,20,47,1,0,0,1,0,0,274.25,0,1,0,0,1,0
5025,6,47,1,0,0,1,0,0,837.5,0,1,0,0,1,0
4536,6,47,1,0,0,1,0,0,756.0,0,1,0,0,1,0
4503,14,47,1,0,0,1,0,0,321.64285714285717,0,1,0,0,1,0
6999,11,47,1,0,0,1,0,0,636.2727272727273,0,1,0,0,1,0
7390,12,31,0,0,0,1,0,0,615.8333333333334,0,1,0,1,0,0
6668,12,25,0,0,0,1,0,0,555.6666666666666,0,1,0,1,0,0
3689,11,25,0,0,0,1,0,0,335.3636363636364,0,1,0,1,0,0
7710,15,25,0,0,0,1,0,0,514.0,0,1,0,1,0,0
4923,21,25,0,0,0,1,0,0,234.42857142857142,0,1,0,1,0,0
3835,6,25,0,0,0,1,0,0,639.1666666666666,0,1,0,1,0,0
4579,9,25,0,0,0,1,0,0,508.77777777777777,0,1,0,1,0,0
8276,16,25,0,0,0,1,0,0,517.25,0,1,0,1,0,0
5504,12,25,0,0,0,1,0,0,458.6666666666667,0,1,0,1,0,0
5487,11,25,0,0,0,1,0,0,498.8181818181818,0,1,0,1,0,0
4862,11,25,0,0,0,1,0,0,442.0,0,1,0,1,0,0
4497,13,25,0,0,0,1,0,0,345.9230769230769,0,1,0,1,0,0
3724,12,44,0,0,0,1,0,0,310.3333333333333,0,1,0,1,0,0
2953,11,44,0,0,0,1,0,0,268.45454545454544,0,1,0,1,0,0
6026,16,44,0,0,0,1,0,0,376.625,0,1,0,1,0,0
3684,20,44,0,0,0,1,0,0,184.2,0,1,0,1,0,0
6294,13,44,0,0,0,1,0,0,484.15384615384613,0,1,0,1,0,0
3854,14,44,0,0,0,1,0,0,275.2857142857143,0,1,0,1,0,0
4304,8,44,0,0,0,1,0,0,538.0,0,1,0,1,0,0
3579,13,44,0,0,0,1,0,0,275.3076923076923,0,1,0,1,0,0
2150,8,44,0,0,0,1,0,0,268.75,0,1,0,1,0,0
3847,12,44,0,0,0,1,0,0,320.5833333333333,0,1,0,1,0,0
4177,14,44,0,0,0,1,0,0,298.35714285714283,0,1,0,1,0,0
1899,9,44,0,0,0,1,0,0,211.0,0,1,0,1,0,0
7937,13,20,0,1,0,1,0,1,610.5384615384615,0,1,1,0,0,0
6544,12,20,0,1,0,1,0,1,545.3333333333334,0,1,1,0,0,0
6672,15,20,0,1,0,1,0,1,444.8,0,1,1,0,0,0
5985,9,20,0,1,0,1,0,1,665.0,0,1,1,0,0,0
6917,6,20,0,1,0,1,0,1,1152.8333333333333,0,1,1,0,0,0
7276,14,20,0,1,0,1,0,1,519.7142857142857,0,1,1,0,0,0
4536,10,84,0,0,0,1,0,0,453.6,0,1,0,0,0,1
4185,16,84,0,0,0,1,0,0,261.5625,0,1,0,0,0,1
3418,16,84,0,0,0,1,0,0,213.625,0,1,0,0,0,1
3692,10,84,0,0,0,1,0,0,369.2,0,1,0,0,0,1
2476,7,84,0,0,0,1,0,0,353.7142857142857,0,1,0,0,0,1
3799,15,84,0,0,0,1,0,0,253.26666666666668,0,1,0,0,0,1
2879,15,84,0,0,0,1,0,0,191.93333333333334,0,1,0,0,0,1
5554,9,84,0,0,0,1,0,0,617.1111111111111,0,1,0,0,0,1
3187,16,84,0,0,0,1,0,0,199.1875,0,1,0,0,0,1
3514,10,84,0,0,0,1,0,0,351.4,0,1,0,0,0,1
3023,7,84,0,0,0,1,0,0,431.85714285714283,0,1,0,0,0,1
2263,6,84,0,0,0,1,0,0,377.1666666666667,0,1,0,0,0,1
4460,17,54,1,1,0,0,0,1,262.3529411764706,0,1,0,0,1,0
5360,11,54,1,1,0,0,0,1,487.27272727272725,0,1,0,0,1,0
6250,15,54,1,1,0,0,0,1,416.6666666666667,0,1,0,0,1,0
6159,19,54,1,1,0,0,0,1,324.1578947368421,0,1,0,0,1,0
4685,13,54,1,1,0,0,0,1,360.38461538461536,0,1,0,0,1,0
4771,14,54,1,1,0,0,0,1,340.7857142857143,0,1,0,0,1,0
6237,11,54,1,1,0,0,0,1,567.0,0,1,0,0,1,0
5177,10,54,1,1,0,0,0,1,517.7,0,1,0,0,1,0
3253,8,54,1,1,0,0,0,1,406.625,0,1,0,0,1,0
6682,12,54,1,1,0,0,0,1,556.8333333333334,0,1,0,0,1,0
8612,17,54,1,1,0,0,0,1,506.5882352941176,0,1,0,0,1,0
7153,14,54,1,1,0,0,0,1,510.92857142857144,0,1,0,0,1,0
1682,10,36,0,0,0,0,0,0,168.2,0,1,0,1,0,0
1311,17,36,0,0,0,0,0,0,77.11764705882354,0,1,0,1,0,0
2260,18,36,0,0,0,0,0,0,125.55555555555556,0,1,0,1,0,0
1837,10,36,0,0,0,0,0,0,183.7,0,1,0,1,0,0
1870,14,36,0,0,0,0,0,0,133.57142857142858,0,1,0,1,0,0
2007,11,36,0,0,0,0,0,0,182.45454545454547,0,1,0,1,0,0
1321,16,36,0,0,0,0,0,0,82.5625,0,1,0,1,0,0
1351,17,36,0,0,0,0,0,0,79.47058823529412,0,1,0,1,0,0
1612,10,36,0,0,0,0,0,0,161.2,0,1,0,1,0,0
1691,16,36,0,0,0,0,0,0,105.6875,0,1,0,1,0,0
2001,18,36,0,0,0,0,0,0,111.16666666666667,0,1,0,1,0,0
1474,19,36,0,0,0,0,0,0,77.57894736842105,0,1,0,1,0,0
1101,12,49,1,0,0,1,0,0,91.75,0,1,0,0,1,0
860,11,49,1,0,0,1,0,0,78.18181818181819,0,1,0,0,1,0
2166,10,49,1,0,0,1,0,0,216.6,0,1,0,0,1,0
648,8,49,1,0,0,1,0,0,81.0,0,1,0,0,1,0
1021,12,49,1,0,0,1,0,0,85.08333333333333,0,1,0,0,1,0
2316,11,49,1,0,0,1,0,0,210.54545454545453,0,1,0,0,1,0
1701,10,49,1,0,0,1,0,0,170.1,0,1,0,0,1,0
3897,16,49,1,0,0,1,0,0,243.5625,0,1,0,0,1,0
1112,13,49,1,0,0,1,0,0,85.53846153846153,0,1,0,0,1,0
847,13,49,1,0,0,1,0,0,65.15384615384616,0,1,0,0,1,0
1526,10,49,1,0,0,1,0,0,152.6,0,1,0,0,1,0
1572,17,49,1,0,0,1,0,0,92.47058823529412,0,1,0,0,1,0
2079,10,78,0,0,0,0,0,0,207.9,0,1,0,0,0,1
3492,6,78,0,0,0,0,0,0,582.0,0,1,0,0,0,1
3484,10,78,0,0,0,0,0,0,348.4,0,1,0,0,0,1
2939,13,78,0,0,0,0,0,0,226.07692307692307,0,1,0,0,0,1
2815,11,78,0,0,0,0,0,0,255.9090909090909,0,1,0,0,0,1
1538,11,78,0,0,0,0,0,0,139.8181818181818,0,1,0,0,0,1
1977,6,78,0,0,0,0,0,0,329.5,0,1,0,0,0,1
2158,10,78,0,0,0,0,0,0,215.8,0,1,0,0,0,1
1114,15,78,0,0,0,0,0,0,74.26666666666667,0,1,0,0,0,1
3011,10,78,0,0,0,0,0,0,301.1,0,1,0,0,0,1
1368,8,78,0,0,0,0,0,0,171.0,0,1,0,0,0,1
1241,12,78,0,0,0,0,0,0,103.41666666666667,0,1,0,0,0,1
8713,9,61,0,0,0,1,1,0,968.1111111111111,0,1,0,0,1,0
7340,6,61,0,0,0,1,1,0,1223.3333333333333,0,1,0,0,1,0
5760,18,61,0,0,0,1,1,0,320.0,0,1,0,0,1,0
3087,9,61,0,0,0,1,1,0,343.0,0,1,0,0,1,0
7069,9,61,0,0,0,1,1,0,785.4444444444445,0,1,0,0,1,0
4522,10,61,0,0,0,1,1,0,452.2,0,1,0,0,1,0
2411,12,61,0,0,0,1,1,0,200.91666666666666,0,1,0,0,1,0
4652,11,61,0,0,0,1,1,0,422.90909090909093,0,1,0,0,1,0
6548,9,61,0,0,0,1,1,0,727.5555555555555,0,1,0,0,1,0
3638,10,77,1,0,0,0,0,0,363.8,0,1,0,0,0,1
3180,13,77,1,0,0,0,0,0,244.6153846153846,0,1,0,0,0,1
7248,17,77,1,0,0,0,0,0,426.3529411764706,0,1,0,0,0,1
8109,12,77,1,0,0,0,0,0,675.75,0,1,0,0,0,1
7081,16,77,1,0,0,0,0,0,442.5625,0,1,0,0,0,1
6542,12,77,1,0,0,0,0,0,545.1666666666666,0,1,0,0,0,1
7843,14,77,1,0,0,0,0,0,560.2142857142857,0,1,0,0,0,1
8481,18,77,1,0,0,0,0,0,471.1666666666667,0,1,0,0,0,1
6635,19,77,1,0,0,0,0,0,349.2105263157895,0,1,0,0,0,1
6686,21,77,1,0,0,0,0,0,318.3809523809524,0,1,0,0,0,1
7202,5,77,1,0,0,0,0,0,1440.4,0,1,0,0,0,1
6331,12,30,1,0,0,0,0,0,527.5833333333334,0,1,0,1,0,0
5833,16,30,1,0,0,0,0,0,364.5625,0,1,0,1,0,0
8187,12,30,1,0,0,0,0,0,682.25,0,1,0,1,0,0
8114,16,30,1,0,0,0,0,0,507.125,0,1,0,1,0,0
8679,12,30,1,0,0,0,0,0,723.25,0,1,0,1,0,0
8582,11,30,1,0,0,0,0,0,780.1818181818181,0,1,0,1,0,0
7352,14,30,1,0,0,0,0,0,525.1428571428571,0,1,0,1,0,0
8735,7,30,1,0,0,0,0,0,1247.857142857143,0,1,0,1,0,0
7323,11,22,1,0,0,1,1,0,665.7272727272727,0,1,1,0,0,0
5813,21,22,1,0,0,1,1,0,276.8095238095238,0,1,1,0,0,0
7185,15,22,1,0,0,1,1,0,479.0,0,1,1,0,0,0
4366,6,22,1,0,0,1,1,0,727.6666666666666,0,1,1,0,0,0
3834,14,22,1,0,0,1,1,0,273.85714285714283,0,1,1,0,0,0
7206,17,22,1,0,0,1,1,0,423.88235294117646,0,1,1,0,0,0
3434,10,22,1,0,0,1,1,0,343.4,0,1,1,0,0,0
8529,14,22,1,0,0,1,1,0,609.2142857142857,0,1,1,0,0,0
2671,12,22,1,0,0,1,1,0,222.58333333333334,0,1,1,0,0,0
4872,18,22,1,0,0,1,1,0,270.6666666666667,0,1,1,0,0,0
6471,13,22,1,0,0,1,1,0,497.7692307692308,0,1,1,0,0,0
598,7,70,1,1,0,1,0,1,85.42857142857143,0,1,0,0,0,1
1237,14,70,1,1,0,1,0,1,88.35714285714286,0,1,0,0,0,1
763,14,70,1,1,0,1,0,1,54.5,0,1,0,0,0,1
861,12,70,1,1,0,1,0,1,71.75,0,1,0,0,0,1
503,9,70,1,1,0,1,0,1,55.888888888888886,0,1,0,0,0,1
2188,24,70,1,1,0,1,0,1,91.16666666666667,0,1,0,0,0,1
1196,16,70,1,1,0,1,0,1,74.75,0,1,0,0,0,1
1340,8,70,1,1,0,1,0,1,167.5,0,1,0,0,0,1
627,10,70,1,1,0,1,0,1,62.7,0,1,0,0,0,1
1095,10,70,1,1,0,1,0,1,109.5,0,1,0,0,0,1
965,7,70,1,1,0,1,0,1,137.85714285714286,0,1,0,0,0,1
3196,22,70,1,1,0,1,0,1,145.27272727272728,0,1,0,0,0,1
6780,9,85,0,0,0,0,0,0,753.3333333333334,0,1,0,0,0,1
7585,15,85,0,0,0,0,0,0,505.6666666666667,0,1,0,0,0,1
5794,9,85,0,0,0,0,0,0,643.7777777777778,0,1,0,0,0,1
4948,9,85,0,0,0,0,0,0,549.7777777777778,0,1,0,0,0,1
5618,12,85,0,0,0,0,0,0,468.1666666666667,0,1,0,0,0,1
8782,17,85,0,0,0,0,0,0,516.5882352941177,0,1,0,0,0,1
5559,14,85,0,0,0,0,0,0,397.07142857142856,0,1,0,0,0,1
5692,19,85,0,0,0,0,0,0,299.57894736842104,0,1,0,0,0,1
7366,13,85,0,0,0,0,0,0,566.6153846153846,0,1,0,0,0,1
7782,17,85,0,0,0,0,0,0,457.7647058823529,0,1,0,0,0,1
7151,12,85,0,0,0,0,0,0,595.9166666666666,0,1,0,0,0,1
4806,15,28,1,0,0,0,1,0,320.4,0,1,0,1,0,0
7097,13,28,1,0,0,0,1,0,545.9230769230769,0,1,0,1,0,0
4139,8,28,1,0,0,0,1,0,517.375,0,1,0,1,0,0
8409,8,28,1,0,0,0,1,0,1051.125,0,1,0,1,0,0
8055,8,28,1,0,0,0,1,0,1006.875,0,1,0,1,0,0
5773,16,28,1,0,0,0,1,0,360.8125,0,1,0,1,0,0
3888,12,66,0,0,0,1,0,0,324.0,0,1,0,0,0,1
5010,13,66,0,0,0,1,0,0,385.38461538461536,0,1,0,0,0,1
2831,12,66,0,0,0,1,0,0,235.91666666666666,0,1,0,0,0,1
5392,14,66,0,0,0,1,0,0,385.14285714285717,0,1,0,0,0,1
5147,11,66,0,0,0,1,0,0,467.90909090909093,0,1,0,0,0,1
3222,18,66,0,0,0,1,0,0,179.0,0,1,0,0,0,1
3678,17,66,0,0,0,1,0,0,216.35294117647058,0,1,0,0,0,1
3392,13,66,0,0,0,1,0,0,260.9230769230769,0,1,0,0,0,1
3666,8,66,0,0,0,1,0,0,458.25,0,1,0,0,0,1
3216,9,66,0,0,0,1,0,0,357.3333333333333,0,1,0,0,0,1
4428,16,66,0,0,0,1,0,0,276.75,0,1,0,0,0,1
4317,14,66,0,0,0,1,0,0,308.35714285714283,0,1,0,0,0,1
6959,20,30,0,0,0,0,0,0,347.95,0,1,0,1,0,0
5454,10,30,0,0,0,0,0,0,545.4,0,1,0,1,0,0
4850,13,30,0,0,0,0,0,0,373.0769230769231,0,1,0,1,0,0
4790,11,30,0,0,0,0,0,0,435.45454545454544,0,1,0,1,0,0
8057,7,30,0,0,0,0,0,0,1151.0,0,1,0,1,0,0
7711,14,30,0,0,0,0,0,0,550.7857142857143,0,1,0,1,0,0
8476,8,30,0,0,0,0,0,0,1059.5,0,1,0,1,0,0
7658,14,30,0,0,0,0,0,0,547.0,0,1,0,1,0,0
7347,13,30,0,0,0,0,0,0,565.1538461538462,0,1,0,1,0,0
3293,11,25,1,1,0,1,0,1,299.3636363636364,0,1,0,1,0,0
3805,11,25,1,1,0,1,0,1,345.90909090909093,0,1,0,1,0,0
2656,11,25,1,1,0,1,0,1,241.45454545454547,0,1,0,1,0,0
4625,11,25,1,1,0,1,0,1,420.45454545454544,0,1,0,1,0,0
1947,5,25,1,1,0,1,0,1,389.4,0,1,0,1,0,0
4817,13,25,1,1,0,1,0,1,370.53846153846155,0,1,0,1,0,0
2689,16,25,1,1,0,1,0,1,168.0625,0,1,0,1,0,0
6851,12,25,1,1,0,1,0,1,570.9166666666666,0,1,0,1,0,0
2152,16,25,1,1,0,1,0,1,134.5,0,1,0,1,0,0
2557,10,25,1,1,0,1,0,1,255.7,0,1,0,1,0,0
7348,7,53,1,0,0,0,1,0,1049.7142857142858,0,1,0,0,1,0
7793,12,53,1,0,0,0,1,0,649.4166666666666,0,1,0,0,1,0
7139,5,53,1,0,0,0,1,0,1427.8,0,1,0,0,1,0
7495,9,53,1,0,0,0,1,0,832.7777777777778,0,1,0,0,1,0
6167,6,53,1,0,0,0,1,0,1027.8333333333333,0,1,0,0,1,0
8933,11,53,1,0,0,0,1,0,812.0909090909091,0,1,0,0,1,0
5532,9,66,0,1,0,0,0,1,614.6666666666666,0,1,0,0,0,1
8459,12,66,0,1,0,0,0,1,704.9166666666666,0,1,0,0,0,1
6335,15,66,0,1,0,0,0,1,422.3333333333333,0,1,0,0,0,1
5150,12,66,0,1,0,0,0,1,429.1666666666667,0,1,0,0,0,1
4711,13,85,1,0,0,0,0,0,362.38461538461536,0,1,0,0,0,1
8169,14,85,1,0,0,0,0,0,583.5,0,1,0,0,0,1
6973,9,85,1,0,0,0,0,0,774.7777777777778,0,1,0,0,0,1
7878,18,85,1,0,0,0,0,0,437.6666666666667,0,1,0,0,0,1
4843,8,85,1,0,0,0,0,0,605.375,0,1,0,0,0,1
5051,12,85,1,0,0,0,0,0,420.9166666666667,0,1,0,0,0,1
8817,8,85,1,0,0,0,0,0,1102.125,0,1,0,0,0,1
7395,15,85,1,0,0,0,0,0,493.0,0,1,0,0,0,1
4771,14,85,1,0,0,0,0,0,340.7857142857143,0,1,0,0,0,1
5940,14,57,1,0,0,1,0,0,424.2857142857143,0,1,0,0,1,0
2834,16,57,1,0,0,1,0,0,177.125,0,1,0,0,1,0
4434,13,57,1,0,0,1,0,0,341.0769230769231,0,1,0,0,1,0
5578,12,57,1,0,0,1,0,0,464.8333333333333,0,1,0,0,1,0
4920,12,57,1,0,0,1,0,0,410.0,0,1,0,0,1,0
3678,10,57,1,0,0,1,0,0,367.8,0,1,0,0,1,0
4079,14,57,1,0,0,1,0,0,291.35714285714283,0,1,0,0,1,0
5628,19,57,1,0,0,1,0,0,296.2105263157895,0,1,0,0,1,0
5904,19,57,1,0,0,1,0,0,310.7368421052632,0,1,0,0,1,0
5673,10,57,1,0,0,1,0,0,567.3,0,1,0,0,1,0
4925,7,57,1,0,0,1,0,0,703.5714285714286,0,1,0,0,1,0
8225,15,81,0,0,0,1,0,0,548.3333333333334,0,1,0,0,0,1
7077,10,81,0,0,0,1,0,0,707.7,0,1,0,0,0,1
6692,15,81,0,0,0,1,0,0,446.1333333333333,0,1,0,0,0,1
8460,14,81,0,0,0,1,0,0,604.2857142857143,0,1,0,0,0,1
8263,12,81,0,0,0,1,0,0,688.5833333333334,0,1,0,0,0,1
7105,6,81,0,0,0,1,0,0,1184.1666666666667,0,1,0,0,0,1
8327,13,81,0,0,0,1,0,0,640.5384615384615,0,1,0,0,0,1
8079,14,81,0,0,0,1,0,0,577.0714285714286,0,1,0,0,0,1
8646,18,81,0,0,0,1,0,0,480.3333333333333,0,1,0,0,0,1
2833,14,24,0,0,0,1,0,0,202.35714285714286,0,1,1,0,0,0
1611,10,24,0,0,0,1,0,0,161.1,0,1,1,0,0,0
1826,15,24,0,0,0,1,0,0,121.73333333333333,0,1,1,0,0,0
2166,7,24,0,0,0,1,0,0,309.42857142857144,0,1,1,0,0,0
1588,12,24,0,0,0,1,0,0,132.33333333333334,0,1,1,0,0,0
2244,10,24,0,0,0,1,0,0,224.4,0,1,1,0,0,0
1881,10,24,0,0,0,1,0,0,188.1,0,1,1,0,0,0
3597,14,24,0,0,0,1,0,0,256.92857142857144,0,1,1,0,0,0
1824,16,24,0,0,0,1,0,0,114.0,0,1,1,0,0,0
2228,12,24,0,0,0,1,0,0,185.66666666666666,0,1,1,0,0,0
2044,12,24,0,0,0,1,0,0,170.33333333333334,0,1,1,0,0,0
2024,10,24,0,0,0,1,0,0,202.4,0,1,1,0,0,0
8938,10,77,1,0,0,0,0,0,893.8,0,1,0,0,0,1
8528,11,77,1,0,0,0,0,0,775.2727272727273,0,1,0,0,0,1
7872,13,77,1,0,0,0,0,0,605.5384615384615,0,1,0,0,0,1
7836,15,77,1,0,0,0,0,0,522.4,0,1,0,0,0,1
6499,14,77,1,0,0,0,0,0,464.2142857142857,0,1,0,0,0,1
6077,9,77,1,0,0,0,0,0,675.2222222222222,0,1,0,0,0,1
7717,10,77,1,0,0,0,0,0,771.7,0,1,0,0,0,1
1976,13,23,1,1,0,0,0,1,152.0,0,1,1,0,0,0
1635,17,23,1,1,0,0,0,1,96.17647058823529,0,1,1,0,0,0
2372,9,23,1,1,0,0,0,1,263.55555555555554,0,1,1,0,0,0
1853,14,23,1,1,0,0,0,1,132.35714285714286,0,1,1,0,0,0
1920,13,23,1,1,0,0,0,1,147.69230769230768,0,1,1,0,0,0
2074,11,23,1,1,0,0,0,1,188.54545454545453,0,1,1,0,0,0
1195,13,23,1,1,0,0,0,1,91.92307692307692,0,1,1,0,0,0
3118,13,23,1,1,0,0,0,1,239.84615384615384,0,1,1,0,0,0
1293,4,23,1,1,0,0,0,1,323.25,0,1,1,0,0,0
3169,11,23,1,1,0,0,0,1,288.09090909090907,0,1,1,0,0,0
1671,9,23,1,1,0,0,0,1,185.66666666666666,0,1,1,0,0,0
4195,11,23,1,1,0,0,0,1,381.3636363636364,0,1,1,0,0,0
1053,9,24,1,0,1,1,0,1,117.0,0,1,1,0,0,0
5465,19,24,1,0,1,1,0,1,287.63157894736844,0,1,1,0,0,0
1953,11,24,1,0,1,1,0,1,177.54545454545453,0,1,1,0,0,0
1140,7,24,1,0,1,1,0,1,162.85714285714286,0,1,1,0,0,0
1318,11,24,1,0,1,1,0,1,119.81818181818181,0,1,1,0,0,0
1402,15,24,1,0,1,1,0,1,93.46666666666667,0,1,1,0,0,0
2959,15,24,1,0,1,1,0,1,197.26666666666668,0,1,1,0,0,0
1629,10,24,1,0,1,1,0,1,162.9,0,1,1,0,0,0
1300,11,24,1,0,1,1,0,1,118.18181818181819,0,1,1,0,0,0
1748,15,24,1,0,1,1,0,1,116.53333333333333,0,1,1,0,0,0
1890,4,24,1,0,1,1,0,1,472.5,0,1,1,0,0,0
6235,15,24,1,0,1,1,0,1,415.6666666666667,0,1,1,0,0,0
3892,8,76,0,0,1,0,0,1,486.5,0,1,0,0,0,1
2441,13,76,0,0,1,0,0,1,187.76923076923077,0,1,0,0,0,1
3075,14,76,0,0,1,0,0,1,219.64285714285714,0,1,0,0,0,1
2098,10,76,0,0,1,0,0,1,209.8,0,1,0,0,0,1
3031,10,76,0,0,1,0,0,1,303.1,0,1,0,0,0,1
5224,15,76,0,0,1,0,0,1,348.26666666666665,0,1,0,0,0,1
2019,9,76,0,0,1,0,0,1,224.33333333333334,0,1,0,0,0,1
2109,13,76,0,0,1,0,0,1,162.23076923076923,0,1,0,0,0,1
3982,15,76,0,0,1,0,0,1,265.46666666666664,0,1,0,0,0,1
3293,16,76,0,0,1,0,0,1,205.8125,0,1,0,0,0,1
3154,10,76,0,0,1,0,0,1,315.4,0,1,0,0,0,1
668,9,76,0,0,1,0,0,1,74.22222222222223,0,1,0,0,0,1
8269,11,30,0,0,0,0,0,0,751.7272727272727,0,1,0,1,0,0
7733,15,30,0,0,0,0,0,0,515.5333333333333,0,1,0,1,0,0
7479,15,30,0,0,0,0,0,0,498.6,0,1,0,1,0,0
8640,14,30,0,0,0,0,0,0,617.1428571428571,0,1,0,1,0,0
8211,11,30,0,0,0,0,0,0,746.4545454545455,0,1,0,1,0,0
3891,17,31,1,0,0,0,0,0,228.88235294117646,0,1,0,1,0,0
2953,8,31,1,0,0,0,0,0,369.125,0,1,0,1,0,0
5216,17,31,1,0,0,0,0,0,306.8235294117647,0,1,0,1,0,0
3961,11,31,1,0,0,0,0,0,360.09090909090907,0,1,0,1,0,0
4133,12,31,1,0,0,0,0,0,344.4166666666667,0,1,0,1,0,0
4194,9,31,1,0,0,0,0,0,466.0,0,1,0,1,0,0
3978,10,31,1,0,0,0,0,0,397.8,0,1,0,1,0,0
3411,14,31,1,0,0,0,0,0,243.64285714285714,0,1,0,1,0,0
4092,23,31,1,0,0,0,0,0,177.91304347826087,0,1,0,1,0,0
3539,12,31,1,0,0,0,0,0,294.9166666666667,0,1,0,1,0,0
4619,17,31,1,0,0,0,0,0,271.70588235294116,0,1,0,1,0,0
3754,12,31,1,0,0,0,0,0,312.8333333333333,0,1,0,1,0,0
2159,11,50,0,0,0,1,0,0,196.27272727272728,0,1,0,0,1,0
3365,11,50,0,0,0,1,0,0,305.90909090909093,0,1,0,0,1,0
3549,14,50,0,0,0,1,0,0,253.5,0,1,0,0,1,0
3677,21,50,0,0,0,1,0,0,175.0952380952381,0,1,0,0,1,0
978,4,50,0,0,0,1,0,0,244.5,0,1,0,0,1,0
2860,13,50,0,0,0,1,0,0,220.0,0,1,0,0,1,0
3400,18,50,0,0,0,1,0,0,188.88888888888889,0,1,0,0,1,0
1777,9,50,0,0,0,1,0,0,197.44444444444446,0,1,0,0,1,0
3858,14,50,0,0,0,1,0,0,275.57142857142856,0,1,0,0,1,0
4657,14,50,0,0,0,1,0,0,332.64285714285717,0,1,0,0,1,0
2709,9,50,0,0,0,1,0,0,301.0,0,1,0,0,1,0
4379,17,50,0,0,0,1,0,0,257.5882352941176,0,1,0,0,1,0
7571,14,28,0,0,0,0,0,0,540.7857142857143,0,1,0,1,0,0
7116,16,28,0,0,0,0,0,0,444.75,0,1,0,1,0,0
8344,14,28,0,0,0,0,0,0,596.0,0,1,0,1,0,0
7966,6,28,0,0,0,0,0,0,1327.6666666666667,0,1,0,1,0,0
8865,18,28,0,0,0,0,0,0,492.5,0,1,0,1,0,0
2633,17,30,0,1,0,0,0,1,154.88235294117646,0,1,0,1,0,0
2892,6,30,0,1,0,0,0,1,482.0,0,1,0,1,0,0
2367,10,30,0,1,0,0,0,1,236.7,0,1,0,1,0,0
2834,11,30,0,1,0,0,0,1,257.6363636363636,0,1,0,1,0,0
2905,13,30,0,1,0,0,0,1,223.46153846153845,0,1,0,1,0,0
2335,17,30,0,1,0,0,0,1,137.35294117647058,0,1,0,1,0,0
3297,12,30,0,1,0,0,0,1,274.75,0,1,0,1,0,0
3660,18,30,0,1,0,0,0,1,203.33333333333334,0,1,0,1,0,0
1331,6,30,0,1,0,0,0,1,221.83333333333334,0,1,0,1,0,0
4196,14,30,0,1,0,0,0,1,299.7142857142857,0,1,0,1,0,0
2279,14,30,0,1,0,0,0,1,162.78571428571428,0,1,0,1,0,0
6646,5,30,0,1,0,0,0,1,1329.2,0,1,0,1,0,0
7509,13,80,0,0,0,1,1,0,577.6153846153846,0,1,0,0,0,1
5128,10,80,0,0,0,1,1,0,512.8,0,1,0,0,0,1
8584,16,80,0,0,0,1,1,0,536.5,0,1,0,0,0,1
6295,15,58,1,0,0,0,0,0,419.6666666666667,0,1,0,0,1,0
5564,10,58,1,0,0,0,0,0,556.4,0,1,0,0,1,0
5143,14,58,1,0,0,0,0,0,367.35714285714283,0,1,0,0,1,0
5011,14,36,1,0,0,0,0,0,357.92857142857144,0,1,0,1,0,0
3447,8,36,1,0,0,0,0,0,430.875,0,1,0,1,0,0
4424,11,36,1,0,0,0,0,0,402.1818181818182,0,1,0,1,0,0
4804,18,36,1,0,0,0,0,0,266.8888888888889,0,1,0,1,0,0
7457,19,36,1,0,0,0,0,0,392.4736842105263,0,1,0,1,0,0
6180,18,36,1,0,0,0,0,0,343.3333333333333,0,1,0,1,0,0
5972,12,36,1,0,0,0,0,0,497.6666666666667,0,1,0,1,0,0
4803,10,36,1,0,0,0,0,0,480.3,0,1,0,1,0,0
5388,13,36,1,0,0,0,0,0,414.46153846153845,0,1,0,1,0,0
6421,14,36,1,0,0,0,0,0,458.64285714285717,0,1,0,1,0,0
3991,14,36,1,0,0,0,0,0,285.07142857142856,0,1,0,1,0,0
2027,10,73,1,1,0,0,0,1,202.7,0,1,0,0,0,1
1688,13,73,1,1,0,0,0,1,129.84615384615384,0,1,0,0,0,1
443,5,73,1,1,0,0,0,1,88.6,0,1,0,0,0,1
1406,10,73,1,1,0,0,0,1,140.6,0,1,0,0,0,1
1418,21,73,1,1,0,0,0,1,67.52380952380952,0,1,0,0,0,1
1584,14,73,1,1,0,0,0,1,113.14285714285714,0,1,0,0,0,1
1524,9,73,1,1,0,0,0,1,169.33333333333334,0,1,0,0,0,1
1558,12,73,1,1,0,0,0,1,129.83333333333334,0,1,0,0,0,1
2602,12,73,1,1,0,0,0,1,216.83333333333334,0,1,0,0,0,1
2154,9,73,1,1,0,0,0,1,239.33333333333334,0,1,0,0,0,1
2269,14,73,1,1,0,0,0,1,162.07142857142858,0,1,0,0,0,1
1246,6,73,1,1,0,0,0,1,207.66666666666666,0,1,0,0,0,1
5211,18,69,0,1,0,1,1,1,289.5,0,1,0,0,0,1
7907,8,69,0,1,0,1,1,1,988.375,0,1,0,0,0,1
6366,14,69,0,1,0,1,1,1,454.7142857142857,0,1,0,0,0,1
5578,13,69,0,1,0,1,1,1,429.0769230769231,0,1,0,0,0,1
5606,15,69,0,1,0,1,1,1,373.73333333333335,0,1,0,0,0,1
7680,14,69,0,1,0,1,1,1,548.5714285714286,0,1,0,0,0,1
5592,15,69,0,1,0,1,1,1,372.8,0,1,0,0,0,1
5848,18,69,0,1,0,1,1,1,324.8888888888889,0,1,0,0,0,1
5489,9,69,0,1,0,1,1,1,609.8888888888889,0,1,0,0,0,1
8631,10,39,1,0,0,1,0,0,863.1,0,1,0,1,0,0
7897,14,75,1,0,1,0,0,1,564.0714285714286,0,1,0,0,0,1
8791,10,75,1,0,1,0,0,1,879.1,0,1,0,0,0,1
6329,17,75,1,0,1,0,0,1,372.29411764705884,0,1,0,0,0,1
6566,18,75,1,0,1,0,0,1,364.77777777777777,0,1,0,0,0,1
5077,10,75,1,0,1,0,0,1,507.7,0,1,0,0,0,1
6061,6,75,1,0,1,0,0,1,1010.1666666666666,0,1,0,0,0,1
7601,23,75,1,0,1,0,0,1,330.4782608695652,0,1,0,0,0,1
6232,12,75,1,0,1,0,0,1,519.3333333333334,0,1,0,0,0,1
6812,16,75,1,0,1,0,0,1,425.75,0,1,0,0,0,1
5232,17,75,1,0,1,0,0,1,307.7647058823529,0,1,0,0,0,1
6721,12,23,0,0,0,0,0,0,560.0833333333334,0,1,1,0,0,0
3810,7,23,0,0,0,0,0,0,544.2857142857143,0,1,1,0,0,0
4044,18,23,0,0,0,0,0,0,224.66666666666666,0,1,1,0,0,0
6509,7,23,0,0,0,0,0,0,929.8571428571429,0,1,1,0,0,0
4531,16,23,0,0,0,0,0,0,283.1875,0,1,1,0,0,0
6540,21,23,0,0,0,0,0,0,311.42857142857144,0,1,1,0,0,0
6561,13,23,0,0,0,0,0,0,504.6923076923077,0,1,1,0,0,0
3752,11,23,0,0,0,0,0,0,341.09090909090907,0,1,1,0,0,0
6528,13,23,0,0,0,0,0,0,502.15384615384613,0,1,1,0,0,0
3117,18,23,0,0,0,0,0,0,173.16666666666666,0,1,1,0,0,0
3489,10,23,0,0,0,0,0,0,348.9,0,1,1,0,0,0
4360,18,23,0,0,0,0,0,0,242.22222222222223,0,1,1,0,0,0
6189,10,82,1,0,0,0,0,0,618.9,0,1,0,0,0,1
4170,8,82,1,0,0,0,0,0,521.25,0,1,0,0,0,1
7232,16,82,1,0,0,0,0,0,452.0,0,1,0,0,0,1
3723,13,82,1,0,0,0,0,0,286.38461538461536,0,1,0,0,0,1
7612,12,82,1,0,0,0,0,0,634.3333333333334,0,1,0,0,0,1
3645,16,82,1,0,0,0,0,0,227.8125,0,1,0,0,0,1
6912,8,82,1,0,0,0,0,0,864.0,0,1,0,0,0,1
3742,12,82,1,0,0,0,0,0,311.8333333333333,0,1,0,0,0,1
6205,18,82,1,0,0,0,0,0,344.72222222222223,0,1,0,0,0,1
4662,6,82,1,0,0,0,0,0,777.0,0,1,0,0,0,1
4810,12,82,1,0,0,0,0,0,400.8333333333333,0,1,0,0,0,1
4206,15,82,1,0,0,0,0,0,280.4,0,1,0,0,0,1
2364,11,56,0,0,0,0,0,0,214.9090909090909,0,1,0,0,1,0
4621,14,56,0,0,0,0,0,0,330.07142857142856,0,1,0,0,1,0
7175,9,56,0,0,0,0,0,0,797.2222222222222,0,1,0,0,1,0
3759,14,56,0,0,0,0,0,0,268.5,0,1,0,0,1,0
4315,14,56,0,0,0,0,0,0,308.2142857142857,0,1,0,0,1,0
6591,16,56,0,0,0,0,0,0,411.9375,0,1,0,0,1,0
7602,12,56,0,0,0,0,0,0,633.5,0,1,0,0,1,0
3507,9,56,0,0,0,0,0,0,389.6666666666667,0,1,0,0,1,0
3382,15,56,0,0,0,0,0,0,225.46666666666667,0,1,0,0,1,0
2991,15,56,0,0,0,0,0,0,199.4,0,1,0,0,1,0
7305,12,56,0,0,0,0,0,0,608.75,0,1,0,0,1,0
6286,11,56,0,0,0,0,0,0,571.4545454545455,0,1,0,0,1,0
2673,15,85,0,1,0,1,0,1,178.2,0,1,0,0,0,1
2251,13,85,0,1,0,1,0,1,173.15384615384616,0,1,0,0,0,1
2680,13,85,0,1,0,1,0,1,206.15384615384616,0,1,0,0,0,1
1512,12,85,0,1,0,1,0,1,126.0,0,1,0,0,0,1
2748,23,85,0,1,0,1,0,1,119.47826086956522,0,1,0,0,0,1
2209,12,85,0,1,0,1,0,1,184.08333333333334,0,1,0,0,0,1
6442,16,85,0,1,0,1,0,1,402.625,0,1,0,0,0,1
1668,3,85,0,1,0,1,0,1,556.0,0,1,0,0,0,1
5487,13,85,0,1,0,1,0,1,422.0769230769231,0,1,0,0,0,1
3481,6,85,0,1,0,1,0,1,580.1666666666666,0,1,0,0,0,1
1180,6,85,0,1,0,1,0,1,196.66666666666666,0,1,0,0,0,1
2933,11,85,0,1,0,1,0,1,266.6363636363636,0,1,0,0,0,1
7825,17,31,0,0,0,1,1,0,460.29411764705884,0,1,0,1,0,0
7951,8,31,0,0,0,1,1,0,993.875,0,1,0,1,0,0
8715,14,31,0,0,0,1,1,0,622.5,0,1,0,1,0,0
7527,16,31,0,0,0,1,1,0,470.4375,0,1,0,1,0,0
7456,11,31,0,0,0,1,1,0,677.8181818181819,0,1,0,1,0,0
6519,13,31,0,0,0,1,1,0,501.46153846153845,0,1,0,1,0,0
7490,20,31,0,0,0,1,1,0,374.5,0,1,0,1,0,0
7548,11,31,0,0,0,1,1,0,686.1818181818181,0,1,0,1,0,0
5536,16,31,0,0,0,1,1,0,346.0,0,1,0,1,0,0
3600,8,57,1,0,0,1,0,0,450.0,0,1,0,0,1,0
7133,9,57,1,0,0,1,0,0,792.5555555555555,0,1,0,0,1,0
7514,11,57,1,0,0,1,0,0,683.0909090909091,0,1,0,0,1,0
6224,8,57,1,0,0,1,0,0,778.0,0,1,0,0,1,0
7110,11,57,1,0,0,1,0,0,646.3636363636364,0,1,0,0,1,0
8879,10,75,1,0,0,1,0,0,887.9,0,1,0,0,0,1
2915,10,75,1,0,0,1,0,0,291.5,0,1,0,0,0,1
5639,13,75,1,0,0,1,0,0,433.7692307692308,0,1,0,0,0,1
8472,15,75,1,0,0,1,0,0,564.8,0,1,0,0,0,1
5126,9,75,1,0,0,1,0,0,569.5555555555555,0,1,0,0,0,1
4308,6,75,1,0,0,1,0,0,718.0,0,1,0,0,0,1
6661,13,75,1,0,0,1,0,0,512.3846153846154,0,1,0,0,0,1
5724,14,75,1,0,0,1,0,0,408.85714285714283,0,1,0,0,0,1
8252,13,75,1,0,0,1,0,0,634.7692307692307,0,1,0,0,0,1
7219,17,75,1,0,0,1,0,0,424.6470588235294,0,1,0,0,0,1
6528,17,24,0,0,0,0,0,0,384.0,0,1,1,0,0,0
8595,13,24,0,0,0,0,0,0,661.1538461538462,0,1,1,0,0,0
5523,10,24,0,0,0,0,0,0,552.3,0,1,1,0,0,0
7398,17,24,0,0,0,0,0,0,435.1764705882353,0,1,1,0,0,0
7061,13,24,0,0,0,0,0,0,543.1538461538462,0,1,1,0,0,0
7153,15,24,0,0,0,0,0,0,476.8666666666667,0,1,1,0,0,0
7415,10,24,0,0,0,0,0,0,741.5,0,1,1,0,0,0
5838,19,24,0,0,0,0,0,0,307.2631578947368,0,1,1,0,0,0
6045,14,35,1,0,0,0,0,0,431.7857142857143,0,1,0,1,0,0
7466,17,35,1,0,0,0,0,0,439.1764705882353,0,1,0,1,0,0
2435,11,35,1,0,0,0,0,0,221.36363636363637,0,1,0,1,0,0
4596,13,35,1,0,0,0,0,0,353.53846153846155,0,1,0,1,0,0
7355,12,35,1,0,0,0,0,0,612.9166666666666,0,1,0,1,0,0
4066,16,35,1,0,0,0,0,0,254.125,0,1,0,1,0,0
1069,6,35,1,0,0,0,0,0,178.16666666666666,0,1,0,1,0,0
4107,15,35,1,0,0,0,0,0,273.8,0,1,0,1,0,0
6662,13,35,1,0,0,0,0,0,512.4615384615385,0,1,0,1,0,0
6496,14,35,1,0,0,0,0,0,464.0,0,1,0,1,0,0
7716,16,35,1,0,0,0,0,0,482.25,0,1,0,1,0,0
5561,16,35,1,0,0,0,0,0,347.5625,0,1,0,1,0,0
2782,12,80,1,1,0,0,0,1,231.83333333333334,0,1,0,0,0,1
3996,16,80,1,1,0,0,0,1,249.75,0,1,0,0,0,1
2968,17,80,1,1,0,0,0,1,174.58823529411765,0,1,0,0,0,1
5327,19,80,1,1,0,0,0,1,280.36842105263156,0,1,0,0,0,1
3578,13,80,1,1,0,0,0,1,275.2307692307692,0,1,0,0,0,1
3735,15,80,1,1,0,0,0,1,249.0,0,1,0,0,0,1
2719,14,80,1,1,0,0,0,1,194.21428571428572,0,1,0,0,0,1
1566,9,80,1,1,0,0,0,1,174.0,0,1,0,0,0,1
3531,12,80,1,1,0,0,0,1,294.25,0,1,0,0,0,1
2273,16,80,1,1,0,0,0,1,142.0625,0,1,0,0,0,1
5389,14,80,1,1,0,0,0,1,384.92857142857144,0,1,0,0,0,1
2660,12,80,1,1,0,0,0,1,221.66666666666666,0,1,0,0,0,1
8520,14,53,0,0,0,1,0,0,608.5714285714286,0,1,0,0,1,0
6382,15,53,0,0,0,1,0,0,425.46666666666664,0,1,0,0,1,0
8540,14,53,0,0,0,1,0,0,610.0,0,1,0,0,1,0
6505,16,53,0,0,0,1,0,0,406.5625,0,1,0,0,1,0
5466,13,53,0,0,0,1,0,0,420.46153846153845,0,1,0,0,1,0
8129,13,53,0,0,0,1,0,0,625.3076923076923,0,1,0,0,1,0
5042,11,53,0,0,0,1,0,0,458.3636363636364,0,1,0,0,1,0
8013,12,53,0,0,0,1,0,0,667.75,0,1,0,0,1,0
7167,21,53,0,0,0,1,0,0,341.2857142857143,0,1,0,0,1,0
6661,10,53,0,0,0,1,0,0,666.1,0,1,0,0,1,0
8872,17,53,0,0,0,1,0,0,521.8823529411765,0,1,0,0,1,0
7373,11,53,0,0,0,1,0,0,670.2727272727273,0,1,0,0,1,0
1323,10,46,1,1,0,0,0,1,132.3,0,1,0,0,1,0
731,6,46,1,1,0,0,0,1,121.83333333333333,0,1,0,0,1,0
3494,4,46,1,1,0,0,0,1,873.5,0,1,0,0,1,0
1344,15,46,1,1,0,0,0,1,89.6,0,1,0,0,1,0
1328,8,46,1,1,0,0,0,1,166.0,0,1,0,0,1,0
3624,15,46,1,1,0,0,0,1,241.6,0,1,0,0,1,0
1812,16,46,1,1,0,0,0,1,113.25,0,1,0,0,1,0
1223,18,46,1,1,0,0,0,1,67.94444444444444,0,1,0,0,1,0
3269,10,46,1,1,0,0,0,1,326.9,0,1,0,0,1,0
1300,15,46,1,1,0,0,0,1,86.66666666666667,0,1,0,0,1,0
1381,15,46,1,1,0,0,0,1,92.06666666666666,0,1,0,0,1,0
1071,14,46,1,1,0,0,0,1,76.5,0,1,0,0,1,0
3190,11,63,1,0,1,1,0,1,290.0,0,1,0,0,1,0
6055,15,63,1,0,1,1,0,1,403.6666666666667,0,1,0,0,1,0
3573,17,63,1,0,1,1,0,1,210.1764705882353,0,1,0,0,1,0
5199,21,63,1,0,1,1,0,1,247.57142857142858,0,1,0,0,1,0
5066,12,63,1,0,1,1,0,1,422.1666666666667,0,1,0,0,1,0
3349,7,63,1,0,1,1,0,1,478.42857142857144,0,1,0,0,1,0
7636,17,63,1,0,1,1,0,1,449.1764705882353,0,1,0,0,1,0
4493,15,63,1,0,1,1,0,1,299.53333333333336,0,1,0,0,1,0
2685,7,63,1,0,1,1,0,1,383.57142857142856,0,1,0,0,1,0
3854,16,63,1,0,1,1,0,1,240.875,0,1,0,0,1,0
3453,11,63,1,0,1,1,0,1,313.90909090909093,0,1,0,0,1,0
3531,13,63,1,0,1,1,0,1,271.61538461538464,0,1,0,0,1,0
1308,10,22,0,0,0,1,0,0,130.8,0,1,1,0,0,0
1176,9,22,0,0,0,1,0,0,130.66666666666666,0,1,1,0,0,0
2237,8,22,0,0,0,1,0,0,279.625,0,1,1,0,0,0
2380,9,22,0,0,0,1,0,0,264.44444444444446,0,1,1,0,0,0
2282,8,22,0,0,0,1,0,0,285.25,0,1,1,0,0,0
2126,10,22,0,0,0,1,0,0,212.6,0,1,1,0,0,0
312,10,22,0,0,0,1,0,0,31.2,0,1,1,0,0,0
1517,6,22,0,0,0,1,0,0,252.83333333333334,0,1,1,0,0,0
4188,14,22,0,0,0,1,0,0,299.14285714285717,0,1,1,0,0,0
1663,18,22,0,0,0,1,0,0,92.38888888888889,0,1,1,0,0,0
1713,20,22,0,0,0,1,0,0,85.65,0,1,1,0,0,0
2171,12,22,0,0,0,1,0,0,180.91666666666666,0,1,1,0,0,0
2422,18,80,0,0,0,0,0,0,134.55555555555554,0,1,0,0,0,1
1061,9,80,0,0,0,0,0,0,117.88888888888889,0,1,0,0,0,1
2497,17,80,0,0,0,0,0,0,146.88235294117646,0,1,0,0,0,1
1710,9,80,0,0,0,0,0,0,190.0,0,1,0,0,0,1
2190,17,80,0,0,0,0,0,0,128.8235294117647,0,1,0,0,0,1
1745,9,80,0,0,0,0,0,0,193.88888888888889,0,1,0,0,0,1
2040,13,80,0,0,0,0,0,0,156.92307692307693,0,1,0,0,0,1
3842,9,80,0,0,0,0,0,0,426.8888888888889,0,1,0,0,0,1
2213,18,80,0,0,0,0,0,0,122.94444444444444,0,1,0,0,0,1
3308,14,80,0,0,0,0,0,0,236.28571428571428,0,1,0,0,0,1
1844,8,80,0,0,0,0,0,0,230.5,0,1,0,0,0,1
2267,11,80,0,0,0,0,0,0,206.0909090909091,0,1,0,0,0,1
8625,11,85,0,0,0,1,0,0,784.0909090909091,0,1,0,0,0,1
8254,15,85,0,0,0,1,0,0,550.2666666666667,0,1,0,0,0,1
8764,15,85,0,0,0,1,0,0,584.2666666666667,0,1,0,0,0,1
8994,16,85,0,0,0,1,0,0,562.125,0,1,0,0,0,1
6123,15,85,0,0,0,1,0,0,408.2,0,1,0,0,0,1
6279,12,85,0,0,0,1,0,0,523.25,0,1,0,0,0,1
8577,9,85,0,0,0,1,0,0,953.0,0,1,0,0,0,1
8606,14,19,0,0,0,0,0,0,614.7142857142857,0,1,1,0,0,0
7689,15,19,0,0,0,0,0,0,512.6,0,1,1,0,0,0
3794,17,19,0,0,0,0,0,0,223.1764705882353,0,1,1,0,0,0
8962,7,19,0,0,0,0,0,0,1280.2857142857142,0,1,1,0,0,0
6785,14,19,0,0,0,0,0,0,484.64285714285717,0,1,1,0,0,0
5494,16,19,0,0,0,0,0,0,343.375,0,1,1,0,0,0
8207,15,19,0,0,0,0,0,0,547.1333333333333,0,1,1,0,0,0
6036,15,19,0,0,0,0,0,0,402.4,0,1,1,0,0,0
3594,13,19,0,0,0,0,0,0,276.46153846153845,0,1,1,0,0,0
7323,13,19,0,0,0,0,0,0,563.3076923076923,0,1,1,0,0,0
5654,13,19,0,0,0,0,0,0,434.9230769230769,0,1,1,0,0,0
5263,8,19,0,0,0,0,0,0,657.875,0,1,1,0,0,0
2495,10,67,0,0,0,0,0,0,249.5,0,1,0,0,0,1
2097,8,67,0,0,0,0,0,0,262.125,0,1,0,0,0,1
3562,11,67,0,0,0,0,0,0,323.8181818181818,0,1,0,0,0,1
3868,11,67,0,0,0,0,0,0,351.6363636363636,0,1,0,0,0,1
2706,12,67,0,0,0,0,0,0,225.5,0,1,0,0,0,1
2186,8,67,0,0,0,0,0,0,273.25,0,1,0,0,0,1
3881,15,67,0,0,0,0,0,0,258.73333333333335,0,1,0,0,0,1
2182,14,67,0,0,0,0,0,0,155.85714285714286,0,1,0,0,0,1
2689,9,67,0,0,0,0,0,0,298.77777777777777,0,1,0,0,0,1
4151,14,67,0,0,0,0,0,0,296.5,0,1,0,0,0,1
3000,13,67,0,0,0,0,0,0,230.76923076923077,0,1,0,0,0,1
4873,14,71,1,0,0,0,0,0,348.07142857142856,0,1,0,0,0,1
5412,22,71,1,0,0,0,0,0,246.0,0,1,0,0,0,1
5351,14,71,1,0,0,0,0,0,382.2142857142857,0,1,0,0,0,1
8207,13,71,1,0,0,0,0,0,631.3076923076923,0,1,0,0,0,1
1639,12,71,1,0,0,0,0,0,136.58333333333334,0,1,0,0,0,1
4970,15,71,1,0,0,0,0,0,331.3333333333333,0,1,0,0,0,1
4569,4,71,1,0,0,0,0,0,1142.25,0,1,0,0,0,1
4668,14,71,1,0,0,0,0,0,333.42857142857144,0,1,0,0,0,1
4082,14,71,1,0,0,0,0,0,291.57142857142856,0,1,0,0,0,1
5891,11,71,1,0,0,0,0,0,535.5454545454545,0,1,0,0,0,1
4518,9,71,1,0,0,0,0,0,502.0,0,1,0,0,0,1
4262,15,75,1,0,1,0,0,1,284.1333333333333,0,1,0,0,0,1
1543,19,75,1,0,1,0,0,1,81.21052631578948,0,1,0,0,0,1
1182,11,75,1,0,1,0,0,1,107.45454545454545,0,1,0,0,0,1
1724,8,75,1,0,1,0,0,1,215.5,0,1,0,0,0,1
1823,19,75,1,0,1,0,0,1,95.94736842105263,0,1,0,0,0,1
2219,8,75,1,0,1,0,0,1,277.375,0,1,0,0,0,1
1373,16,75,1,0,1,0,0,1,85.8125,0,1,0,0,0,1
1515,12,75,1,0,1,0,0,1,126.25,0,1,0,0,0,1
945,9,75,1,0,1,0,0,1,105.0,0,1,0,0,0,1
1708,14,75,1,0,1,0,0,1,122.0,0,1,0,0,0,1
2210,17,75,1,0,1,0,0,1,130.0,0,1,0,0,0,1
3768,19,75,1,0,1,0,0,1,198.31578947368422,0,1,0,0,0,1
5185,11,82,0,0,0,0,0,0,471.3636363636364,0,1,0,0,0,1
5499,6,82,0,0,0,0,0,0,916.5,0,1,0,0,0,1
4834,15,82,0,0,0,0,0,0,322.26666666666665,0,1,0,0,0,1
8460,10,62,1,0,0,0,0,0,846.0,0,1,0,0,1,0
4186,16,62,1,0,0,0,0,0,261.625,0,1,0,0,1,0
4219,5,62,1,0,0,0,0,0,843.8,0,1,0,0,1,0
6004,7,62,1,0,0,0,0,0,857.7142857142857,0,1,0,0,1,0
2861,9,62,1,0,0,0,0,0,317.8888888888889,0,1,0,0,1,0
4830,18,62,1,0,0,0,0,0,268.3333333333333,0,1,0,0,1,0
6090,18,62,1,0,0,0,0,0,338.3333333333333,0,1,0,0,1,0
8397,16,62,1,0,0,0,0,0,524.8125,0,1,0,0,1,0
4585,19,62,1,0,0,0,0,0,241.31578947368422,0,1,0,0,1,0
3619,12,62,1,0,0,0,0,0,301.5833333333333,0,1,0,0,1,0
5576,20,62,1,0,0,0,0,0,278.8,0,1,0,0,1,0
6905,11,62,1,0,0,0,0,0,627.7272727272727,0,1,0,0,1,0
1708,8,35,0,0,1,0,0,1,213.5,0,1,0,1,0,0
7978,14,35,0,0,1,0,0,1,569.8571428571429,0,1,0,1,0,0
4300,10,35,0,0,1,0,0,1,430.0,0,1,0,1,0,0
5894,14,35,0,0,1,0,0,1,421.0,0,1,0,1,0,0
6872,13,35,0,0,1,0,0,1,528.6153846153846,0,1,0,1,0,0
4587,13,35,0,0,1,0,0,1,352.84615384615387,0,1,0,1,0,0
4159,17,35,0,0,1,0,0,1,244.64705882352942,0,1,0,1,0,0
1447,12,35,0,0,1,0,0,1,120.58333333333333,0,1,0,1,0,0
6101,14,35,0,0,1,0,0,1,435.7857142857143,0,1,0,1,0,0
3405,15,35,0,0,1,0,0,1,227.0,0,1,0,1,0,0
4749,12,35,0,0,1,0,0,1,395.75,0,1,0,1,0,0
6130,12,35,0,0,1,0,0,1,510.8333333333333,0,1,0,1,0,0
7668,10,62,1,0,0,1,0,0,766.8,0,1,0,0,1,0
7067,10,62,1,0,0,1,0,0,706.7,0,1,0,0,1,0
6427,13,62,1,0,0,1,0,0,494.38461538461536,0,1,0,0,1,0
8354,11,62,1,0,0,1,0,0,759.4545454545455,0,1,0,0,1,0
8023,9,62,1,0,0,1,0,0,891.4444444444445,0,1,0,0,1,0
7084,12,62,1,0,0,1,0,0,590.3333333333334,0,1,0,0,1,0
8327,11,62,1,0,0,1,0,0,757.0,0,1,0,0,1,0
8971,12,62,1,0,0,1,0,0,747.5833333333334,0,1,0,0,1,0
6257,17,62,1,0,0,1,0,0,368.05882352941177,0,1,0,0,1,0
4878,14,62,1,0,0,1,0,0,348.42857142857144,0,1,0,0,1,0
7524,9,24,0,0,0,0,0,0,836.0,0,1,1,0,0,0
4252,10,24,0,0,0,0,0,0,425.2,0,1,1,0,0,0
7735,17,24,0,0,0,0,0,0,455.0,0,1,1,0,0,0
3846,7,24,0,0,0,0,0,0,549.4285714285714,0,1,1,0,0,0
8945,19,24,0,0,0,0,0,0,470.7894736842105,0,1,1,0,0,0
3530,6,45,1,0,0,0,0,0,588.3333333333334,0,1,0,0,1,0
5174,15,45,1,0,0,0,0,0,344.93333333333334,0,1,0,0,1,0
5010,12,45,1,0,0,0,0,0,417.5,0,1,0,0,1,0
3892,9,45,1,0,0,0,0,0,432.44444444444446,0,1,0,0,1,0
5219,12,45,1,0,0,0,0,0,434.9166666666667,0,1,0,0,1,0
6547,20,45,1,0,0,0,0,0,327.35,0,1,0,0,1,0
3471,13,45,1,0,0,0,0,0,267.0,0,1,0,0,1,0
4110,14,45,1,0,0,0,0,0,293.57142857142856,0,1,0,0,1,0
2268,6,45,1,0,0,0,0,0,378.0,0,1,0,0,1,0
8500,3,45,1,0,0,0,0,0,2833.3333333333335,0,1,0,0,1,0
6045,9,45,1,0,0,0,0,0,671.6666666666666,0,1,0,0,1,0
5006,16,45,1,0,0,0,0,0,312.875,0,1,0,0,1,0
1819,14,75,0,0,0,0,0,0,129.92857142857142,0,1,0,0,0,1
1394,18,75,0,0,0,0,0,0,77.44444444444444,0,1,0,0,0,1
1987,10,75,0,0,0,0,0,0,198.7,0,1,0,0,0,1
1602,16,75,0,0,0,0,0,0,100.125,0,1,0,0,0,1
3977,13,75,0,0,0,0,0,0,305.9230769230769,0,1,0,0,0,1
2318,13,75,0,0,0,0,0,0,178.30769230769232,0,1,0,0,0,1
1446,8,75,0,0,0,0,0,0,180.75,0,1,0,0,0,1
1958,12,75,0,0,0,0,0,0,163.16666666666666,0,1,0,0,0,1
4503,19,75,0,0,0,0,0,0,237.0,0,1,0,0,0,1
1551,12,75,0,0,0,0,0,0,129.25,0,1,0,0,0,1
2283,9,75,0,0,0,0,0,0,253.66666666666666,0,1,0,0,0,1
2732,8,75,0,0,0,0,0,0,341.5,0,1,0,0,0,1
7757,13,54,0,0,0,0,1,0,596.6923076923077,0,1,0,0,1,0
4349,12,54,0,0,0,0,1,0,362.4166666666667,0,1,0,0,1,0
6606,16,54,0,0,0,0,1,0,412.875,0,1,0,0,1,0
6091,15,54,0,0,0,0,1,0,406.06666666666666,0,1,0,0,1,0
6486,18,54,0,0,0,0,1,0,360.3333333333333,0,1,0,0,1,0
7645,9,54,0,0,0,0,1,0,849.4444444444445,0,1,0,0,1,0
8268,13,54,0,0,0,0,1,0,636.0,0,1,0,0,1,0
5031,11,54,0,0,0,0,1,0,457.3636363636364,0,1,0,0,1,0
4414,6,54,0,0,0,0,1,0,735.6666666666666,0,1,0,0,1,0
7024,9,54,0,0,0,0,1,0,780.4444444444445,0,1,0,0,1,0
7665,11,63,0,1,0,0,0,1,696.8181818181819,0,1,0,0,1,0
8639,5,63,0,1,0,0,0,1,1727.8,0,1,0,0,1,0
4571,10,63,0,1,0,0,0,1,457.1,0,1,0,0,1,0
7336,11,63,0,1,0,0,0,1,666.9090909090909,0,1,0,0,1,0
7007,19,48,1,0,0,1,0,0,368.7894736842105,0,1,0,0,1,0
7603,9,48,1,0,0,1,0,0,844.7777777777778,0,1,0,0,1,0
7178,8,48,1,0,0,1,0,0,897.25,0,1,0,0,1,0
5408,16,19,0,0,0,1,0,0,338.0,0,1,1,0,0,0
6617,12,19,0,0,0,1,0,0,551.4166666666666,0,1,1,0,0,0
7326,10,19,0,0,0,1,0,0,732.6,0,1,1,0,0,0
4913,13,19,0,0,0,1,0,0,377.9230769230769,0,1,1,0,0,0
7659,15,19,0,0,0,1,0,0,510.6,0,1,1,0,0,0
8595,10,19,0,0,0,1,0,0,859.5,0,1,1,0,0,0
5905,15,19,0,0,0,1,0,0,393.6666666666667,0,1,1,0,0,0
7667,11,19,0,0,0,1,0,0,697.0,0,1,1,0,0,0
6082,15,63,0,0,0,1,0,0,405.46666666666664,0,1,0,0,1,0
6673,18,63,0,0,0,1,0,0,370.72222222222223,0,1,0,0,1,0
2104,11,63,0,0,0,1,0,0,191.27272727272728,0,1,0,0,1,0
6357,11,63,0,0,0,1,0,0,577.9090909090909,0,1,0,0,1,0
4346,10,63,0,0,0,1,0,0,434.6,0,1,0,0,1,0
5393,15,63,0,0,0,1,0,0,359.53333333333336,0,1,0,0,1,0
5611,11,63,0,0,0,1,0,0,510.09090909090907,0,1,0,0,1,0
4665,16,63,0,0,0,1,0,0,291.5625,0,1,0,0,1,0
3722,9,63,0,0,0,1,0,0,413.55555555555554,0,1,0,0,1,0
4502,14,63,0,0,0,1,0,0,321.57142857142856,0,1,0,0,1,0
4715,12,63,0,0,0,1,0,0,392.9166666666667,0,1,0,0,1,0
6244,12,63,0,0,0,1,0,0,520.3333333333334,0,1,0,0,1,0
8228,15,81,0,0,0,0,0,0,548.5333333333333,0,1,0,0,0,1
8550,10,81,0,0,0,0,0,0,855.0,0,1,0,0,0,1
8174,9,81,0,0,0,0,0,0,908.2222222222222,0,1,0,0,0,1
7806,12,23,1,0,1,1,1,1,650.5,0,1,1,0,0,0
7649,12,23,1,0,1,1,1,1,637.4166666666666,0,1,1,0,0,0
7020,12,23,1,0,1,1,1,1,585.0,0,1,1,0,0,0
6815,18,23,1,0,1,1,1,1,378.6111111111111,0,1,1,0,0,0
8305,11,23,1,0,1,1,1,1,755.0,0,1,1,0,0,0
8139,17,23,1,0,1,1,1,1,478.7647058823529,0,1,1,0,0,0
6465,18,23,1,0,1,1,1,1,359.1666666666667,0,1,1,0,0,0
5271,15,23,1,0,1,1,1,1,351.4,0,1,1,0,0,0
6445,14,23,1,0,1,1,1,1,460.35714285714283,0,1,1,0,0,0
5681,16,23,1,0,1,1,1,1,355.0625,0,1,1,0,0,0
6873,7,23,1,0,1,1,1,1,981.8571428571429,0,1,1,0,0,0
7739,13,23,1,0,1,1,1,1,595.3076923076923,0,1,1,0,0,0
8013,10,62,0,1,0,0,0,1,801.3,0,1,0,0,1,0
6752,15,62,0,1,0,0,0,1,450.1333333333333,0,1,0,0,1,0
7831,13,62,0,1,0,0,0,1,602.3846153846154,0,1,0,0,1,0
8929,9,62,0,1,0,0,0,1,992.1111111111111,0,1,0,0,1,0
6808,15,62,0,1,0,0,0,1,453.8666666666667,0,1,0,0,1,0
7712,15,62,0,1,0,0,0,1,514.1333333333333,0,1,0,0,1,0
6310,16,62,0,1,0,0,0,1,394.375,0,1,0,0,1,0
3943,10,62,0,1,0,0,0,1,394.3,0,1,0,0,1,0
8918,13,53,1,1,0,0,1,1,686.0,0,1,0,0,1,0
8505,10,53,1,1,0,0,1,1,850.5,0,1,0,0,1,0
7798,10,52,1,1,0,0,0,1,779.8,0,1,0,0,1,0
4902,15,52,1,1,0,0,0,1,326.8,0,1,0,0,1,0
4607,5,52,1,1,0,0,0,1,921.4,0,1,0,0,1,0
8102,10,52,1,1,0,0,0,1,810.2,0,1,0,0,1,0
8918,12,52,1,1,0,0,0,1,743.1666666666666,0,1,0,0,1,0
6092,16,52,1,1,0,0,0,1,380.75,0,1,0,0,1,0
7734,8,52,1,1,0,0,0,1,966.75,0,1,0,0,1,0
7583,9,69,1,0,0,0,1,0,842.5555555555555,0,1,0,0,0,1
6753,9,61,1,1,0,0,0,1,750.3333333333334,0,1,0,0,1,0
6124,19,61,1,1,0,0,0,1,322.3157894736842,0,1,0,0,1,0
6870,15,61,1,1,0,0,0,1,458.0,0,1,0,0,1,0
8014,15,61,1,1,0,0,0,1,534.2666666666667,0,1,0,0,1,0
7674,20,61,1,1,0,0,0,1,383.7,0,1,0,0,1,0
5024,15,61,1,1,0,0,0,1,334.93333333333334,0,1,0,0,1,0
7454,11,70,1,0,0,0,1,0,677.6363636363636,0,1,0,0,0,1
8407,10,70,1,0,0,0,1,0,840.7,0,1,0,0,0,1
4642,14,70,1,0,0,0,1,0,331.57142857142856,0,1,0,0,0,1
6465,9,70,1,0,0,0,1,0,718.3333333333334,0,1,0,0,0,1
7620,17,70,1,0,0,0,1,0,448.2352941176471,0,1,0,0,0,1
8963,16,70,1,0,0,0,1,0,560.1875,0,1,0,0,0,1
6836,14,70,1,0,0,0,1,0,488.2857142857143,0,1,0,0,0,1
6858,11,23,0,0,0,0,0,0,623.4545454545455,0,1,1,0,0,0
5703,15,23,0,0,0,0,0,0,380.2,0,1,1,0,0,0
7125,10,66,0,1,0,1,0,1,712.5,0,1,0,0,0,1
3318,11,66,0,1,0,1,0,1,301.6363636363636,0,1,0,0,0,1
7379,9,66,0,1,0,1,0,1,819.8888888888889,0,1,0,0,0,1
2893,11,66,0,1,0,1,0,1,263.0,0,1,0,0,0,1
4765,13,66,0,1,0,1,0,1,366.53846153846155,0,1,0,0,0,1
5946,11,66,0,1,0,1,0,1,540.5454545454545,0,1,0,0,0,1
6491,8,66,0,1,0,1,0,1,811.375,0,1,0,0,0,1
5577,21,66,0,1,0,1,0,1,265.57142857142856,0,1,0,0,0,1
3487,15,66,0,1,0,1,0,1,232.46666666666667,0,1,0,0,0,1
5300,12,66,0,1,0,1,0,1,441.6666666666667,0,1,0,0,0,1
5608,12,66,0,1,0,1,0,1,467.3333333333333,0,1,0,0,0,1
3465,4,68,0,1,0,0,0,1,866.25,0,1,0,0,0,1
6728,22,68,0,1,0,0,0,1,305.8181818181818,0,1,0,0,0,1
5277,17,68,0,1,0,0,0,1,310.4117647058824,0,1,0,0,0,1
7037,9,68,0,1,0,0,0,1,781.8888888888889,0,1,0,0,0,1
5191,13,68,0,1,0,0,0,1,399.3076923076923,0,1,0,0,0,1
3198,8,68,0,1,0,0,0,1,399.75,0,1,0,0,0,1
6844,13,68,0,1,0,0,0,1,526.4615384615385,0,1,0,0,0,1
5448,12,68,0,1,0,0,0,1,454.0,0,1,0,0,0,1
7017,10,68,0,1,0,0,0,1,701.7,0,1,0,0,0,1
4820,15,68,0,1,0,0,0,1,321.3333333333333,0,1,0,0,0,1
5127,9,52,0,0,0,0,0,0,569.6666666666666,0,1,0,0,1,0
8731,15,52,0,0,0,0,0,0,582.0666666666667,0,1,0,0,1,0
8053,10,52,0,0,0,0,0,0,805.3,0,1,0,0,1,0
8730,9,52,0,0,0,0,0,0,970.0,0,1,0,0,1,0
8981,12,52,0,0,0,0,0,0,748.4166666666666,0,1,0,0,1,0
7947,12,52,0,0,0,0,0,0,662.25,0,1,0,0,1,0
4764,18,69,0,1,0,0,0,1,264.6666666666667,0,1,0,0,0,1
2207,10,69,0,1,0,0,0,1,220.7,0,1,0,0,0,1
2621,10,69,0,1,0,0,0,1,262.1,0,1,0,0,0,1
6793,10,69,0,1,0,0,0,1,679.3,0,1,0,0,0,1
2358,10,69,0,1,0,0,0,1,235.8,0,1,0,0,0,1
6190,15,69,0,1,0,0,0,1,412.6666666666667,0,1,0,0,0,1
4610,7,69,0,1,0,0,0,1,658.5714285714286,0,1,0,0,0,1
3527,16,69,0,1,0,0,0,1,220.4375,0,1,0,0,0,1
3028,16,69,0,1,0,0,0,1,189.25,0,1,0,0,0,1
3724,16,69,0,1,0,0,0,1,232.75,0,1,0,0,0,1
4089,12,69,0,1,0,0,0,1,340.75,0,1,0,0,0,1
1640,10,69,0,1,0,0,0,1,164.0,0,1,0,0,0,1
8822,19,59,1,1,0,1,1,1,464.3157894736842,0,1,0,0,1,0
6112,13,59,1,1,0,1,1,1,470.15384615384613,0,1,0,0,1,0
4461,9,59,1,1,0,1,1,1,495.6666666666667,0,1,0,0,1,0
7849,20,59,1,1,0,1,1,1,392.45,0,1,0,0,1,0
7392,20,59,1,1,0,1,1,1,369.6,0,1,0,0,1,0
4265,16,40,1,0,0,0,0,0,266.5625,0,1,0,1,0,0
5961,17,40,1,0,0,0,0,0,350.6470588235294,0,1,0,1,0,0
5780,19,40,1,0,0,0,0,0,304.2105263157895,0,1,0,1,0,0
4784,18,40,1,0,0,0,0,0,265.77777777777777,0,1,0,1,0,0
6352,17,40,1,0,0,0,0,0,373.6470588235294,0,1,0,1,0,0
4306,13,40,1,0,0,0,0,0,331.2307692307692,0,1,0,1,0,0
5127,9,40,1,0,0,0,0,0,569.6666666666666,0,1,0,1,0,0
3183,18,40,1,0,0,0,0,0,176.83333333333334,0,1,0,1,0,0
5263,15,40,1,0,0,0,0,0,350.8666666666667,0,1,0,1,0,0
5653,11,40,1,0,0,0,0,0,513.9090909090909,0,1,0,1,0,0
5778,13,40,1,0,0,0,0,0,444.46153846153845,0,1,0,1,0,0
4576,11,40,1,0,0,0,0,0,416.0,0,1,0,1,0,0
673,11,24,1,0,0,1,0,0,61.18181818181818,0,1,1,0,0,0
2125,14,24,1,0,0,1,0,0,151.78571428571428,0,1,1,0,0,0
6683,30,24,1,0,0,1,0,0,222.76666666666668,0,1,1,0,0,0
898,9,24,1,0,0,1,0,0,99.77777777777777,0,1,1,0,0,0
2032,18,24,1,0,0,1,0,0,112.88888888888889,0,1,1,0,0,0
1638,12,24,1,0,0,1,0,0,136.5,0,1,1,0,0,0
520,11,24,1,0,0,1,0,0,47.27272727272727,0,1,1,0,0,0
1064,7,24,1,0,0,1,0,0,152.0,0,1,1,0,0,0
1434,19,24,1,0,0,1,0,0,75.47368421052632,0,1,1,0,0,0
1137,10,24,1,0,0,1,0,0,113.7,0,1,1,0,0,0
1394,19,24,1,0,0,1,0,0,73.36842105263158,0,1,1,0,0,0
2332,13,24,1,0,0,1,0,0,179.3846153846154,0,1,1,0,0,0
3601,8,49,1,0,1,1,0,1,450.125,0,1,0,0,1,0
4268,15,49,1,0,1,1,0,1,284.53333333333336,0,1,0,0,1,0
3147,13,49,1,0,1,1,0,1,242.07692307692307,0,1,0,0,1,0
3798,11,49,1,0,1,1,0,1,345.27272727272725,0,1,0,0,1,0
5014,15,49,1,0,1,1,0,1,334.26666666666665,0,1,0,0,1,0
3684,10,49,1,0,1,1,0,1,368.4,0,1,0,0,1,0
6559,14,49,1,0,1,1,0,1,468.5,0,1,0,0,1,0
2426,15,49,1,0,1,1,0,1,161.73333333333332,0,1,0,0,1,0
7381,11,49,1,0,1,1,0,1,671.0,0,1,0,0,1,0
5765,11,49,1,0,1,1,0,1,524.0909090909091,0,1,0,0,1,0
3925,20,49,1,0,1,1,0,1,196.25,0,1,0,0,1,0
2270,12,49,1,0,1,1,0,1,189.16666666666666,0,1,0,0,1,0
4222,13,21,0,0,0,0,0,0,324.7692307692308,0,1,1,0,0,0
4475,11,21,0,0,0,0,0,0,406.8181818181818,0,1,1,0,0,0
4495,18,21,0,0,0,0,0,0,249.72222222222223,0,1,1,0,0,0
4932,21,21,0,0,0,0,0,0,234.85714285714286,0,1,1,0,0,0
3869,17,21,0,0,0,0,0,0,227.58823529411765,0,1,1,0,0,0
7207,16,21,0,0,0,0,0,0,450.4375,0,1,1,0,0,0
4585,18,21,0,0,0,0,0,0,254.72222222222223,0,1,1,0,0,0
4831,10,21,0,0,0,0,0,0,483.1,0,1,1,0,0,0
4844,15,21,0,0,0,0,0,0,322.93333333333334,0,1,1,0,0,0
5077,19,21,0,0,0,0,0,0,267.2105263157895,0,1,1,0,0,0
4404,7,21,0,0,0,0,0,0,629.1428571428571,0,1,1,0,0,0
3111,16,21,0,0,0,0,0,0,194.4375,0,1,1,0,0,0
3789,11,69,1,1,0,1,1,1,344.45454545454544,0,1,0,0,0,1
5730,14,69,1,1,0,1,1,1,409.2857142857143,0,1,0,0,0,1
4614,11,69,1,1,0,1,1,1,419.45454545454544,0,1,0,0,0,1
6018,17,69,1,1,0,1,1,1,354.0,0,1,0,0,0,1
5951,11,69,1,1,0,1,1,1,541.0,0,1,0,0,0,1
6851,13,69,1,1,0,1,1,1,527.0,0,1,0,0,0,1
4876,17,69,1,1,0,1,1,1,286.8235294117647,0,1,0,0,0,1
5697,13,69,1,1,0,1,1,1,438.2307692307692,0,1,0,0,0,1
5481,11,69,1,1,0,1,1,1,498.27272727272725,0,1,0,0,0,1
6758,11,69,1,1,0,1,1,1,614.3636363636364,0,1,0,0,0,1
739,8,55,1,1,0,1,0,1,92.375,0,1,0,0,1,0
1263,16,55,1,1,0,1,0,1,78.9375,0,1,0,0,1,0
2387,14,55,1,1,0,1,0,1,170.5,0,1,0,0,1,0
1301,8,55,1,1,0,1,0,1,162.625,0,1,0,0,1,0
3224,20,55,1,1,0,1,0,1,161.2,0,1,0,0,1,0
1677,10,55,1,1,0,1,0,1,167.7,0,1,0,0,1,0
2349,2,55,1,1,0,1,0,1,1174.5,0,1,0,0,1,0
1046,12,55,1,1,0,1,0,1,87.16666666666667,0,1,0,0,1,0
2584,15,55,1,1,0,1,0,1,172.26666666666668,0,1,0,0,1,0
1920,13,55,1,1,0,1,0,1,147.69230769230768,0,1,0,0,1,0
2072,13,55,1,1,0,1,0,1,159.3846153846154,0,1,0,0,1,0
2861,9,55,1,1,0,1,0,1,317.8888888888889,0,1,0,0,1,0
2455,10,83,1,0,0,0,0,0,245.5,0,1,0,0,0,1
3023,17,83,1,0,0,0,0,0,177.8235294117647,0,1,0,0,0,1
4537,19,83,1,0,0,0,0,0,238.78947368421052,0,1,0,0,0,1
3482,12,83,1,0,0,0,0,0,290.1666666666667,0,1,0,0,0,1
3899,14,83,1,0,0,0,0,0,278.5,0,1,0,0,0,1
3279,11,83,1,0,0,0,0,0,298.09090909090907,0,1,0,0,0,1
2918,14,83,1,0,0,0,0,0,208.42857142857142,0,1,0,0,0,1
4529,12,83,1,0,0,0,0,0,377.4166666666667,0,1,0,0,0,1
4334,14,83,1,0,0,0,0,0,309.57142857142856,0,1,0,0,0,1
5178,13,83,1,0,0,0,0,0,398.3076923076923,0,1,0,0,0,1
3427,14,83,1,0,0,0,0,0,244.78571428571428,0,1,0,0,0,1
3908,9,83,1,0,0,0,0,0,434.22222222222223,0,1,0,0,0,1
2893,13,68,0,0,1,1,0,1,222.53846153846155,0,1,0,0,0,1
6625,11,68,0,0,1,1,0,1,602.2727272727273,0,1,0,0,0,1
5938,20,68,0,0,1,1,0,1,296.9,0,1,0,0,0,1
4196,8,68,0,0,1,1,0,1,524.5,0,1,0,0,0,1
4416,10,68,0,0,1,1,0,1,441.6,0,1,0,0,0,1
6813,19,68,0,0,1,1,0,1,358.57894736842104,0,1,0,0,0,1
6077,9,68,0,0,1,1,0,1,675.2222222222222,0,1,0,0,0,1
3836,8,68,0,0,1,1,0,1,479.5,0,1,0,0,0,1
6536,17,68,0,0,1,1,0,1,384.47058823529414,0,1,0,0,0,1
2994,16,68,0,0,1,1,0,1,187.125,0,1,0,0,0,1
8695,11,68,0,0,1,1,0,1,790.4545454545455,0,1,0,0,0,1
4837,18,68,0,0,1,1,0,1,268.72222222222223,0,1,0,0,0,1
3897,12,59,0,1,0,1,0,1,324.75,0,1,0,0,1,0
8575,11,59,0,1,0,1,0,1,779.5454545454545,0,1,0,0,1,0
4630,17,39,1,1,0,0,0,1,272.3529411764706,0,1,0,1,0,0
3490,5,39,1,1,0,0,0,1,698.0,0,1,0,1,0,0
7794,19,39,1,1,0,0,0,1,410.2105263157895,0,1,0,1,0,0
8888,17,39,1,1,0,0,0,1,522.8235294117648,0,1,0,1,0,0
7956,14,39,1,1,0,0,0,1,568.2857142857143,0,1,0,1,0,0
7242,12,39,1,1,0,0,0,1,603.5,0,1,0,1,0,0
5410,18,39,1,1,0,0,0,1,300.55555555555554,0,1,0,1,0,0
4860,14,61,1,0,0,0,0,0,347.14285714285717,0,1,0,0,1,0
2897,12,61,1,0,0,0,0,0,241.41666666666666,0,1,0,0,1,0
6688,13,61,1,0,0,0,0,0,514.4615384615385,0,1,0,0,1,0
1810,10,61,1,0,0,0,0,0,181.0,0,1,0,0,1,0
1510,14,61,1,0,0,0,0,0,107.85714285714286,0,1,0,0,1,0
2608,11,61,1,0,0,0,0,0,237.0909090909091,0,1,0,0,1,0
2237,14,61,1,0,0,0,0,0,159.78571428571428,0,1,0,0,1,0
1682,9,61,1,0,0,0,0,0,186.88888888888889,0,1,0,0,1,0
1683,8,61,1,0,0,0,0,0,210.375,0,1,0,0,1,0
2010,13,61,1,0,0,0,0,0,154.6153846153846,0,1,0,0,1,0
4664,14,61,1,0,0,0,0,0,333.14285714285717,0,1,0,0,1,0
3105,11,61,1,0,0,0,0,0,282.27272727272725,0,1,0,0,1,0
2268,9,46,0,0,0,1,0,0,252.0,0,1,0,0,1,0
1539,13,46,0,0,0,1,0,0,118.38461538461539,0,1,0,0,1,0
1938,10,46,0,0,0,1,0,0,193.8,0,1,0,0,1,0
1749,12,46,0,0,0,1,0,0,145.75,0,1,0,0,1,0
1706,15,46,0,0,0,1,0,0,113.73333333333333,0,1,0,0,1,0
3805,20,46,0,0,0,1,0,0,190.25,0,1,0,0,1,0
3296,12,46,0,0,0,1,0,0,274.6666666666667,0,1,0,0,1,0
882,14,46,0,0,0,1,0,0,63.0,0,1,0,0,1,0
863,13,46,0,0,0,1,0,0,66.38461538461539,0,1,0,0,1,0
1958,13,46,0,0,0,1,0,0,150.6153846153846,0,1,0,0,1,0
3143,5,46,0,0,0,1,0,0,628.6,0,1,0,0,1,0
1321,16,46,0,0,0,1,0,0,82.5625,0,1,0,0,1,0
8627,14,31,1,1,0,0,0,1,616.2142857142857,0,1,0,1,0,0
6737,8,31,1,1,0,0,0,1,842.125,0,1,0,1,0,0
4762,14,31,1,1,0,0,0,1,340.14285714285717,0,1,0,1,0,0
8435,9,31,1,1,0,0,0,1,937.2222222222222,0,1,0,1,0,0
6542,12,31,1,1,0,0,0,1,545.1666666666666,0,1,0,1,0,0
7171,13,31,1,1,0,0,0,1,551.6153846153846,0,1,0,1,0,0
8110,10,31,1,1,0,0,0,1,811.0,0,1,0,1,0,0
3653,12,52,0,0,0,1,0,0,304.4166666666667,0,1,0,0,1,0
8871,12,52,0,0,0,1,0,0,739.25,0,1,0,0,1,0
7123,11,52,0,0,0,1,0,0,647.5454545454545,0,1,0,0,1,0
4511,9,52,0,0,0,1,0,0,501.22222222222223,0,1,0,0,1,0
8182,12,52,0,0,0,1,0,0,681.8333333333334,0,1,0,0,1,0
8701,13,52,0,0,0,1,0,0,669.3076923076923,0,1,0,0,1,0
1579,9,52,0,0,0,1,0,0,175.44444444444446,0,1,0,0,1,0
5253,11,52,0,0,0,1,0,0,477.54545454545456,0,1,0,0,1,0
5012,12,52,0,0,0,1,0,0,417.6666666666667,0,1,0,0,1,0
4531,12,52,0,0,0,1,0,0,377.5833333333333,0,1,0,0,1,0
7104,16,41,0,0,0,0,0,0,444.0,0,1,0,1,0,0
3950,9,41,0,0,0,0,0,0,438.8888888888889,0,1,0,1,0,0
3869,10,41,0,0,0,0,0,0,386.9,0,1,0,1,0,0
7306,10,41,0,0,0,0,0,0,730.6,0,1,0,1,0,0
8827,17,41,0,0,0,0,0,0,519.2352941176471,0,1,0,1,0,0
6624,12,41,0,0,0,0,0,0,552.0,0,1,0,1,0,0
4734,10,41,0,0,0,0,0,0,473.4,0,1,0,1,0,0
7954,9,41,0,0,0,0,0,0,883.7777777777778,0,1,0,1,0,0
7471,14,59,1,0,0,1,1,0,533.6428571428571,0,1,0,0,1,0
7400,8,59,1,0,0,1,1,0,925.0,0,1,0,0,1,0
5197,5,59,1,0,0,1,1,0,1039.4,0,1,0,0,1,0
7796,13,59,1,0,0,1,1,0,599.6923076923077,0,1,0,0,1,0
6034,13,18,0,1,0,0,0,1,464.15384615384613,0,1,1,0,0,0
3926,11,18,0,1,0,0,0,1,356.90909090909093,0,1,1,0,0,0
5641,16,18,0,1,0,0,0,1,352.5625,0,1,1,0,0,0
2550,10,18,0,1,0,0,0,1,255.0,0,1,1,0,0,0
2850,13,18,0,1,0,0,0,1,219.23076923076923,0,1,1,0,0,0
3257,7,18,0,1,0,0,0,1,465.2857142857143,0,1,1,0,0,0
4573,13,18,0,1,0,0,0,1,351.7692307692308,0,1,1,0,0,0
4839,14,18,0,1,0,0,0,1,345.64285714285717,0,1,1,0,0,0
2516,8,18,0,1,0,0,0,1,314.5,0,1,1,0,0,0
4638,11,18,0,1,0,0,0,1,421.6363636363636,0,1,1,0,0,0
4753,16,18,0,1,0,0,0,1,297.0625,0,1,1,0,0,0
8851,15,67,1,0,0,1,0,0,590.0666666666667,0,1,0,0,0,1
6766,10,67,1,0,0,1,0,0,676.6,0,1,0,0,0,1
8211,16,67,1,0,0,1,0,0,513.1875,0,1,0,0,0,1
5023,13,67,1,0,0,1,0,0,386.38461538461536,0,1,0,0,0,1
8455,11,67,1,0,0,1,0,0,768.6363636363636,0,1,0,0,0,1
6424,17,67,1,0,0,1,0,0,377.88235294117646,0,1,0,0,0,1
3691,10,45,1,0,0,0,1,0,369.1,0,1,0,0,1,0
2215,11,45,1,0,0,0,1,0,201.36363636363637,0,1,0,0,1,0
3574,15,45,1,0,0,0,1,0,238.26666666666668,0,1,0,0,1,0
4767,14,45,1,0,0,0,1,0,340.5,0,1,0,0,1,0
3733,12,45,1,0,0,0,1,0,311.0833333333333,0,1,0,0,1,0
2876,8,45,1,0,0,0,1,0,359.5,0,1,0,0,1,0
2855,19,45,1,0,0,0,1,0,150.26315789473685,0,1,0,0,1,0
4181,17,45,1,0,0,0,1,0,245.94117647058823,0,1,0,0,1,0
2334,9,45,1,0,0,0,1,0,259.3333333333333,0,1,0,0,1,0
4037,13,45,1,0,0,0,1,0,310.53846153846155,0,1,0,0,1,0
3998,17,45,1,0,0,0,1,0,235.1764705882353,0,1,0,0,1,0
4634,18,45,1,0,0,0,1,0,257.44444444444446,0,1,0,0,1,0
2656,7,35,1,0,0,0,0,0,379.42857142857144,0,1,0,1,0,0
3580,19,35,1,0,0,0,0,0,188.42105263157896,0,1,0,1,0,0
2628,14,35,1,0,0,0,0,0,187.71428571428572,0,1,0,1,0,0
2759,11,35,1,0,0,0,0,0,250.8181818181818,0,1,0,1,0,0
3348,14,35,1,0,0,0,0,0,239.14285714285714,0,1,0,1,0,0
1586,14,35,1,0,0,0,0,0,113.28571428571429,0,1,0,1,0,0
2432,14,35,1,0,0,0,0,0,173.71428571428572,0,1,0,1,0,0
2157,14,35,1,0,0,0,0,0,154.07142857142858,0,1,0,1,0,0
4774,14,35,1,0,0,0,0,0,341.0,0,1,0,1,0,0
2245,18,35,1,0,0,0,0,0,124.72222222222223,0,1,0,1,0,0
2745,10,35,1,0,0,0,0,0,274.5,0,1,0,1,0,0
2380,12,35,1,0,0,0,0,0,198.33333333333334,0,1,0,1,0,0
8561,12,53,1,0,0,1,1,0,713.4166666666666,0,1,0,0,1,0
5211,6,53,1,0,0,1,1,0,868.5,0,1,0,0,1,0
7689,14,53,1,0,0,1,1,0,549.2142857142857,0,1,0,0,1,0
8376,12,78,0,0,0,0,0,0,698.0,0,1,0,0,0,1
6822,13,78,0,0,0,0,0,0,524.7692307692307,0,1,0,0,0,1
6242,16,78,0,0,0,0,0,0,390.125,0,1,0,0,0,1
8029,14,78,0,0,0,0,0,0,573.5,0,1,0,0,0,1
8220,12,78,0,0,0,0,0,0,685.0,0,1,0,0,0,1
6929,12,78,0,0,0,0,0,0,577.4166666666666,0,1,0,0,0,1
5006,11,41,1,1,0,0,0,1,455.09090909090907,0,1,0,1,0,0
5065,13,41,1,1,0,0,0,1,389.61538461538464,0,1,0,1,0,0
6183,9,41,1,1,0,0,0,1,687.0,0,1,0,1,0,0
4255,11,41,1,1,0,0,0,1,386.8181818181818,0,1,0,1,0,0
4094,6,41,1,1,0,0,0,1,682.3333333333334,0,1,0,1,0,0
5050,15,41,1,1,0,0,0,1,336.6666666666667,0,1,0,1,0,0
3626,13,41,1,1,0,0,0,1,278.9230769230769,0,1,0,1,0,0
3472,11,41,1,1,0,0,0,1,315.6363636363636,0,1,0,1,0,0
6591,16,41,1,1,0,0,0,1,411.9375,0,1,0,1,0,0
4651,13,41,1,1,0,0,0,1,357.7692307692308,0,1,0,1,0,0
6462,11,41,1,1,0,0,0,1,587.4545454545455,0,1,0,1,0,0
5039,14,61,0,0,0,0,0,0,359.92857142857144,0,1,0,0,1,0
8085,11,61,0,0,0,0,0,0,735.0,0,1,0,0,1,0
5615,5,61,0,0,0,0,0,0,1123.0,0,1,0,0,1,0
8712,8,61,0,0,0,0,0,0,1089.0,0,1,0,0,1,0
5144,12,61,0,0,0,0,0,0,428.6666666666667,0,1,0,0,1,0
7998,17,61,0,0,0,0,0,0,470.47058823529414,0,1,0,0,1,0
8105,11,61,0,0,0,0,0,0,736.8181818181819,0,1,0,0,1,0
6444,7,51,1,0,0,0,0,0,920.5714285714286,0,1,0,0,1,0
1362,9,51,1,0,0,0,0,0,151.33333333333334,0,1,0,0,1,0
5375,12,51,1,0,0,0,0,0,447.9166666666667,0,1,0,0,1,0
3952,13,51,1,0,0,0,0,0,304.0,0,1,0,0,1,0
6710,11,51,1,0,0,0,0,0,610.0,0,1,0,0,1,0
6327,15,51,1,0,0,0,0,0,421.8,0,1,0,0,1,0
4790,13,51,1,0,0,0,0,0,368.46153846153845,0,1,0,0,1,0
5736,11,51,1,0,0,0,0,0,521.4545454545455,0,1,0,0,1,0
8830,12,51,1,0,0,0,0,0,735.8333333333334,0,1,0,0,1,0
8211,12,51,1,0,0,0,0,0,684.25,0,1,0,0,1,0
6177,13,51,1,0,0,0,0,0,475.15384615384613,0,1,0,0,1,0
7721,13,51,1,0,0,0,0,0,593.9230769230769,0,1,0,0,1,0
6362,12,69,1,0,0,0,0,0,530.1666666666666,0,1,0,0,0,1
8234,17,69,1,0,0,0,0,0,484.3529411764706,0,1,0,0,0,1
5742,14,69,1,0,0,0,0,0,410.14285714285717,0,1,0,0,0,1
4948,11,69,1,0,0,0,0,0,449.8181818181818,0,1,0,0,0,1
6516,14,69,1,0,0,0,0,0,465.42857142857144,0,1,0,0,0,1
6975,15,69,1,0,0,0,0,0,465.0,0,1,0,0,0,1
6139,13,69,1,0,0,0,0,0,472.2307692307692,0,1,0,0,0,1
6832,18,69,1,0,0,0,0,0,379.55555555555554,0,1,0,0,0,1
5303,19,69,1,0,0,0,0,0,279.10526315789474,0,1,0,0,0,1
7499,16,35,1,0,0,1,0,0,468.6875,0,1,0,1,0,0
4521,10,35,1,0,0,1,0,0,452.1,0,1,0,1,0,0
8331,7,35,1,0,0,1,0,0,1190.142857142857,0,1,0,1,0,0
6269,17,35,1,0,0,1,0,0,368.7647058823529,0,1,0,1,0,0
8749,19,35,1,0,0,1,0,0,460.4736842105263,0,1,0,1,0,0
2254,4,25,1,0,0,1,0,0,563.5,0,1,0,1,0,0
5903,12,25,1,0,0,1,0,0,491.9166666666667,0,1,0,1,0,0
4808,20,25,1,0,0,1,0,0,240.4,0,1,0,1,0,0
2638,14,25,1,0,0,1,0,0,188.42857142857142,0,1,0,1,0,0
1691,13,25,1,0,0,1,0,0,130.07692307692307,0,1,0,1,0,0
2980,12,25,1,0,0,1,0,0,248.33333333333334,0,1,0,1,0,0
3570,14,25,1,0,0,1,0,0,255.0,0,1,0,1,0,0
2091,11,25,1,0,0,1,0,0,190.0909090909091,0,1,0,1,0,0
1807,10,25,1,0,0,1,0,0,180.7,0,1,0,1,0,0
2647,15,25,1,0,0,1,0,0,176.46666666666667,0,1,0,1,0,0
4447,19,25,1,0,0,1,0,0,234.05263157894737,0,1,0,1,0,0
2694,16,25,1,0,0,1,0,0,168.375,0,1,0,1,0,0
5895,14,72,0,0,0,0,0,0,421.07142857142856,0,1,0,0,0,1
5398,20,72,0,0,0,0,0,0,269.9,0,1,0,0,0,1
7114,13,72,0,0,0,0,0,0,547.2307692307693,0,1,0,0,0,1
6761,9,72,0,0,0,0,0,0,751.2222222222222,0,1,0,0,0,1
7610,11,72,0,0,0,0,0,0,691.8181818181819,0,1,0,0,0,1
4246,10,72,0,0,0,0,0,0,424.6,0,1,0,0,0,1
6532,14,72,0,0,0,0,0,0,466.57142857142856,0,1,0,0,0,1
7502,10,72,0,0,0,0,0,0,750.2,0,1,0,0,0,1
8815,10,72,0,0,0,0,0,0,881.5,0,1,0,0,0,1
5016,9,72,0,0,0,0,0,0,557.3333333333334,0,1,0,0,0,1
3750,8,72,0,1,0,0,0,1,468.75,0,1,0,0,0,1
5749,7,72,0,1,0,0,0,1,821.2857142857143,0,1,0,0,0,1
3595,12,72,0,1,0,0,0,1,299.5833333333333,0,1,0,0,0,1
6101,18,72,0,1,0,0,0,1,338.94444444444446,0,1,0,0,0,1
6131,14,72,0,1,0,0,0,1,437.92857142857144,0,1,0,0,0,1
6481,12,72,0,1,0,0,0,1,540.0833333333334,0,1,0,0,0,1
6630,11,72,0,1,0,0,0,1,602.7272727272727,0,1,0,0,0,1
6064,17,72,0,1,0,0,0,1,356.70588235294116,0,1,0,0,0,1
8496,14,72,0,1,0,0,0,1,606.8571428571429,0,1,0,0,0,1
6279,23,72,0,1,0,0,0,1,273.0,0,1,0,0,0,1
6731,16,72,0,1,0,0,0,1,420.6875,0,1,0,0,0,1
8071,15,38,0,0,0,0,0,0,538.0666666666667,0,1,0,1,0,0
5365,14,38,0,0,0,0,0,0,383.2142857142857,0,1,0,1,0,0
6493,10,38,0,0,0,0,0,0,649.3,0,1,0,1,0,0
8872,11,38,0,0,0,0,0,0,806.5454545454545,0,1,0,1,0,0
8340,8,38,0,0,0,0,0,0,1042.5,0,1,0,1,0,0
7217,12,38,0,0,0,0,0,0,601.4166666666666,0,1,0,1,0,0
5599,16,38,0,0,0,0,0,0,349.9375,0,1,0,1,0,0
6703,14,38,0,0,0,0,0,0,478.7857142857143,0,1,0,1,0,0
6981,12,38,0,0,0,0,0,0,581.75,0,1,0,1,0,0
6581,5,38,0,0,0,0,0,0,1316.2,0,1,0,1,0,0
8761,12,24,0,0,0,1,1,0,730.0833333333334,0,1,1,0,0,0
8359,22,24,0,0,0,1,1,0,379.95454545454544,0,1,1,0,0,0
7229,11,24,0,0,0,1,1,0,657.1818181818181,0,1,1,0,0,0
7699,9,24,0,0,0,1,1,0,855.4444444444445,0,1,1,0,0,0
8726,16,24,0,0,0,1,1,0,545.375,0,1,1,0,0,0
6253,15,24,0,0,0,1,1,0,416.8666666666667,0,1,1,0,0,0
8149,12,24,0,0,0,1,1,0,679.0833333333334,0,1,1,0,0,0
7735,11,68,1,1,0,1,0,1,703.1818181818181,0,1,0,0,0,1
8066,8,68,1,1,0,1,0,1,1008.25,0,1,0,0,0,1
8449,10,68,1,1,0,1,0,1,844.9,0,1,0,0,0,1
8577,12,68,1,1,0,1,0,1,714.75,0,1,0,0,0,1
3006,13,53,0,0,0,0,0,0,231.23076923076923,0,1,0,0,1,0
3209,13,53,0,0,0,0,0,0,246.84615384615384,0,1,0,0,1,0
3068,12,53,0,0,0,0,0,0,255.66666666666666,0,1,0,0,1,0
3073,15,53,0,0,0,0,0,0,204.86666666666667,0,1,0,0,1,0
6004,12,53,0,0,0,0,0,0,500.3333333333333,0,1,0,0,1,0
2323,15,53,0,0,0,0,0,0,154.86666666666667,0,1,0,0,1,0
2553,14,53,0,0,0,0,0,0,182.35714285714286,0,1,0,0,1,0
3614,6,53,0,0,0,0,0,0,602.3333333333334,0,1,0,0,1,0
2915,16,53,0,0,0,0,0,0,182.1875,0,1,0,0,1,0
3147,12,53,0,0,0,0,0,0,262.25,0,1,0,0,1,0
3454,20,53,0,0,0,0,0,0,172.7,0,1,0,0,1,0
2957,16,53,0,0,0,0,0,0,184.8125,0,1,0,0,1,0
5567,12,73,0,0,0,0,0,0,463.9166666666667,0,1,0,0,0,1
8118,14,73,0,0,0,0,0,0,579.8571428571429,0,1,0,0,0,1
6302,14,73,0,0,0,0,0,0,450.14285714285717,0,1,0,0,0,1
7592,6,73,0,0,0,0,0,0,1265.3333333333333,0,1,0,0,0,1
6399,13,73,0,0,0,0,0,0,492.2307692307692,0,1,0,0,0,1
8918,9,73,0,0,0,0,0,0,990.8888888888889,0,1,0,0,0,1
7410,20,73,0,0,0,0,0,0,370.5,0,1,0,0,0,1
5405,12,73,0,0,0,0,0,0,450.4166666666667,0,1,0,0,0,1
6229,12,33,1,1,1,0,0,1,519.0833333333334,0,1,0,1,0,0
5056,7,33,1,1,1,0,0,1,722.2857142857143,0,1,0,1,0,0
8535,8,33,1,1,1,0,0,1,1066.875,0,1,0,1,0,0
5525,10,33,1,1,1,0,0,1,552.5,0,1,0,1,0,0
5454,6,33,1,1,1,0,0,1,909.0,0,1,0,1,0,0
8608,20,27,1,1,0,1,0,1,430.4,0,1,0,1,0,0
6214,9,27,1,1,0,1,0,1,690.4444444444445,0,1,0,1,0,0
8838,8,27,1,1,0,1,0,1,1104.75,0,1,0,1,0,0
7370,19,27,1,1,0,1,0,1,387.89473684210526,0,1,0,1,0,0
8484,15,27,1,1,0,1,0,1,565.6,0,1,0,1,0,0
8942,19,27,1,1,0,1,0,1,470.63157894736844,0,1,0,1,0,0
8987,16,27,1,1,0,1,0,1,561.6875,0,1,0,1,0,0
3615,6,36,0,0,0,1,0,0,602.5,0,1,0,1,0,0
8989,17,36,0,0,0,1,0,0,528.7647058823529,0,1,0,1,0,0
7752,12,36,0,0,0,1,0,0,646.0,0,1,0,1,0,0
5339,13,36,0,0,0,1,0,0,410.6923076923077,0,1,0,1,0,0
4484,12,36,0,0,0,1,0,0,373.6666666666667,0,1,0,1,0,0
7909,16,36,0,0,0,1,0,0,494.3125,0,1,0,1,0,0
7584,15,67,0,0,0,1,0,0,505.6,0,1,0,0,0,1
4424,15,67,0,0,0,1,0,0,294.93333333333334,0,1,0,0,0,1
6557,18,67,0,0,0,1,0,0,364.27777777777777,0,1,0,0,0,1
4779,7,67,0,0,0,1,0,0,682.7142857142857,0,1,0,0,0,1
6078,11,67,0,0,0,1,0,0,552.5454545454545,0,1,0,0,0,1
6404,15,67,0,0,0,1,0,0,426.93333333333334,0,1,0,0,0,1
8819,12,67,0,0,0,1,0,0,734.9166666666666,0,1,0,0,0,1
5005,20,67,0,0,0,1,0,0,250.25,0,1,0,0,0,1
8812,15,67,0,0,0,1,0,0,587.4666666666667,0,1,0,0,0,1
1802,14,51,1,0,0,0,0,0,128.71428571428572,0,1,0,0,1,0
2530,14,51,1,0,0,0,0,0,180.71428571428572,0,1,0,0,1,0
5567,22,51,1,0,0,0,0,0,253.04545454545453,0,1,0,0,1,0
1584,11,51,1,0,0,0,0,0,144.0,0,1,0,0,1,0
1118,15,51,1,0,0,0,0,0,74.53333333333333,0,1,0,0,1,0
2887,12,51,1,0,0,0,0,0,240.58333333333334,0,1,0,0,1,0
2423,17,51,1,0,0,0,0,0,142.52941176470588,0,1,0,0,1,0
4860,19,51,1,0,0,0,0,0,255.78947368421052,0,1,0,0,1,0
2056,14,51,1,0,0,0,0,0,146.85714285714286,0,1,0,0,1,0
2276,14,51,1,0,0,0,0,0,162.57142857142858,0,1,0,0,1,0
2093,7,51,1,0,0,0,0,0,299.0,0,1,0,0,1,0
2623,15,51,1,0,0,0,0,0,174.86666666666667,0,1,0,0,1,0
5832,9,25,0,0,0,0,0,0,648.0,0,1,0,1,0,0
8936,15,25,0,0,0,0,0,0,595.7333333333333,0,1,0,1,0,0
6461,10,25,0,0,0,0,0,0,646.1,0,1,0,1,0,0
7408,14,25,0,0,0,0,0,0,529.1428571428571,0,1,0,1,0,0
7214,9,25,0,0,0,0,0,0,801.5555555555555,0,1,0,1,0,0
6563,11,25,0,0,0,0,0,0,596.6363636363636,0,1,0,1,0,0
3196,8,25,0,0,0,0,0,0,399.5,0,1,0,1,0,0
6128,15,44,0,0,1,0,0,1,408.53333333333336,0,1,0,1,0,0
4999,11,44,0,0,1,0,0,1,454.45454545454544,0,1,0,1,0,0
6176,12,44,0,0,1,0,0,1,514.6666666666666,0,1,0,1,0,0
5852,7,44,0,0,1,0,0,1,836.0,0,1,0,1,0,0
8365,15,44,0,0,1,0,0,1,557.6666666666666,0,1,0,1,0,0
8074,9,44,0,0,1,0,0,1,897.1111111111111,0,1,0,1,0,0
2016,11,33,1,0,1,1,0,1,183.27272727272728,0,1,0,1,0,0
2321,18,33,1,0,1,1,0,1,128.94444444444446,0,1,0,1,0,0
2560,15,33,1,0,1,1,0,1,170.66666666666666,0,1,0,1,0,0
2385,9,33,1,0,1,1,0,1,265.0,0,1,0,1,0,0
2100,8,33,1,0,1,1,0,1,262.5,0,1,0,1,0,0
2076,17,33,1,0,1,1,0,1,122.11764705882354,0,1,0,1,0,0
5420,17,33,1,0,1,1,0,1,318.8235294117647,0,1,0,1,0,0
2137,11,33,1,0,1,1,0,1,194.27272727272728,0,1,0,1,0,0
1616,14,33,1,0,1,1,0,1,115.42857142857143,0,1,0,1,0,0
2014,15,33,1,0,1,1,0,1,134.26666666666668,0,1,0,1,0,0
2763,21,33,1,0,1,1,0,1,131.57142857142858,0,1,0,1,0,0
2257,6,33,1,0,1,1,0,1,376.1666666666667,0,1,0,1,0,0
5159,13,24,1,0,0,1,1,0,396.84615384615387,0,1,1,0,0,0
5466,15,24,1,0,0,1,1,0,364.4,0,1,1,0,0,0
7375,15,24,1,0,0,1,1,0,491.6666666666667,0,1,1,0,0,0
4410,18,24,1,0,0,1,1,0,245.0,0,1,1,0,0,0
6797,6,24,1,0,0,1,1,0,1132.8333333333333,0,1,1,0,0,0
4466,11,24,1,0,0,1,1,0,406.0,0,1,1,0,0,0
5685,15,24,1,0,0,1,1,0,379.0,0,1,1,0,0,0
5151,12,24,1,0,0,1,1,0,429.25,0,1,1,0,0,0
5354,11,24,1,0,0,1,1,0,486.72727272727275,0,1,1,0,0,0
3928,20,24,1,0,0,1,1,0,196.4,0,1,1,0,0,0
5562,24,64,1,1,0,0,0,1,231.75,0,1,0,0,1,0
8225,12,64,1,1,0,0,0,1,685.4166666666666,0,1,0,0,1,0
5347,14,64,1,1,0,0,0,1,381.92857142857144,0,1,0,0,1,0
5210,10,64,1,1,0,0,0,1,521.0,0,1,0,0,1,0
3558,15,64,1,1,0,0,0,1,237.2,0,1,0,0,1,0
4800,10,64,1,1,0,0,0,1,480.0,0,1,0,0,1,0
5353,14,64,1,1,0,0,0,1,382.35714285714283,0,1,0,0,1,0
5226,15,64,1,1,0,0,0,1,348.4,0,1,0,0,1,0
6953,12,64,1,1,0,0,0,1,579.4166666666666,0,1,0,0,1,0
7168,12,64,1,1,0,0,0,1,597.3333333333334,0,1,0,0,1,0
6673,16,74,1,1,0,0,0,1,417.0625,0,1,0,0,0,1
8252,13,74,1,1,0,0,0,1,634.7692307692307,0,1,0,0,0,1
6001,14,74,1,1,0,0,0,1,428.64285714285717,0,1,0,0,0,1
7935,14,74,1,1,0,0,0,1,566.7857142857143,0,1,0,0,0,1
8496,8,74,1,1,0,0,0,1,1062.0,0,1,0,0,0,1
5080,18,74,1,1,0,0,0,1,282.22222222222223,0,1,0,0,0,1
6110,12,74,1,1,0,0,0,1,509.1666666666667,0,1,0,0,0,1
5868,9,74,1,1,0,0,0,1,652.0,0,1,0,0,0,1
6826,9,74,1,1,0,0,0,1,758.4444444444445,0,1,0,0,0,1
8501,14,74,1,1,0,0,0,1,607.2142857142857,0,1,0,0,0,1
3391,15,74,1,1,0,0,0,1,226.06666666666666,0,1,0,0,0,1
3256,14,35,0,0,1,0,0,1,232.57142857142858,0,1,0,1,0,0
2352,12,35,0,0,1,0,0,1,196.0,0,1,0,1,0,0
2043,12,35,0,0,1,0,0,1,170.25,0,1,0,1,0,0
1606,13,35,0,0,1,0,0,1,123.53846153846153,0,1,0,1,0,0
2468,8,35,0,0,1,0,0,1,308.5,0,1,0,1,0,0
4462,18,35,0,0,1,0,0,1,247.88888888888889,0,1,0,1,0,0
6494,17,35,0,0,1,0,0,1,382.0,0,1,0,1,0,0
2436,12,35,0,0,1,0,0,1,203.0,0,1,0,1,0,0
1179,6,35,0,0,1,0,0,1,196.5,0,1,0,1,0,0
2249,11,35,0,0,1,0,0,1,204.45454545454547,0,1,0,1,0,0
2373,20,35,0,0,1,0,0,1,118.65,0,1,0,1,0,0
2625,16,35,0,0,1,0,0,1,164.0625,0,1,0,1,0,0
7500,12,68,0,1,0,0,0,1,625.0,0,1,0,0,0,1
8836,9,68,0,1,0,0,0,1,981.7777777777778,0,1,0,0,0,1
5226,16,68,0,1,0,0,0,1,326.625,0,1,0,0,0,1
7283,14,68,0,1,0,0,0,1,520.2142857142857,0,1,0,0,0,1
5196,12,68,0,1,0,0,0,1,433.0,0,1,0,0,0,1
6779,17,68,0,1,0,0,0,1,398.7647058823529,0,1,0,0,0,1
5331,18,68,0,1,0,0,0,1,296.1666666666667,0,1,0,0,0,1
5860,11,68,0,1,0,0,0,1,532.7272727272727,0,1,0,0,0,1
7022,11,68,0,1,0,0,0,1,638.3636363636364,0,1,0,0,0,1
3228,13,68,0,1,0,0,0,1,248.30769230769232,0,1,0,0,0,1
3740,17,38,0,0,0,0,0,0,220.0,0,1,0,1,0,0
2604,13,38,0,0,0,0,0,0,200.30769230769232,0,1,0,1,0,0
2194,11,38,0,0,0,0,0,0,199.45454545454547,0,1,0,1,0,0
2393,10,38,0,0,0,0,0,0,239.3,0,1,0,1,0,0
2920,7,38,0,0,0,0,0,0,417.14285714285717,0,1,0,1,0,0
1822,18,38,0,0,0,0,0,0,101.22222222222223,0,1,0,1,0,0
3886,15,38,0,0,0,0,0,0,259.06666666666666,0,1,0,1,0,0
1179,14,38,0,0,0,0,0,0,84.21428571428571,0,1,0,1,0,0
2137,15,38,0,0,0,0,0,0,142.46666666666667,0,1,0,1,0,0
1795,17,38,0,0,0,0,0,0,105.58823529411765,0,1,0,1,0,0
1766,15,38,0,0,0,0,0,0,117.73333333333333,0,1,0,1,0,0
2225,21,38,0,0,0,0,0,0,105.95238095238095,0,1,0,1,0,0
7353,12,33,1,0,0,0,0,0,612.75,0,1,0,1,0,0
6894,13,33,1,0,0,0,0,0,530.3076923076923,0,1,0,1,0,0
5857,9,33,1,0,0,0,0,0,650.7777777777778,0,1,0,1,0,0
7081,13,33,1,0,0,0,0,0,544.6923076923077,0,1,0,1,0,0
7110,21,33,1,0,0,0,0,0,338.57142857142856,0,1,0,1,0,0
8420,11,33,1,0,0,0,0,0,765.4545454545455,0,1,0,1,0,0
8817,14,33,1,0,0,0,0,0,629.7857142857143,0,1,0,1,0,0
5326,12,33,1,0,0,0,0,0,443.8333333333333,0,1,0,1,0,0
8516,14,33,1,0,0,0,0,0,608.2857142857143,0,1,0,1,0,0
5934,12,33,1,0,0,0,0,0,494.5,0,1,0,1,0,0
5149,13,33,1,0,0,0,0,0,396.0769230769231,0,1,0,1,0,0
4959,12,37,1,0,0,1,1,0,413.25,0,1,0,1,0,0
3956,16,37,1,0,0,1,1,0,247.25,0,1,0,1,0,0
3584,16,37,1,0,0,1,1,0,224.0,0,1,0,1,0,0
4119,9,37,1,0,0,1,1,0,457.6666666666667,0,1,0,1,0,0
3688,15,37,1,0,0,1,1,0,245.86666666666667,0,1,0,1,0,0
4863,16,37,1,0,0,1,1,0,303.9375,0,1,0,1,0,0
3329,11,37,1,0,0,1,1,0,302.6363636363636,0,1,0,1,0,0
3195,10,37,1,0,0,1,1,0,319.5,0,1,0,1,0,0
3637,6,37,1,0,0,1,1,0,606.1666666666666,0,1,0,1,0,0
4580,20,37,1,0,0,1,1,0,229.0,0,1,0,1,0,0
5029,23,37,1,0,0,1,1,0,218.65217391304347,0,1,0,1,0,0
3351,12,37,1,0,0,1,1,0,279.25,0,1,0,1,0,0
8448,11,49,0,0,0,0,0,0,768.0,0,1,0,0,1,0
7962,7,49,0,0,0,0,0,0,1137.4285714285713,0,1,0,0,1,0
6932,13,49,0,0,0,0,0,0,533.2307692307693,0,1,0,0,1,0
6644,9,49,0,0,0,0,0,0,738.2222222222222,0,1,0,0,1,0
8022,7,49,0,0,0,0,0,0,1146.0,0,1,0,0,1,0
4277,11,49,0,0,0,0,0,0,388.8181818181818,0,1,0,0,1,0
6626,13,49,0,0,0,0,0,0,509.6923076923077,0,1,0,0,1,0
5727,18,49,0,0,0,0,0,0,318.1666666666667,0,1,0,0,1,0
8044,11,83,1,1,0,0,0,1,731.2727272727273,0,1,0,0,0,1
7324,12,83,1,1,0,0,0,1,610.3333333333334,0,1,0,0,0,1
5973,14,83,1,1,0,0,0,1,426.64285714285717,0,1,0,0,0,1
7276,15,83,1,1,0,0,0,1,485.06666666666666,0,1,0,0,0,1
8722,7,83,1,1,0,0,0,1,1246.0,0,1,0,0,0,1
8014,19,83,1,1,0,0,0,1,421.7894736842105,0,1,0,0,0,1
7513,17,83,1,1,0,0,0,1,441.94117647058823,0,1,0,0,0,1
7273,14,83,1,1,0,0,0,1,519.5,0,1,0,0,0,1
2901,13,21,1,0,0,1,0,0,223.15384615384616,0,1,1,0,0,0
5158,15,21,1,0,0,1,0,0,343.8666666666667,0,1,1,0,0,0
5122,12,21,1,0,0,1,0,0,426.8333333333333,0,1,1,0,0,0
4638,11,21,1,0,0,1,0,0,421.6363636363636,0,1,1,0,0,0
6367,18,21,1,0,0,1,0,0,353.72222222222223,0,1,1,0,0,0
4188,18,21,1,0,0,1,0,0,232.66666666666666,0,1,1,0,0,0
6840,23,21,1,0,0,1,0,0,297.39130434782606,0,1,1,0,0,0
6920,15,21,1,0,0,1,0,0,461.3333333333333,0,1,1,0,0,0
4922,16,21,1,0,0,1,0,0,307.625,0,1,1,0,0,0
5989,12,21,1,0,0,1,0,0,499.0833333333333,0,1,1,0,0,0
2466,8,21,1,0,0,1,0,0,308.25,0,1,1,0,0,0
3277,12,21,1,0,0,1,0,0,273.0833333333333,0,1,1,0,0,0
7763,13,33,1,0,0,1,0,0,597.1538461538462,0,1,0,1,0,0
6105,22,33,1,0,0,1,0,0,277.5,0,1,0,1,0,0
6261,14,33,1,0,0,1,0,0,447.2142857142857,0,1,0,1,0,0
5407,11,33,1,0,0,1,0,0,491.54545454545456,0,1,0,1,0,0
8602,8,33,1,0,0,1,0,0,1075.25,0,1,0,1,0,0
8946,14,33,1,0,0,1,0,0,639.0,0,1,0,1,0,0
7921,15,33,1,0,0,1,0,0,528.0666666666667,0,1,0,1,0,0
5229,11,33,1,0,0,1,0,0,475.3636363636364,0,1,0,1,0,0
8102,12,33,1,0,0,1,0,0,675.1666666666666,0,1,0,1,0,0
8216,17,25,0,0,0,0,0,0,483.29411764705884,0,1,0,1,0,0
7976,16,25,0,0,0,0,0,0,498.5,0,1,0,1,0,0
5894,14,25,0,0,0,0,0,0,421.0,0,1,0,1,0,0
8721,8,25,0,0,0,0,0,0,1090.125,0,1,0,1,0,0
6154,10,25,0,0,0,0,0,0,615.4,0,1,0,1,0,0
8091,11,72,1,1,0,0,0,1,735.5454545454545,0,1,0,0,0,1
7532,10,72,1,1,0,0,0,1,753.2,0,1,0,0,0,1
2994,8,53,1,0,0,0,0,0,374.25,0,1,0,0,1,0
2827,13,53,1,0,0,0,0,0,217.46153846153845,0,1,0,0,1,0
1789,15,53,1,0,0,0,0,0,119.26666666666667,0,1,0,0,1,0
1040,7,53,1,0,0,0,0,0,148.57142857142858,0,1,0,0,1,0
1731,14,53,1,0,0,0,0,0,123.64285714285714,0,1,0,0,1,0
1167,13,53,1,0,0,0,0,0,89.76923076923077,0,1,0,0,1,0
5041,14,53,1,0,0,0,0,0,360.07142857142856,0,1,0,0,1,0
2610,15,53,1,0,0,0,0,0,174.0,0,1,0,0,1,0
2349,13,53,1,0,0,0,0,0,180.69230769230768,0,1,0,0,1,0
1253,10,53,1,0,0,0,0,0,125.3,0,1,0,0,1,0
1142,9,53,1,0,0,0,0,0,126.88888888888889,0,1,0,0,1,0
6298,12,84,0,0,0,0,0,0,524.8333333333334,0,1,0,0,0,1
5333,5,84,0,0,0,0,0,0,1066.6,0,1,0,0,0,1
5549,15,84,0,0,0,0,0,0,369.93333333333334,0,1,0,0,0,1
7962,9,84,0,0,0,0,0,0,884.6666666666666,0,1,0,0,0,1
6582,27,84,0,0,0,0,0,0,243.77777777777777,0,1,0,0,0,1
6935,13,84,0,0,0,0,0,0,533.4615384615385,0,1,0,0,0,1
8865,15,84,0,0,0,0,0,0,591.0,0,1,0,0,0,1
4000,15,84,0,0,0,0,0,0,266.6666666666667,0,1,0,0,0,1
6572,21,84,0,0,0,0,0,0,312.95238095238096,0,1,0,0,0,1
8436,16,84,0,0,0,0,0,0,527.25,0,1,0,0,0,1
7676,18,84,0,0,0,0,0,0,426.44444444444446,0,1,0,0,0,1
7042,17,64,0,0,0,0,0,0,414.2352941176471,0,1,0,0,1,0
5451,15,64,0,0,0,0,0,0,363.4,0,1,0,0,1,0
8604,13,64,0,0,0,0,0,0,661.8461538461538,0,1,0,0,1,0
6753,6,64,0,0,0,0,0,0,1125.5,0,1,0,0,1,0
5621,7,64,0,0,0,0,0,0,803.0,0,1,0,0,1,0
6852,8,64,0,0,0,0,0,0,856.5,0,1,0,0,1,0
5824,13,64,0,0,0,0,0,0,448.0,0,1,0,0,1,0
5475,9,64,0,0,0,0,0,0,608.3333333333334,0,1,0,0,1,0
6329,9,64,0,0,0,0,0,0,703.2222222222222,0,1,0,0,1,0
5646,14,71,0,0,0,0,0,0,403.2857142857143,0,1,0,0,0,1
7071,19,71,0,0,0,0,0,0,372.1578947368421,0,1,0,0,0,1
6114,11,71,0,0,0,0,0,0,555.8181818181819,0,1,0,0,0,1
5798,13,71,0,0,0,0,0,0,446.0,0,1,0,0,0,1
6533,9,71,0,0,0,0,0,0,725.8888888888889,0,1,0,0,0,1
2122,9,71,0,0,0,0,0,0,235.77777777777777,0,1,0,0,0,1
6619,14,71,0,0,0,0,0,0,472.7857142857143,0,1,0,0,0,1
7019,8,71,0,0,0,0,0,0,877.375,0,1,0,0,0,1
4477,10,71,0,0,0,0,0,0,447.7,0,1,0,0,0,1
3810,9,71,0,0,0,0,0,0,423.3333333333333,0,1,0,0,0,1
6579,16,81,0,1,0,1,0,1,411.1875,0,1,0,0,0,1
8208,22,81,0,1,0,1,0,1,373.09090909090907,0,1,0,0,0,1
5257,16,81,0,1,0,1,0,1,328.5625,0,1,0,0,0,1
3629,13,81,0,1,0,1,0,1,279.15384615384613,0,1,0,0,0,1
8821,15,81,0,1,0,1,0,1,588.0666666666667,0,1,0,0,0,1
4690,7,81,0,1,0,1,0,1,670.0,0,1,0,0,0,1
8976,8,81,0,1,0,1,0,1,1122.0,0,1,0,0,0,1
8373,8,28,1,0,0,1,1,0,1046.625,0,1,0,1,0,0
7468,8,28,1,0,0,1,1,0,933.5,0,1,0,1,0,0
7959,16,28,1,0,0,1,1,0,497.4375,0,1,0,1,0,0
4949,12,28,1,0,0,1,1,0,412.4166666666667,0,1,0,1,0,0
6697,9,28,1,0,0,1,1,0,744.1111111111111,0,1,0,1,0,0
8782,18,28,1,0,0,1,1,0,487.8888888888889,0,1,0,1,0,0
6377,20,28,1,0,0,1,1,0,318.85,0,1,0,1,0,0
7606,17,28,1,0,0,1,1,0,447.4117647058824,0,1,0,1,0,0
6256,14,48,1,0,1,1,0,1,446.85714285714283,0,1,0,0,1,0
1189,9,48,1,0,1,1,0,1,132.11111111111111,0,1,0,0,1,0
7245,10,48,1,0,1,1,0,1,724.5,0,1,0,0,1,0
7224,18,48,1,0,1,1,0,1,401.3333333333333,0,1,0,0,1,0
7998,13,48,1,0,1,1,0,1,615.2307692307693,0,1,0,0,1,0
7361,9,48,1,0,1,1,0,1,817.8888888888889,0,1,0,0,1,0
8846,16,48,1,0,1,1,0,1,552.875,0,1,0,0,1,0
5884,10,46,0,0,0,0,0,0,588.4,0,1,0,0,1,0
8570,13,46,0,0,0,0,0,0,659.2307692307693,0,1,0,0,1,0
8486,19,46,0,0,0,0,0,0,446.63157894736844,0,1,0,0,1,0
5661,9,46,0,0,0,0,0,0,629.0,0,1,0,0,1,0
4924,13,50,0,1,0,1,0,1,378.7692307692308,0,1,0,0,1,0
7072,14,50,0,1,0,1,0,1,505.14285714285717,0,1,0,0,1,0
6941,6,50,0,1,0,1,0,1,1156.8333333333333,0,1,0,0,1,0
6366,11,50,0,1,0,1,0,1,578.7272727272727,0,1,0,0,1,0
8014,17,50,0,1,0,1,0,1,471.4117647058824,0,1,0,0,1,0
7455,16,50,0,1,0,1,0,1,465.9375,0,1,0,0,1,0
5680,9,50,0,1,0,1,0,1,631.1111111111111,0,1,0,0,1,0
6646,17,50,0,1,0,1,0,1,390.94117647058823,0,1,0,0,1,0
5620,13,67,1,0,0,0,0,0,432.3076923076923,0,1,0,0,0,1
1548,15,67,1,0,0,0,0,0,103.2,0,1,0,0,0,1
4044,12,67,1,0,0,0,0,0,337.0,0,1,0,0,0,1
2776,13,67,1,0,0,0,0,0,213.53846153846155,0,1,0,0,0,1
3586,18,67,1,0,0,0,0,0,199.22222222222223,0,1,0,0,0,1
2442,16,67,1,0,0,0,0,0,152.625,0,1,0,0,0,1
4236,15,67,1,0,0,0,0,0,282.4,0,1,0,0,0,1
1888,13,67,1,0,0,0,0,0,145.23076923076923,0,1,0,0,0,1
2026,5,67,1,0,0,0,0,0,405.2,0,1,0,0,0,1
4139,20,67,1,0,0,0,0,0,206.95,0,1,0,0,0,1
2644,6,67,1,0,0,0,0,0,440.6666666666667,0,1,0,0,0,1
1956,21,82,1,0,1,0,0,1,93.14285714285714,0,1,0,0,0,1
2723,15,82,1,0,1,0,0,1,181.53333333333333,0,1,0,0,0,1
2358,10,82,1,0,1,0,0,1,235.8,0,1,0,0,0,1
3417,9,82,1,0,1,0,0,1,379.6666666666667,0,1,0,0,0,1
2551,10,82,1,0,1,0,0,1,255.1,0,1,0,0,0,1
3014,22,82,1,0,1,0,0,1,137.0,0,1,0,0,0,1
3516,13,82,1,0,1,0,0,1,270.46153846153845,0,1,0,0,0,1
3534,18,82,1,0,1,0,0,1,196.33333333333334,0,1,0,0,0,1
2565,8,82,1,0,1,0,0,1,320.625,0,1,0,0,0,1
3445,21,82,1,0,1,0,0,1,164.04761904761904,0,1,0,0,0,1
1648,9,82,1,0,1,0,0,1,183.11111111111111,0,1,0,0,0,1
8148,13,55,1,0,0,1,0,0,626.7692307692307,0,1,0,0,1,0
7317,14,55,1,0,0,1,0,0,522.6428571428571,0,1,0,0,1,0
4075,8,55,1,0,0,1,0,0,509.375,0,1,0,0,1,0
6356,16,55,1,0,0,1,0,0,397.25,0,1,0,0,1,0
6745,20,55,1,0,0,1,0,0,337.25,0,1,0,0,1,0
4929,13,55,1,0,0,1,0,0,379.15384615384613,0,1,0,0,1,0
8412,11,55,1,0,0,1,0,0,764.7272727272727,0,1,0,0,1,0
6087,13,55,1,0,0,1,0,0,468.2307692307692,0,1,0,0,1,0
6318,12,55,1,0,0,1,0,0,526.5,0,1,0,0,1,0
6668,11,55,1,0,0,1,0,0,606.1818181818181,0,1,0,0,1,0
7624,18,77,0,1,0,1,0,1,423.55555555555554,0,1,0,0,0,1
1423,10,79,1,0,0,1,0,0,142.3,0,1,0,0,0,1
3002,21,79,1,0,0,1,0,0,142.95238095238096,0,1,0,0,0,1
1837,14,79,1,0,0,1,0,0,131.21428571428572,0,1,0,0,0,1
3195,10,79,1,0,0,1,0,0,319.5,0,1,0,0,0,1
1897,9,79,1,0,0,1,0,0,210.77777777777777,0,1,0,0,0,1
2322,16,79,1,0,0,1,0,0,145.125,0,1,0,0,0,1
4759,17,79,1,0,0,1,0,0,279.94117647058823,0,1,0,0,0,1
1943,12,79,1,0,0,1,0,0,161.91666666666666,0,1,0,0,0,1
7710,10,79,1,0,0,1,0,0,771.0,0,1,0,0,0,1
2088,9,79,1,0,0,1,0,0,232.0,0,1,0,0,0,1
995,10,79,1,0,0,1,0,0,99.5,0,1,0,0,0,1
6983,21,79,1,0,0,1,0,0,332.5238095238095,0,1,0,0,0,1
7153,12,35,1,0,0,0,0,0,596.0833333333334,0,1,0,1,0,0
8277,17,35,1,0,0,0,0,0,486.88235294117646,0,1,0,1,0,0
7530,17,35,1,0,0,0,0,0,442.94117647058823,0,1,0,1,0,0
6306,14,35,1,0,0,0,0,0,450.42857142857144,0,1,0,1,0,0
5678,11,35,1,0,0,0,0,0,516.1818181818181,0,1,0,1,0,0
6669,14,35,1,0,0,0,0,0,476.35714285714283,0,1,0,1,0,0
8719,11,35,1,0,0,0,0,0,792.6363636363636,0,1,0,1,0,0
4128,13,35,1,0,0,0,0,0,317.53846153846155,0,1,0,1,0,0
6980,17,74,0,0,0,1,0,0,410.5882352941176,0,1,0,0,0,1
8869,18,74,0,0,0,1,0,0,492.72222222222223,0,1,0,0,0,1
8348,14,74,0,0,0,1,0,0,596.2857142857143,0,1,0,0,0,1
4957,12,74,0,0,0,1,0,0,413.0833333333333,0,1,0,0,0,1
5552,11,74,0,0,0,1,0,0,504.72727272727275,0,1,0,0,0,1
5929,6,74,0,0,0,1,0,0,988.1666666666666,0,1,0,0,0,1
7124,17,74,0,0,0,1,0,0,419.05882352941177,0,1,0,0,0,1
6969,13,74,0,0,0,1,0,0,536.0769230769231,0,1,0,0,0,1
4700,10,74,0,0,0,1,0,0,470.0,0,1,0,0,0,1
7359,13,39,0,0,0,0,0,0,566.0769230769231,0,1,0,1,0,0
8376,18,18,0,0,0,1,0,0,465.3333333333333,0,1,1,0,0,0
7729,14,18,0,0,0,1,0,0,552.0714285714286,0,1,1,0,0,0
7829,14,18,0,0,0,1,0,0,559.2142857142857,0,1,1,0,0,0
3904,17,31,0,0,0,1,0,0,229.64705882352942,0,1,0,1,0,0
5333,13,31,0,0,0,1,0,0,410.2307692307692,0,1,0,1,0,0
2975,13,31,0,0,0,1,0,0,228.84615384615384,0,1,0,1,0,0
3433,13,31,0,0,0,1,0,0,264.0769230769231,0,1,0,1,0,0
2184,7,31,0,0,0,1,0,0,312.0,0,1,0,1,0,0
2287,16,31,0,0,0,1,0,0,142.9375,0,1,0,1,0,0
4775,20,31,0,0,0,1,0,0,238.75,0,1,0,1,0,0
2797,10,31,0,0,0,1,0,0,279.7,0,1,0,1,0,0
4107,19,31,0,0,0,1,0,0,216.1578947368421,0,1,0,1,0,0
4456,19,31,0,0,0,1,0,0,234.52631578947367,0,1,0,1,0,0
1150,10,31,0,0,0,1,0,0,115.0,0,1,0,1,0,0
2397,17,31,0,0,0,1,0,0,141.0,0,1,0,1,0,0
8711,15,54,0,0,0,1,1,0,580.7333333333333,0,1,0,0,1,0
7283,7,54,0,0,0,1,1,0,1040.4285714285713,0,1,0,0,1,0
5056,11,54,0,0,0,1,1,0,459.6363636363636,0,1,0,0,1,0
5985,10,54,0,0,0,1,1,0,598.5,0,1,0,0,1,0
7758,11,54,0,0,0,1,1,0,705.2727272727273,0,1,0,0,1,0
4155,11,54,0,0,0,1,1,0,377.72727272727275,0,1,0,0,1,0
8286,9,54,0,0,0,1,1,0,920.6666666666666,0,1,0,0,1,0
6800,16,72,1,1,0,1,0,1,425.0,0,1,0,0,0,1
7543,13,72,1,1,0,1,0,1,580.2307692307693,0,1,0,0,0,1
8245,13,72,1,1,0,1,0,1,634.2307692307693,0,1,0,0,0,1
6181,9,72,1,1,0,1,0,1,686.7777777777778,0,1,0,0,0,1
6250,12,84,0,1,0,1,0,1,520.8333333333334,0,1,0,0,0,1
7798,8,84,0,1,0,1,0,1,974.75,0,1,0,0,0,1
7280,11,84,0,1,0,1,0,1,661.8181818181819,0,1,0,0,0,1
8317,15,84,0,1,0,1,0,1,554.4666666666667,0,1,0,0,0,1
6811,15,84,0,1,0,1,0,1,454.06666666666666,0,1,0,0,0,1
7302,11,84,0,1,0,1,0,1,663.8181818181819,0,1,0,0,0,1
7539,9,20,0,0,0,0,0,0,837.6666666666666,0,1,1,0,0,0
3774,6,20,0,0,0,0,0,0,629.0,0,1,1,0,0,0
5678,13,20,0,0,0,0,0,0,436.7692307692308,0,1,1,0,0,0
4052,14,20,0,0,0,0,0,0,289.42857142857144,0,1,1,0,0,0
5474,11,20,0,0,0,0,0,0,497.6363636363636,0,1,1,0,0,0
8023,13,20,0,0,0,0,0,0,617.1538461538462,0,1,1,0,0,0
5892,12,20,0,0,0,0,0,0,491.0,0,1,1,0,0,0
5209,8,20,0,0,0,0,0,0,651.125,0,1,1,0,0,0
6518,13,20,0,0,0,0,0,0,501.38461538461536,0,1,1,0,0,0
5081,9,20,0,0,0,0,0,0,564.5555555555555,0,1,1,0,0,0
6042,16,20,0,0,0,0,0,0,377.625,0,1,1,0,0,0
3034,20,84,1,0,0,1,0,0,151.7,0,1,0,0,0,1
3701,12,84,1,0,0,1,0,0,308.4166666666667,0,1,0,0,0,1
3013,7,84,1,0,0,1,0,0,430.42857142857144,0,1,0,0,0,1
4499,10,84,1,0,0,1,0,0,449.9,0,1,0,0,0,1
2211,11,84,1,0,0,1,0,0,201.0,0,1,0,0,0,1
3807,18,84,1,0,0,1,0,0,211.5,0,1,0,0,0,1
4152,16,84,1,0,0,1,0,0,259.5,0,1,0,0,0,1
3715,13,84,1,0,0,1,0,0,285.7692307692308,0,1,0,0,0,1
5426,15,84,1,0,0,1,0,0,361.73333333333335,0,1,0,0,0,1
2489,13,84,1,0,0,1,0,0,191.46153846153845,0,1,0,0,0,1
3120,18,84,1,0,0,1,0,0,173.33333333333334,0,1,0,0,0,1
6028,10,84,1,0,0,1,0,0,602.8,0,1,0,0,0,1
7021,17,39,0,1,0,0,1,1,413.0,0,1,0,1,0,0
6789,17,39,0,1,0,0,1,1,399.3529411764706,0,1,0,1,0,0
5473,15,39,0,1,0,0,1,1,364.8666666666667,0,1,0,1,0,0
4142,2,39,0,1,0,0,1,1,2071.0,0,1,0,1,0,0
6756,11,39,0,1,0,0,1,1,614.1818181818181,0,1,0,1,0,0
5920,14,39,0,1,0,0,1,1,422.85714285714283,0,1,0,1,0,0
8338,14,39,0,1,0,0,1,1,595.5714285714286,0,1,0,1,0,0
5942,17,39,0,1,0,0,1,1,349.52941176470586,0,1,0,1,0,0
4013,13,81,1,1,0,0,0,1,308.6923076923077,0,1,0,0,0,1
5730,15,81,1,1,0,0,0,1,382.0,0,1,0,0,0,1
7558,15,81,1,1,0,0,0,1,503.8666666666667,0,1,0,0,0,1
3483,16,81,1,1,0,0,0,1,217.6875,0,1,0,0,0,1
5428,14,81,1,1,0,0,0,1,387.7142857142857,0,1,0,0,0,1
5399,17,81,1,1,0,0,0,1,317.5882352941176,0,1,0,0,0,1
6753,12,81,1,1,0,0,0,1,562.75,0,1,0,0,0,1
6785,17,81,1,1,0,0,0,1,399.11764705882354,0,1,0,0,0,1
4758,17,81,1,1,0,0,0,1,279.88235294117646,0,1,0,0,0,1
5017,11,27,1,0,0,0,0,0,456.09090909090907,0,1,0,1,0,0
3710,9,27,1,0,0,0,0,0,412.22222222222223,0,1,0,1,0,0
6078,10,27,1,0,0,0,0,0,607.8,0,1,0,1,0,0
6962,21,27,1,0,0,0,0,0,331.5238095238095,0,1,0,1,0,0
3437,14,27,1,0,0,0,0,0,245.5,0,1,0,1,0,0
5864,12,27,1,0,0,0,0,0,488.6666666666667,0,1,0,1,0,0
2495,12,27,1,0,0,0,0,0,207.91666666666666,0,1,0,1,0,0
3903,18,27,1,0,0,0,0,0,216.83333333333334,0,1,0,1,0,0
4546,12,27,1,0,0,0,0,0,378.8333333333333,0,1,0,1,0,0
2988,14,27,1,0,0,0,0,0,213.42857142857142,0,1,0,1,0,0
4072,5,57,0,0,0,0,0,0,814.4,0,1,0,0,1,0
6820,12,57,0,0,0,0,0,0,568.3333333333334,0,1,0,0,1,0
4601,10,57,0,0,0,0,0,0,460.1,0,1,0,0,1,0
8688,10,57,0,0,0,0,0,0,868.8,0,1,0,0,1,0
7289,13,57,0,0,0,0,0,0,560.6923076923077,0,1,0,0,1,0
8302,13,57,0,0,0,0,0,0,638.6153846153846,0,1,0,0,1,0
4743,13,57,0,0,0,0,0,0,364.84615384615387,0,1,0,0,1,0
8736,9,57,0,0,0,0,0,0,970.6666666666666,0,1,0,0,1,0
8030,12,57,0,0,0,0,0,0,669.1666666666666,0,1,0,0,1,0
5127,10,57,0,0,0,0,0,0,512.7,0,1,0,0,1,0
6242,16,57,0,0,0,0,0,0,390.125,0,1,0,0,1,0
7938,11,57,0,0,0,0,0,0,721.6363636363636,0,1,0,0,1,0
1116,8,84,1,1,0,0,0,1,139.5,0,1,0,0,0,1
2542,39,84,1,1,0,0,0,1,65.17948717948718,0,1,0,0,0,1
5452,16,84,1,1,0,0,0,1,340.75,0,1,0,0,0,1
1120,17,84,1,1,0,0,0,1,65.88235294117646,0,1,0,0,0,1
5652,18,84,1,1,0,0,0,1,314.0,0,1,0,0,0,1
2814,14,84,1,1,0,0,0,1,201.0,0,1,0,0,0,1
1380,11,84,1,1,0,0,0,1,125.45454545454545,0,1,0,0,0,1
1618,11,84,1,1,0,0,0,1,147.0909090909091,0,1,0,0,0,1
2195,8,84,1,1,0,0,0,1,274.375,0,1,0,0,0,1
2020,8,84,1,1,0,0,0,1,252.5,0,1,0,0,0,1
1349,18,84,1,1,0,0,0,1,74.94444444444444,0,1,0,0,0,1
1295,13,84,1,1,0,0,0,1,99.61538461538461,0,1,0,0,0,1
2280,10,31,0,0,1,1,0,1,228.0,0,1,0,1,0,0
3558,15,31,0,0,1,1,0,1,237.2,0,1,0,1,0,0
4037,21,31,0,0,1,1,0,1,192.23809523809524,0,1,0,1,0,0
5747,11,31,0,0,1,1,0,1,522.4545454545455,0,1,0,1,0,0
2413,7,31,0,0,1,1,0,1,344.7142857142857,0,1,0,1,0,0
3652,6,31,0,0,1,1,0,1,608.6666666666666,0,1,0,1,0,0
7594,13,31,0,0,1,1,0,1,584.1538461538462,0,1,0,1,0,0
6212,12,31,0,0,1,1,0,1,517.6666666666666,0,1,0,1,0,0
3559,13,31,0,0,1,1,0,1,273.7692307692308,0,1,0,1,0,0
4880,16,31,0,0,1,1,0,1,305.0,0,1,0,1,0,0
3213,10,31,0,0,1,1,0,1,321.3,0,1,0,1,0,0
8636,12,57,1,0,1,1,1,1,719.6666666666666,0,1,0,0,1,0
4219,14,70,1,0,0,0,0,0,301.35714285714283,0,1,0,0,0,1
4653,11,70,1,0,0,0,0,0,423.0,0,1,0,0,0,1
3377,20,70,1,0,0,0,0,0,168.85,0,1,0,0,0,1
2455,11,70,1,0,0,0,0,0,223.1818181818182,0,1,0,0,0,1
4742,7,70,1,0,0,0,0,0,677.4285714285714,0,1,0,0,0,1
4737,15,70,1,0,0,0,0,0,315.8,0,1,0,0,0,1
4136,12,70,1,0,0,0,0,0,344.6666666666667,0,1,0,0,0,1
4648,15,70,1,0,0,0,0,0,309.8666666666667,0,1,0,0,0,1
5147,20,70,1,0,0,0,0,0,257.35,0,1,0,0,0,1
4105,9,70,1,0,0,0,0,0,456.1111111111111,0,1,0,0,0,1
3456,10,70,1,0,0,0,0,0,345.6,0,1,0,0,0,1
5858,7,18,1,0,0,0,0,0,836.8571428571429,0,1,1,0,0,0
5871,14,18,1,0,0,0,0,0,419.35714285714283,0,1,1,0,0,0
5699,9,18,1,0,0,0,0,0,633.2222222222222,0,1,1,0,0,0
7791,20,18,1,0,0,0,0,0,389.55,0,1,1,0,0,0
6963,13,18,1,0,0,0,0,0,535.6153846153846,0,1,1,0,0,0
7215,16,18,1,0,0,0,0,0,450.9375,0,1,1,0,0,0
8983,15,18,1,0,0,0,0,0,598.8666666666667,0,1,1,0,0,0
2106,6,56,0,0,1,1,1,1,351.0,0,1,0,0,1,0
5476,20,56,0,0,1,1,1,1,273.8,0,1,0,0,1,0
2982,20,56,0,0,1,1,1,1,149.1,0,1,0,0,1,0
2982,14,56,0,0,1,1,1,1,213.0,0,1,0,0,1,0
3483,11,56,0,0,1,1,1,1,316.6363636363636,0,1,0,0,1,0
2379,7,56,0,0,1,1,1,1,339.85714285714283,0,1,0,0,1,0
2520,14,56,0,0,1,1,1,1,180.0,0,1,0,0,1,0
2981,13,56,0,0,1,1,1,1,229.30769230769232,0,1,0,0,1,0
2723,8,56,0,0,1,1,1,1,340.375,0,1,0,0,1,0
4066,17,56,0,0,1,1,1,1,239.1764705882353,0,1,0,0,1,0
2784,8,56,0,0,1,1,1,1,348.0,0,1,0,0,1,0
5789,11,56,0,0,1,1,1,1,526.2727272727273,0,1,0,0,1,0
6420,6,60,1,0,0,1,0,0,1070.0,0,1,0,0,1,0
6396,11,60,1,0,0,1,0,0,581.4545454545455,0,1,0,0,1,0
4885,11,60,1,0,0,1,0,0,444.09090909090907,0,1,0,0,1,0
6463,12,60,1,0,0,1,0,0,538.5833333333334,0,1,0,0,1,0
5149,10,60,1,0,0,1,0,0,514.9,0,1,0,0,1,0
8876,17,60,1,0,0,1,0,0,522.1176470588235,0,1,0,0,1,0
4436,11,60,1,0,0,1,0,0,403.27272727272725,0,1,0,0,1,0
7030,15,60,1,0,0,1,0,0,468.6666666666667,0,1,0,0,1,0
3824,14,60,1,0,0,1,0,0,273.14285714285717,0,1,0,0,1,0
5788,12,60,1,0,0,1,0,0,482.3333333333333,0,1,0,0,1,0
5051,17,60,1,0,0,1,0,0,297.11764705882354,0,1,0,0,1,0
5171,12,31,1,1,0,0,0,1,430.9166666666667,0,1,0,1,0,0
6118,16,31,1,1,0,0,0,1,382.375,0,1,0,1,0,0
3373,6,31,1,1,0,0,0,1,562.1666666666666,0,1,0,1,0,0
6060,18,31,1,1,0,0,0,1,336.6666666666667,0,1,0,1,0,0
4790,10,31,1,1,0,0,0,1,479.0,0,1,0,1,0,0
7479,14,31,1,1,0,0,0,1,534.2142857142857,0,1,0,1,0,0
5169,6,31,1,1,0,0,0,1,861.5,0,1,0,1,0,0
8644,6,31,1,1,0,0,0,1,1440.6666666666667,0,1,0,1,0,0
8589,17,31,1,1,0,0,0,1,505.2352941176471,0,1,0,1,0,0
6345,12,31,1,1,0,0,0,1,528.75,0,1,0,1,0,0
6870,8,54,1,0,0,0,0,0,858.75,0,1,0,0,1,0
6179,13,54,1,0,0,0,0,0,475.3076923076923,0,1,0,0,1,0
7920,9,54,1,0,0,0,0,0,880.0,0,1,0,0,1,0
7618,9,54,1,0,0,0,0,0,846.4444444444445,0,1,0,0,1,0
8084,11,54,1,0,0,0,0,0,734.9090909090909,0,1,0,0,1,0
7147,11,54,1,0,0,0,0,0,649.7272727272727,0,1,0,0,1,0
7077,12,54,1,0,0,0,0,0,589.75,0,1,0,0,1,0
8252,19,54,1,0,0,0,0,0,434.3157894736842,0,1,0,0,1,0
6288,19,54,1,0,0,0,0,0,330.94736842105266,0,1,0,0,1,0
8203,16,54,1,0,0,0,0,0,512.6875,0,1,0,0,1,0
3934,18,61,1,0,0,0,0,0,218.55555555555554,0,1,0,0,1,0
4486,12,61,1,0,0,0,0,0,373.8333333333333,0,1,0,0,1,0
3491,8,61,1,0,0,0,0,0,436.375,0,1,0,0,1,0
6417,17,61,1,0,0,0,0,0,377.47058823529414,0,1,0,0,1,0
6550,18,61,1,0,0,0,0,0,363.8888888888889,0,1,0,0,1,0
2954,11,61,1,0,0,0,0,0,268.54545454545456,0,1,0,0,1,0
4292,16,61,1,0,0,0,0,0,268.25,0,1,0,0,1,0
3562,9,61,1,0,0,0,0,0,395.77777777777777,0,1,0,0,1,0
4726,8,61,1,0,0,0,0,0,590.75,0,1,0,0,1,0
5778,14,61,1,0,0,0,0,0,412.7142857142857,0,1,0,0,1,0
7173,10,61,1,0,0,0,0,0,717.3,0,1,0,0,1,0
6866,9,61,1,0,0,0,0,0,762.8888888888889,0,1,0,0,1,0
2058,13,55,1,1,0,0,0,1,158.30769230769232,0,1,0,0,1,0
1469,14,55,1,1,0,0,0,1,104.92857142857143,0,1,0,0,1,0
3461,13,55,1,1,0,0,0,1,266.2307692307692,0,1,0,0,1,0
2198,10,55,1,1,0,0,0,1,219.8,0,1,0,0,1,0
3113,15,55,1,1,0,0,0,1,207.53333333333333,0,1,0,0,1,0
4641,11,55,1,1,0,0,0,1,421.90909090909093,0,1,0,0,1,0
4293,16,55,1,1,0,0,0,1,268.3125,0,1,0,0,1,0
3165,12,55,1,1,0,0,0,1,263.75,0,1,0,0,1,0
2894,19,55,1,1,0,0,0,1,152.31578947368422,0,1,0,0,1,0
2131,10,55,1,1,0,0,0,1,213.1,0,1,0,0,1,0
3538,17,55,1,1,0,0,0,1,208.11764705882354,0,1,0,0,1,0
4240,9,55,1,1,0,0,0,1,471.1111111111111,0,1,0,0,1,0
3054,14,78,0,0,0,0,1,0,218.14285714285714,0,1,0,0,0,1
2281,14,78,0,0,0,0,1,0,162.92857142857142,0,1,0,0,0,1
2179,12,78,0,0,0,0,1,0,181.58333333333334,0,1,0,0,0,1
1697,8,78,0,0,0,0,1,0,212.125,0,1,0,0,0,1
3403,22,78,0,0,0,0,1,0,154.6818181818182,0,1,0,0,0,1
3212,14,78,0,0,0,0,1,0,229.42857142857142,0,1,0,0,0,1
2226,10,78,0,0,0,0,1,0,222.6,0,1,0,0,0,1
2286,11,78,0,0,0,0,1,0,207.8181818181818,0,1,0,0,0,1
2379,10,78,0,0,0,0,1,0,237.9,0,1,0,0,0,1
2143,12,78,0,0,0,0,1,0,178.58333333333334,0,1,0,0,0,1
1319,12,78,0,0,0,0,1,0,109.91666666666667,0,1,0,0,0,1
2046,7,78,0,0,0,0,1,0,292.2857142857143,0,1,0,0,0,1
3193,14,43,0,0,0,0,0,0,228.07142857142858,0,1,0,1,0,0
2189,16,43,0,0,0,0,0,0,136.8125,0,1,0,1,0,0
2214,11,43,0,0,0,0,0,0,201.27272727272728,0,1,0,1,0,0
7746,11,43,0,0,0,0,0,0,704.1818181818181,0,1,0,1,0,0
4983,13,43,0,0,0,0,0,0,383.3076923076923,0,1,0,1,0,0
2199,7,43,0,0,0,0,0,0,314.14285714285717,0,1,0,1,0,0
6663,14,43,0,0,0,0,0,0,475.92857142857144,0,1,0,1,0,0
3660,8,43,0,0,0,0,0,0,457.5,0,1,0,1,0,0
4610,8,43,0,0,0,0,0,0,576.25,0,1,0,1,0,0
2539,9,43,0,0,0,0,0,0,282.1111111111111,0,1,0,1,0,0
1576,13,43,0,0,0,0,0,0,121.23076923076923,0,1,0,1,0,0
4904,19,43,0,0,0,0,0,0,258.10526315789474,0,1,0,1,0,0
6895,13,77,0,0,0,1,0,0,530.3846153846154,0,1,0,0,0,1
6433,5,77,0,0,0,1,0,0,1286.6,0,1,0,0,0,1
4514,18,77,0,0,0,1,0,0,250.77777777777777,0,1,0,0,0,1
5385,7,77,0,0,0,1,0,0,769.2857142857143,0,1,0,0,0,1
6629,9,77,0,0,0,1,0,0,736.5555555555555,0,1,0,0,0,1
4567,15,77,0,0,0,1,0,0,304.46666666666664,0,1,0,0,0,1
4379,13,77,0,0,0,1,0,0,336.84615384615387,0,1,0,0,0,1
4943,10,77,0,0,0,1,0,0,494.3,0,1,0,0,0,1
5837,21,77,0,0,0,1,0,0,277.95238095238096,0,1,0,0,0,1
5589,9,77,0,0,0,1,0,0,621.0,0,1,0,0,0,1
2897,6,77,0,0,0,1,0,0,482.8333333333333,0,1,0,0,0,1
3502,12,51,0,0,1,1,0,1,291.8333333333333,0,1,0,0,1,0
3945,9,51,0,0,1,1,0,1,438.3333333333333,0,1,0,0,1,0
3090,14,51,0,0,1,1,0,1,220.71428571428572,0,1,0,0,1,0
3280,21,51,0,0,1,1,0,1,156.1904761904762,0,1,0,0,1,0
4135,10,51,0,0,1,1,0,1,413.5,0,1,0,0,1,0
2939,17,51,0,0,1,1,0,1,172.88235294117646,0,1,0,0,1,0
2831,14,51,0,0,1,1,0,1,202.21428571428572,0,1,0,0,1,0
3040,12,51,0,0,1,1,0,1,253.33333333333334,0,1,0,0,1,0
2606,8,51,0,0,1,1,0,1,325.75,0,1,0,0,1,0
2875,13,51,0,0,1,1,0,1,221.15384615384616,0,1,0,0,1,0
3996,15,51,0,0,1,1,0,1,266.4,0,1,0,0,1,0
2346,7,51,0,0,1,1,0,1,335.14285714285717,0,1,0,0,1,0
5088,14,27,0,0,0,0,0,0,363.42857142857144,0,1,0,1,0,0
4638,9,27,0,0,0,0,0,0,515.3333333333334,0,1,0,1,0,0
8859,12,27,0,0,0,0,0,0,738.25,0,1,0,1,0,0
6349,11,27,0,0,0,0,0,0,577.1818181818181,0,1,0,1,0,0
7642,21,27,0,0,0,0,0,0,363.9047619047619,0,1,0,1,0,0
7226,18,34,0,0,0,0,0,0,401.44444444444446,0,1,0,1,0,0
3882,14,34,0,0,0,0,0,0,277.2857142857143,0,1,0,1,0,0
1683,10,34,0,0,0,0,0,0,168.3,0,1,0,1,0,0
3544,10,34,0,0,0,0,0,0,354.4,0,1,0,1,0,0
2716,17,34,0,0,0,0,0,0,159.76470588235293,0,1,0,1,0,0
2564,5,34,0,0,0,0,0,0,512.8,0,1,0,1,0,0
2303,14,34,0,0,0,0,0,0,164.5,0,1,0,1,0,0
2598,11,34,0,0,0,0,0,0,236.1818181818182,0,1,0,1,0,0
2200,10,34,0,0,0,0,0,0,220.0,0,1,0,1,0,0
6004,10,34,0,0,0,0,0,0,600.4,0,1,0,1,0,0
3480,18,34,0,0,0,0,0,0,193.33333333333334,0,1,0,1,0,0
6153,12,34,0,0,0,0,0,0,512.75,0,1,0,1,0,0
5654,17,49,1,0,0,0,0,0,332.5882352941176,0,1,0,0,1,0
4493,12,49,1,0,0,0,0,0,374.4166666666667,0,1,0,0,1,0
5449,10,49,1,0,0,0,0,0,544.9,0,1,0,0,1,0
3807,16,49,1,0,0,0,0,0,237.9375,0,1,0,0,1,0
4496,15,49,1,0,0,0,0,0,299.73333333333335,0,1,0,0,1,0
2264,13,49,1,0,0,0,0,0,174.15384615384616,0,1,0,0,1,0
4114,11,49,1,0,0,0,0,0,374.0,0,1,0,0,1,0
3142,8,49,1,0,0,0,0,0,392.75,0,1,0,0,1,0
5146,14,49,1,0,0,0,0,0,367.57142857142856,0,1,0,0,1,0
4482,14,49,1,0,0,0,0,0,320.14285714285717,0,1,0,0,1,0
6413,10,49,1,0,0,0,0,0,641.3,0,1,0,0,1,0
4875,15,49,1,0,0,0,0,0,325.0,0,1,0,0,1,0
2953,10,55,0,0,0,0,0,0,295.3,0,1,0,0,1,0
2946,11,55,0,0,0,0,0,0,267.8181818181818,0,1,0,0,1,0
4916,25,55,0,0,0,0,0,0,196.64,0,1,0,0,1,0
1526,13,55,0,0,0,0,0,0,117.38461538461539,0,1,0,0,1,0
1795,12,55,0,0,0,0,0,0,149.58333333333334,0,1,0,0,1,0
2342,13,55,0,0,0,0,0,0,180.15384615384616,0,1,0,0,1,0
3934,20,55,0,0,0,0,0,0,196.7,0,1,0,0,1,0
2499,11,55,0,0,0,0,0,0,227.1818181818182,0,1,0,0,1,0
2355,17,55,0,0,0,0,0,0,138.52941176470588,0,1,0,0,1,0
2667,11,55,0,0,0,0,0,0,242.45454545454547,0,1,0,0,1,0
1925,13,55,0,0,0,0,0,0,148.07692307692307,0,1,0,0,1,0
6684,9,39,1,0,0,0,0,0,742.6666666666666,0,1,0,1,0,0
4359,16,39,1,0,0,0,0,0,272.4375,0,1,0,1,0,0
5799,15,39,1,0,0,0,0,0,386.6,0,1,0,1,0,0
5899,11,39,1,0,0,0,0,0,536.2727272727273,0,1,0,1,0,0
7947,14,39,1,0,0,0,0,0,567.6428571428571,0,1,0,1,0,0
5301,4,39,1,0,0,0,0,0,1325.25,0,1,0,1,0,0
6374,17,39,1,0,0,0,0,0,374.94117647058823,0,1,0,1,0,0
3722,12,39,1,0,0,0,0,0,310.1666666666667,0,1,0,1,0,0
1863,15,39,1,0,0,0,0,0,124.2,0,1,0,1,0,0
6171,10,39,1,0,0,0,0,0,617.1,0,1,0,1,0,0
5566,12,39,1,0,0,0,0,0,463.8333333333333,0,1,0,1,0,0
6900,8,39,1,0,0,0,0,0,862.5,0,1,0,1,0,0
6385,18,40,0,0,0,1,1,0,354.72222222222223,0,1,0,1,0,0
7536,13,40,0,0,0,1,1,0,579.6923076923077,0,1,0,1,0,0
5845,11,40,0,0,0,1,1,0,531.3636363636364,0,1,0,1,0,0
5078,21,40,0,0,0,1,1,0,241.8095238095238,0,1,0,1,0,0
3560,10,40,0,0,0,1,1,0,356.0,0,1,0,1,0,0
7033,9,40,0,0,0,1,1,0,781.4444444444445,0,1,0,1,0,0
6947,9,40,0,0,0,1,1,0,771.8888888888889,0,1,0,1,0,0
7606,9,40,0,0,0,1,1,0,845.1111111111111,0,1,0,1,0,0
6458,12,40,0,0,0,1,1,0,538.1666666666666,0,1,0,1,0,0
8121,16,40,0,0,0,1,1,0,507.5625,0,1,0,1,0,0
8700,12,40,0,0,0,1,1,0,725.0,0,1,0,1,0,0
3355,9,40,0,0,0,1,1,0,372.77777777777777,0,1,0,1,0,0
3500,14,58,0,0,0,0,0,0,250.0,0,1,0,0,1,0
5712,14,58,0,0,0,0,0,0,408.0,0,1,0,0,1,0
4938,19,58,0,0,0,0,0,0,259.89473684210526,0,1,0,0,1,0
5176,12,58,0,0,0,0,0,0,431.3333333333333,0,1,0,0,1,0
4062,19,58,0,0,0,0,0,0,213.78947368421052,0,1,0,0,1,0
5470,16,58,0,0,0,0,0,0,341.875,0,1,0,0,1,0
4722,17,58,0,0,0,0,0,0,277.7647058823529,0,1,0,0,1,0
7274,16,58,0,0,0,0,0,0,454.625,0,1,0,0,1,0
4561,9,58,0,0,0,0,0,0,506.77777777777777,0,1,0,0,1,0
4993,6,58,0,0,0,0,0,0,832.1666666666666,0,1,0,0,1,0
5967,17,58,0,0,0,0,0,0,351.0,0,1,0,0,1,0
5538,8,58,0,0,0,0,0,0,692.25,0,1,0,0,1,0
8723,17,44,1,0,1,1,0,1,513.1176470588235,0,1,0,1,0,0
7859,12,44,1,0,1,1,0,1,654.9166666666666,0,1,0,1,0,0
6999,12,44,1,0,1,1,0,1,583.25,0,1,0,1,0,0
7499,14,44,1,0,1,1,0,1,535.6428571428571,0,1,0,1,0,0
4572,7,80,0,0,0,0,0,0,653.1428571428571,0,1,0,0,0,1
7233,10,80,0,0,0,0,0,0,723.3,0,1,0,0,0,1
8519,18,80,0,0,0,0,0,0,473.27777777777777,0,1,0,0,0,1
5525,11,80,0,0,0,0,0,0,502.27272727272725,0,1,0,0,0,1
8198,14,80,0,0,0,0,0,0,585.5714285714286,0,1,0,0,0,1
6381,13,80,0,0,0,0,0,0,490.84615384615387,0,1,0,0,0,1
8398,8,80,0,0,0,0,0,0,1049.75,0,1,0,0,0,1
5751,13,80,0,0,0,0,0,0,442.38461538461536,0,1,0,0,0,1
5669,8,80,0,0,0,0,0,0,708.625,0,1,0,0,0,1
6657,11,18,1,0,0,0,0,0,605.1818181818181,0,1,1,0,0,0
5776,12,18,1,0,0,0,0,0,481.3333333333333,0,1,1,0,0,0
7296,13,18,1,0,0,0,0,0,561.2307692307693,0,1,1,0,0,0
4622,13,18,1,0,0,0,0,0,355.53846153846155,0,1,1,0,0,0
7818,10,18,1,0,0,0,0,0,781.8,0,1,1,0,0,0
5761,8,18,1,0,0,0,0,0,720.125,0,1,1,0,0,0
3451,14,74,1,0,0,1,0,0,246.5,0,1,0,0,0,1
6761,10,74,1,0,0,1,0,0,676.1,0,1,0,0,0,1
5274,23,74,1,0,0,1,0,0,229.30434782608697,0,1,0,0,0,1
8917,16,74,1,0,0,1,0,0,557.3125,0,1,0,0,0,1
7191,8,74,1,0,0,1,0,0,898.875,0,1,0,0,0,1
5491,10,74,1,0,0,1,0,0,549.1,0,1,0,0,0,1
6540,15,74,1,0,0,1,0,0,436.0,0,1,0,0,0,1
5224,10,74,1,0,0,1,0,0,522.4,0,1,0,0,0,1
5333,12,74,1,0,0,1,0,0,444.4166666666667,0,1,0,0,0,1
6122,18,74,1,0,0,1,0,0,340.1111111111111,0,1,0,0,0,1
4444,8,74,1,0,0,1,0,0,555.5,0,1,0,0,0,1
3702,7,45,0,0,0,0,0,0,528.8571428571429,0,1,0,0,1,0
8084,15,45,0,0,0,0,0,0,538.9333333333333,0,1,0,0,1,0
7177,13,45,0,0,0,0,0,0,552.0769230769231,0,1,0,0,1,0
6211,9,45,0,0,0,0,0,0,690.1111111111111,0,1,0,0,1,0
6940,17,45,0,0,0,0,0,0,408.2352941176471,0,1,0,0,1,0
5489,13,45,0,0,0,0,0,0,422.2307692307692,0,1,0,0,1,0
5490,19,45,0,0,0,0,0,0,288.94736842105266,0,1,0,0,1,0
8130,16,45,0,0,0,0,0,0,508.125,0,1,0,0,1,0
3720,11,45,0,0,0,0,0,0,338.1818181818182,0,1,0,0,1,0
7321,10,45,0,0,0,0,0,0,732.1,0,1,0,0,1,0
7338,11,45,0,0,0,0,0,0,667.0909090909091,0,1,0,0,1,0
1707,11,27,1,0,0,0,0,0,155.1818181818182,0,1,0,1,0,0
2879,13,27,1,0,0,0,0,0,221.46153846153845,0,1,0,1,0,0
1924,11,27,1,0,0,0,0,0,174.9090909090909,0,1,0,1,0,0
1682,17,27,1,0,0,0,0,0,98.94117647058823,0,1,0,1,0,0
3928,15,27,1,0,0,0,0,0,261.8666666666667,0,1,0,1,0,0
1972,9,27,1,0,0,0,0,0,219.11111111111111,0,1,0,1,0,0
2349,4,27,1,0,0,0,0,0,587.25,0,1,0,1,0,0
2353,12,27,1,0,0,0,0,0,196.08333333333334,0,1,0,1,0,0
4746,7,27,1,0,0,0,0,0,678.0,0,1,0,1,0,0
2895,18,27,1,0,0,0,0,0,160.83333333333334,0,1,0,1,0,0
3377,12,27,1,0,0,0,0,0,281.4166666666667,0,1,0,1,0,0
2386,15,27,1,0,0,0,0,0,159.06666666666666,0,1,0,1,0,0
3572,14,66,1,0,0,0,1,0,255.14285714285714,0,1,0,0,0,1
1720,7,66,1,0,0,0,1,0,245.71428571428572,0,1,0,0,0,1
5194,13,66,1,0,0,0,1,0,399.53846153846155,0,1,0,0,0,1
5734,14,66,1,0,0,0,1,0,409.57142857142856,0,1,0,0,0,1
7201,17,66,1,0,0,0,1,0,423.5882352941176,0,1,0,0,0,1
4095,19,66,1,0,0,0,1,0,215.52631578947367,0,1,0,0,0,1
3821,12,66,1,0,0,0,1,0,318.4166666666667,0,1,0,0,0,1
7176,15,66,1,0,0,0,1,0,478.4,0,1,0,0,0,1
6371,16,66,1,0,0,0,1,0,398.1875,0,1,0,0,0,1
2896,14,66,1,0,0,0,1,0,206.85714285714286,0,1,0,0,0,1
4306,15,66,1,0,0,0,1,0,287.06666666666666,0,1,0,0,0,1
7224,15,49,1,1,0,1,1,1,481.6,0,1,0,0,1,0
8509,17,49,1,1,0,1,1,1,500.52941176470586,0,1,0,0,1,0
6447,11,49,1,1,0,1,1,1,586.0909090909091,0,1,0,0,1,0
6719,16,49,1,1,0,1,1,1,419.9375,0,1,0,0,1,0
6355,14,49,1,1,0,1,1,1,453.92857142857144,0,1,0,0,1,0
4134,9,49,1,1,0,1,1,1,459.3333333333333,0,1,0,0,1,0
5798,11,49,1,1,0,1,1,1,527.0909090909091,0,1,0,0,1,0
8038,18,29,0,0,0,0,0,0,446.55555555555554,0,1,0,1,0,0
7397,15,29,0,0,0,0,0,0,493.1333333333333,0,1,0,1,0,0
8002,18,29,0,0,0,0,0,0,444.55555555555554,0,1,0,1,0,0
5354,13,29,0,0,0,0,0,0,411.84615384615387,0,1,0,1,0,0
7512,14,29,0,0,0,0,0,0,536.5714285714286,0,1,0,1,0,0
8262,12,29,0,0,0,0,0,0,688.5,0,1,0,1,0,0
6930,14,29,0,0,0,0,0,0,495.0,0,1,0,1,0,0
7568,9,29,0,0,0,0,0,0,840.8888888888889,0,1,0,1,0,0
7371,9,24,0,0,0,0,0,0,819.0,0,1,1,0,0,0
8822,12,24,0,0,0,0,0,0,735.1666666666666,0,1,1,0,0,0
5217,9,24,0,0,0,0,0,0,579.6666666666666,0,1,1,0,0,0
5673,12,49,1,0,0,0,0,0,472.75,0,1,0,0,1,0
7291,16,49,1,0,0,0,0,0,455.6875,0,1,0,0,1,0
4720,20,49,1,0,0,0,0,0,236.0,0,1,0,0,1,0
4982,10,49,1,0,0,0,0,0,498.2,0,1,0,0,1,0
6279,19,49,1,0,0,0,0,0,330.4736842105263,0,1,0,0,1,0
3332,19,49,1,0,0,0,0,0,175.3684210526316,0,1,0,0,1,0
2648,13,49,1,0,0,0,0,0,203.69230769230768,0,1,0,0,1,0
3570,12,49,1,0,0,0,0,0,297.5,0,1,0,0,1,0
4341,8,49,1,0,0,0,0,0,542.625,0,1,0,0,1,0
3394,16,49,1,0,0,0,0,0,212.125,0,1,0,0,1,0
2384,12,49,1,0,0,0,0,0,198.66666666666666,0,1,0,0,1,0
8915,14,49,1,0,0,0,0,0,636.7857142857143,0,1,0,0,1,0
5878,12,19,1,0,0,1,1,0,489.8333333333333,0,1,1,0,0,0
4410,5,19,1,0,0,1,1,0,882.0,0,1,1,0,0,0
2327,12,19,1,0,0,1,1,0,193.91666666666666,0,1,1,0,0,0
4634,9,19,1,0,0,1,1,0,514.8888888888889,0,1,1,0,0,0
3561,12,19,1,0,0,1,1,0,296.75,0,1,1,0,0,0
4683,11,19,1,0,0,1,1,0,425.72727272727275,0,1,1,0,0,0
4599,15,19,1,0,0,1,1,0,306.6,0,1,1,0,0,0
3588,15,19,1,0,0,1,1,0,239.2,0,1,1,0,0,0
5888,8,19,1,0,0,1,1,0,736.0,0,1,1,0,0,0
2534,10,19,1,0,0,1,1,0,253.4,0,1,1,0,0,0
3437,13,19,1,0,0,1,1,0,264.38461538461536,0,1,1,0,0,0
3926,10,19,1,0,0,1,1,0,392.6,0,1,1,0,0,0
6437,20,43,0,0,0,0,0,0,321.85,0,1,0,1,0,0
5496,9,43,0,0,0,0,0,0,610.6666666666666,0,1,0,1,0,0
8095,9,54,1,1,0,0,1,1,899.4444444444445,0,1,0,0,1,0
6969,16,54,1,1,0,0,1,1,435.5625,0,1,0,0,1,0
8589,12,54,1,1,0,0,1,1,715.75,0,1,0,0,1,0
4917,7,54,1,1,0,0,1,1,702.4285714285714,0,1,0,0,1,0
5884,11,54,1,1,0,0,1,1,534.9090909090909,0,1,0,0,1,0
5196,8,54,1,1,0,0,1,1,649.5,0,1,0,0,1,0
1484,13,55,0,0,0,0,0,0,114.15384615384616,0,1,0,0,1,0
1734,10,55,0,0,0,0,0,0,173.4,0,1,0,0,1,0
989,13,55,0,0,0,0,0,0,76.07692307692308,0,1,0,0,1,0
2583,10,55,0,0,0,0,0,0,258.3,0,1,0,0,1,0
2896,11,55,0,0,0,0,0,0,263.27272727272725,0,1,0,0,1,0
1862,11,55,0,0,0,0,0,0,169.27272727272728,0,1,0,0,1,0
2199,18,55,0,0,0,0,0,0,122.16666666666667,0,1,0,0,1,0
2053,12,55,0,0,0,0,0,0,171.08333333333334,0,1,0,0,1,0
2856,6,55,0,0,0,0,0,0,476.0,0,1,0,0,1,0
1860,12,55,0,0,0,0,0,0,155.0,0,1,0,0,1,0
1481,13,55,0,0,0,0,0,0,113.92307692307692,0,1,0,0,1,0
1671,15,55,0,0,0,0,0,0,111.4,0,1,0,0,1,0
2519,13,46,1,1,0,1,0,1,193.76923076923077,0,1,0,0,1,0
2464,9,46,1,1,0,1,0,1,273.77777777777777,0,1,0,0,1,0
1973,13,46,1,1,0,1,0,1,151.76923076923077,0,1,0,0,1,0
885,7,46,1,1,0,1,0,1,126.42857142857143,0,1,0,0,1,0
1714,9,46,1,1,0,1,0,1,190.44444444444446,0,1,0,0,1,0
2875,10,46,1,1,0,1,0,1,287.5,0,1,0,0,1,0
1403,8,46,1,1,0,1,0,1,175.375,0,1,0,0,1,0
2162,11,46,1,1,0,1,0,1,196.54545454545453,0,1,0,0,1,0
1998,10,46,1,1,0,1,0,1,199.8,0,1,0,0,1,0
2485,14,46,1,1,0,1,0,1,177.5,0,1,0,0,1,0
2401,14,46,1,1,0,1,0,1,171.5,0,1,0,0,1,0
2155,10,46,1,1,0,1,0,1,215.5,0,1,0,0,1,0
1723,11,30,0,0,1,0,0,1,156.63636363636363,0,1,0,1,0,0
4369,12,30,0,0,1,0,0,1,364.0833333333333,0,1,0,1,0,0
2373,10,30,0,0,1,0,0,1,237.3,0,1,0,1,0,0
8073,15,30,0,0,1,0,0,1,538.2,0,1,0,1,0,0
3143,14,30,0,0,1,0,0,1,224.5,0,1,0,1,0,0
2444,18,30,0,0,1,0,0,1,135.77777777777777,0,1,0,1,0,0
2976,11,30,0,0,1,0,0,1,270.54545454545456,0,1,0,1,0,0
2491,11,30,0,0,1,0,0,1,226.45454545454547,0,1,0,1,0,0
3529,12,30,0,0,1,0,0,1,294.0833333333333,0,1,0,1,0,0
2678,11,30,0,0,1,0,0,1,243.45454545454547,0,1,0,1,0,0
3161,20,30,0,0,1,0,0,1,158.05,0,1,0,1,0,0
2499,10,30,0,0,1,0,0,1,249.9,0,1,0,1,0,0
8427,9,54,1,0,0,0,0,0,936.3333333333334,0,1,0,0,1,0
8671,13,54,1,0,0,0,0,0,667.0,0,1,0,0,1,0
8832,8,54,1,0,0,0,0,0,1104.0,0,1,0,0,1,0
8743,18,73,0,0,0,1,0,0,485.72222222222223,0,1,0,0,0,1
7668,14,73,0,0,0,1,0,0,547.7142857142857,0,1,0,0,0,1
8317,12,73,0,0,0,1,0,0,693.0833333333334,0,1,0,0,0,1
7926,15,73,0,0,0,1,0,0,528.4,0,1,0,0,0,1
7605,9,73,0,0,0,1,0,0,845.0,0,1,0,0,0,1
8766,15,73,0,0,0,1,0,0,584.4,0,1,0,0,0,1
5448,8,73,0,0,0,1,0,0,681.0,0,1,0,0,0,1
5602,9,73,0,0,0,1,0,0,622.4444444444445,0,1,0,0,0,1
6829,17,74,0,1,0,1,1,1,401.70588235294116,0,1,0,0,0,1
5588,9,74,0,1,0,1,1,1,620.8888888888889,0,1,0,0,0,1
4315,10,74,0,1,0,1,1,1,431.5,0,1,0,0,0,1
7820,19,74,0,1,0,1,1,1,411.57894736842104,0,1,0,0,0,1
8237,12,74,0,1,0,1,1,1,686.4166666666666,0,1,0,0,0,1
5451,10,74,0,1,0,1,1,1,545.1,0,1,0,0,0,1
5235,12,74,0,1,0,1,1,1,436.25,0,1,0,0,0,1
8858,13,74,0,1,0,1,1,1,681.3846153846154,0,1,0,0,0,1
8189,17,74,0,1,0,1,1,1,481.70588235294116,0,1,0,0,0,1
6833,13,74,0,1,0,1,1,1,525.6153846153846,0,1,0,0,0,1
6482,5,83,0,0,0,0,1,0,1296.4,0,1,0,0,0,1
6618,18,83,0,0,0,0,1,0,367.6666666666667,0,1,0,0,0,1
5404,13,83,0,0,0,0,1,0,415.6923076923077,0,1,0,0,0,1
7269,12,83,0,0,0,0,1,0,605.75,0,1,0,0,0,1
5585,15,83,0,0,0,0,1,0,372.3333333333333,0,1,0,0,0,1
6928,10,83,0,0,0,0,1,0,692.8,0,1,0,0,0,1
8465,12,83,0,0,0,0,1,0,705.4166666666666,0,1,0,0,0,1
8886,5,65,1,0,0,1,0,0,1777.2,0,1,0,0,0,1
8183,10,65,1,0,0,1,0,0,818.3,0,1,0,0,0,1
7904,11,83,0,1,0,0,1,1,718.5454545454545,0,1,0,0,0,1
2987,18,19,1,0,0,0,0,0,165.94444444444446,0,1,1,0,0,0
4280,15,19,1,0,0,0,0,0,285.3333333333333,0,1,1,0,0,0
6144,15,19,1,0,0,0,0,0,409.6,0,1,1,0,0,0
5686,16,19,1,0,0,0,0,0,355.375,0,1,1,0,0,0
3286,7,19,1,0,0,0,0,0,469.42857142857144,0,1,1,0,0,0
2989,12,19,1,0,0,0,0,0,249.08333333333334,0,1,1,0,0,0
4573,18,19,1,0,0,0,0,0,254.05555555555554,0,1,1,0,0,0
7949,12,19,1,0,0,0,0,0,662.4166666666666,0,1,1,0,0,0
5796,14,19,1,0,0,0,0,0,414.0,0,1,1,0,0,0
1853,16,19,1,0,0,0,0,0,115.8125,0,1,1,0,0,0
6551,12,19,1,0,0,0,0,0,545.9166666666666,0,1,1,0,0,0
7758,13,19,1,0,0,0,0,0,596.7692307692307,0,1,1,0,0,0
5124,9,52,1,0,0,1,0,0,569.3333333333334,0,1,0,0,1,0
6057,12,52,1,0,0,1,0,0,504.75,0,1,0,0,1,0
6957,12,52,1,0,0,1,0,0,579.75,0,1,0,0,1,0
5640,11,52,1,0,0,1,0,0,512.7272727272727,0,1,0,0,1,0
5601,14,52,1,0,0,1,0,0,400.07142857142856,0,1,0,0,1,0
2657,20,53,1,0,0,0,0,0,132.85,0,1,0,0,1,0
2160,17,53,1,0,0,0,0,0,127.05882352941177,0,1,0,0,1,0
3623,12,53,1,0,0,0,0,0,301.9166666666667,0,1,0,0,1,0
2891,10,53,1,0,0,0,0,0,289.1,0,1,0,0,1,0
3830,9,53,1,0,0,0,0,0,425.55555555555554,0,1,0,0,1,0
2306,14,53,1,0,0,0,0,0,164.71428571428572,0,1,0,0,1,0
3096,13,53,1,0,0,0,0,0,238.15384615384616,0,1,0,0,1,0
2844,12,53,1,0,0,0,0,0,237.0,0,1,0,0,1,0
4140,13,53,1,0,0,0,0,0,318.46153846153845,0,1,0,0,1,0
2086,18,53,1,0,0,0,0,0,115.88888888888889,0,1,0,0,1,0
1121,13,53,1,0,0,0,0,0,86.23076923076923,0,1,0,0,1,0
3119,15,53,1,0,0,0,0,0,207.93333333333334,0,1,0,0,1,0
1728,14,75,1,0,1,1,0,1,123.42857142857143,0,1,0,0,0,1
1904,13,75,1,0,1,1,0,1,146.46153846153845,0,1,0,0,0,1
3710,9,75,1,0,1,1,0,1,412.22222222222223,0,1,0,0,0,1
3213,10,75,1,0,1,1,0,1,321.3,0,1,0,0,0,1
3168,17,75,1,0,1,1,0,1,186.35294117647058,0,1,0,0,0,1
1213,10,75,1,0,1,1,0,1,121.3,0,1,0,0,0,1
1435,9,75,1,0,1,1,0,1,159.44444444444446,0,1,0,0,0,1
4608,10,75,1,0,1,1,0,1,460.8,0,1,0,0,0,1
1652,14,75,1,0,1,1,0,1,118.0,0,1,0,0,0,1
2396,19,75,1,0,1,1,0,1,126.10526315789474,0,1,0,0,0,1
1556,14,75,1,0,1,1,0,1,111.14285714285714,0,1,0,0,0,1
1793,13,75,1,0,1,1,0,1,137.92307692307693,0,1,0,0,0,1
7319,10,63,0,1,0,1,0,1,731.9,0,1,0,0,1,0
7064,11,63,0,1,0,1,0,1,642.1818181818181,0,1,0,0,1,0
4375,20,57,0,0,0,1,0,0,218.75,0,1,0,0,1,0
5405,15,57,0,0,0,1,0,0,360.3333333333333,0,1,0,0,1,0
4910,16,57,0,0,0,1,0,0,306.875,0,1,0,0,1,0
2831,13,57,0,0,0,1,0,0,217.76923076923077,0,1,0,0,1,0
2427,12,57,0,0,0,1,0,0,202.25,0,1,0,0,1,0
2956,9,57,0,0,0,1,0,0,328.44444444444446,0,1,0,0,1,0
2577,7,57,0,0,0,1,0,0,368.14285714285717,0,1,0,0,1,0
2633,14,57,0,0,0,1,0,0,188.07142857142858,0,1,0,0,1,0
5569,11,57,0,0,0,1,0,0,506.27272727272725,0,1,0,0,1,0
6635,15,57,0,0,0,1,0,0,442.3333333333333,0,1,0,0,1,0
4099,11,57,0,0,0,1,0,0,372.6363636363636,0,1,0,0,1,0
5025,8,57,0,0,0,1,0,0,628.125,0,1,0,0,1,0
2158,11,61,1,1,0,0,0,1,196.1818181818182,0,1,0,0,1,0
5165,15,61,1,1,0,0,0,1,344.3333333333333,0,1,0,0,1,0
3931,17,61,1,1,0,0,0,1,231.23529411764707,0,1,0,0,1,0
3109,10,61,1,1,0,0,0,1,310.9,0,1,0,0,1,0
2527,7,61,1,1,0,0,0,1,361.0,0,1,0,0,1,0
5859,13,61,1,1,0,0,0,1,450.6923076923077,0,1,0,0,1,0
4937,9,61,1,1,0,0,0,1,548.5555555555555,0,1,0,0,1,0
4589,13,61,1,1,0,0,0,1,353.0,0,1,0,0,1,0
4329,15,61,1,1,0,0,0,1,288.6,0,1,0,0,1,0
5325,10,61,1,1,0,0,0,1,532.5,0,1,0,0,1,0
3904,7,61,1,1,0,0,0,1,557.7142857142857,0,1,0,0,1,0
6508,18,61,1,1,0,0,0,1,361.55555555555554,0,1,0,0,1,0
7832,16,31,0,1,0,0,0,1,489.5,0,1,0,1,0,0
6716,11,31,0,1,0,0,0,1,610.5454545454545,0,1,0,1,0,0
5410,5,31,0,1,0,0,0,1,1082.0,0,1,0,1,0,0
7303,9,31,0,1,0,0,0,1,811.4444444444445,0,1,0,1,0,0
8458,14,31,0,1,0,0,0,1,604.1428571428571,0,1,0,1,0,0
5637,11,31,0,1,0,0,0,1,512.4545454545455,0,1,0,1,0,0
6618,16,81,1,1,0,1,0,1,413.625,0,1,0,0,0,1
6509,14,81,1,1,0,1,0,1,464.92857142857144,0,1,0,0,0,1
8819,12,81,1,1,0,1,0,1,734.9166666666666,0,1,0,0,0,1
8609,12,81,1,1,0,1,0,1,717.4166666666666,0,1,0,0,0,1
7451,12,81,1,1,0,1,0,1,620.9166666666666,0,1,0,0,0,1
6520,9,81,1,1,0,1,0,1,724.4444444444445,0,1,0,0,0,1
5596,16,81,1,1,0,1,0,1,349.75,0,1,0,0,0,1
5949,10,81,1,1,0,1,0,1,594.9,0,1,0,0,0,1
4764,15,81,1,1,0,1,0,1,317.6,0,1,0,0,0,1
5387,16,81,1,1,0,1,0,1,336.6875,0,1,0,0,0,1
7978,10,81,1,1,0,1,0,1,797.8,0,1,0,0,0,1
5648,17,37,1,0,0,1,0,0,332.2352941176471,0,1,0,1,0,0
3236,11,37,1,0,0,1,0,0,294.1818181818182,0,1,0,1,0,0
5716,14,37,1,0,0,1,0,0,408.2857142857143,0,1,0,1,0,0
5220,12,37,1,0,0,1,0,0,435.0,0,1,0,1,0,0
5975,8,37,1,0,0,1,0,0,746.875,0,1,0,1,0,0
5859,13,37,1,0,0,1,0,0,450.6923076923077,0,1,0,1,0,0
7845,22,37,1,0,0,1,0,0,356.59090909090907,0,1,0,1,0,0
7224,14,37,1,0,0,1,0,0,516.0,0,1,0,1,0,0
6435,14,37,1,0,0,1,0,0,459.64285714285717,0,1,0,1,0,0
8943,14,60,0,1,0,0,0,1,638.7857142857143,0,1,0,0,1,0
8535,15,60,0,1,0,0,0,1,569.0,0,1,0,0,1,0
6783,11,60,0,1,0,0,0,1,616.6363636363636,0,1,0,0,1,0
6169,14,60,0,1,0,0,0,1,440.64285714285717,0,1,0,0,1,0
7698,21,60,0,1,0,0,0,1,366.57142857142856,0,1,0,0,1,0
7933,16,60,0,1,0,0,0,1,495.8125,0,1,0,0,1,0
7537,13,60,0,1,0,0,0,1,579.7692307692307,0,1,0,0,1,0
6912,12,60,0,1,0,0,0,1,576.0,0,1,0,0,1,0
6365,14,69,1,0,0,0,0,0,454.64285714285717,0,1,0,0,0,1
7598,10,69,1,0,0,0,0,0,759.8,0,1,0,0,0,1
4000,7,69,1,0,0,0,0,0,571.4285714285714,0,1,0,0,0,1
7741,14,69,1,0,0,0,0,0,552.9285714285714,0,1,0,0,0,1
6629,11,69,1,0,0,0,0,0,602.6363636363636,0,1,0,0,0,1
8330,12,69,1,0,0,0,0,0,694.1666666666666,0,1,0,0,0,1
8980,16,69,1,0,0,0,0,0,561.25,0,1,0,0,0,1
5965,17,69,1,0,0,0,0,0,350.88235294117646,0,1,0,0,0,1
8769,12,27,1,0,0,1,0,0,730.75,0,1,0,1,0,0
5238,11,27,1,0,0,1,0,0,476.1818181818182,0,1,0,1,0,0
7203,13,27,1,0,0,1,0,0,554.0769230769231,0,1,0,1,0,0
4932,11,27,1,0,0,1,0,0,448.3636363636364,0,1,0,1,0,0
7222,18,27,1,0,0,1,0,0,401.22222222222223,0,1,0,1,0,0
6656,10,27,1,0,0,1,0,0,665.6,0,1,0,1,0,0
7227,12,27,1,0,0,1,0,0,602.25,0,1,0,1,0,0
8683,13,27,1,0,0,1,0,0,667.9230769230769,0,1,0,1,0,0
5782,11,65,1,0,0,1,0,0,525.6363636363636,0,1,0,0,0,1
2749,10,65,1,0,0,1,0,0,274.9,0,1,0,0,0,1
5168,11,65,1,0,0,1,0,0,469.8181818181818,0,1,0,0,0,1
5482,12,65,1,0,0,1,0,0,456.8333333333333,0,1,0,0,0,1
6962,14,65,1,0,0,1,0,0,497.2857142857143,0,1,0,0,0,1
4468,9,65,1,0,0,1,0,0,496.44444444444446,0,1,0,0,0,1
5268,18,65,1,0,0,1,0,0,292.6666666666667,0,1,0,0,0,1
3325,9,65,1,0,0,1,0,0,369.44444444444446,0,1,0,0,0,1
6589,16,65,1,0,0,1,0,0,411.8125,0,1,0,0,0,1
5681,17,65,1,0,0,1,0,0,334.1764705882353,0,1,0,0,0,1
4943,17,65,1,0,0,1,0,0,290.7647058823529,0,1,0,0,0,1
4372,11,73,1,0,1,1,1,1,397.45454545454544,0,1,0,0,0,1
4271,13,73,1,0,1,1,1,1,328.53846153846155,0,1,0,0,0,1
6077,17,73,1,0,1,1,1,1,357.47058823529414,0,1,0,0,0,1
5088,17,73,1,0,1,1,1,1,299.29411764705884,0,1,0,0,0,1
3156,12,73,1,0,1,1,1,1,263.0,0,1,0,0,0,1
3611,12,73,1,0,1,1,1,1,300.9166666666667,0,1,0,0,0,1
5209,9,73,1,0,1,1,1,1,578.7777777777778,0,1,0,0,0,1
6426,11,73,1,0,1,1,1,1,584.1818181818181,0,1,0,0,0,1
5199,16,73,1,0,1,1,1,1,324.9375,0,1,0,0,0,1
5842,8,73,1,0,1,1,1,1,730.25,0,1,0,0,0,1
3876,15,73,1,0,1,1,1,1,258.4,0,1,0,0,0,1
3103,11,85,0,0,0,1,0,0,282.09090909090907,0,1,0,0,0,1
1333,17,85,0,0,0,1,0,0,78.41176470588235,0,1,0,0,0,1
2294,12,85,0,0,0,1,0,0,191.16666666666666,0,1,0,0,0,1
2902,11,85,0,0,0,1,0,0,263.8181818181818,0,1,0,0,0,1
1909,9,85,0,0,0,1,0,0,212.11111111111111,0,1,0,0,0,1
1981,15,85,0,0,0,1,0,0,132.06666666666666,0,1,0,0,0,1
1600,10,85,0,0,0,1,0,0,160.0,0,1,0,0,0,1
2346,14,85,0,0,0,1,0,0,167.57142857142858,0,1,0,0,0,1
2195,10,85,0,0,0,1,0,0,219.5,0,1,0,0,0,1
1722,18,85,0,0,0,1,0,0,95.66666666666667,0,1,0,0,0,1
2581,15,85,0,0,0,1,0,0,172.06666666666666,0,1,0,0,0,1
1790,12,85,0,0,0,1,0,0,149.16666666666666,0,1,0,0,0,1
2408,12,34,1,0,0,0,0,0,200.66666666666666,0,1,0,1,0,0
4976,18,34,1,0,0,0,0,0,276.44444444444446,0,1,0,1,0,0
1908,12,34,1,0,0,0,0,0,159.0,0,1,0,1,0,0
2549,11,34,1,0,0,0,0,0,231.72727272727272,0,1,0,1,0,0
1334,9,34,1,0,0,0,0,0,148.22222222222223,0,1,0,1,0,0
3187,12,34,1,0,0,0,0,0,265.5833333333333,0,1,0,1,0,0
6500,18,34,1,0,0,0,0,0,361.1111111111111,0,1,0,1,0,0
1717,12,34,1,0,0,0,0,0,143.08333333333334,0,1,0,1,0,0
2928,11,34,1,0,0,0,0,0,266.1818181818182,0,1,0,1,0,0
2596,9,34,1,0,0,0,0,0,288.44444444444446,0,1,0,1,0,0
2436,12,34,1,0,0,0,0,0,203.0,0,1,0,1,0,0
2993,8,34,1,0,0,0,0,0,374.125,0,1,0,1,0,0
4851,15,48,0,1,0,1,0,1,323.4,0,1,0,0,1,0
5918,10,48,0,1,0,1,0,1,591.8,0,1,0,0,1,0
3890,16,48,0,1,0,1,0,1,243.125,0,1,0,0,1,0
4228,11,48,0,1,0,1,0,1,384.3636363636364,0,1,0,0,1,0
4953,14,48,0,1,0,1,0,1,353.7857142857143,0,1,0,0,1,0
6479,8,48,0,1,0,1,0,1,809.875,0,1,0,0,1,0
4743,12,48,0,1,0,1,0,1,395.25,0,1,0,0,1,0
4991,9,48,0,1,0,1,0,1,554.5555555555555,0,1,0,0,1,0
4765,18,48,0,1,0,1,0,1,264.72222222222223,0,1,0,0,1,0
5085,11,48,0,1,0,1,0,1,462.27272727272725,0,1,0,0,1,0
4554,16,48,0,1,0,1,0,1,284.625,0,1,0,0,1,0
7607,8,48,0,1,0,1,0,1,950.875,0,1,0,0,1,0
6643,13,57,1,0,0,0,0,0,511.0,0,1,0,0,1,0
8225,10,57,1,0,0,0,0,0,822.5,0,1,0,0,1,0
2332,11,57,1,0,0,0,0,0,212.0,0,1,0,0,1,0
5564,16,57,1,0,0,0,0,0,347.75,0,1,0,0,1,0
7176,15,57,1,0,0,0,0,0,478.4,0,1,0,0,1,0
8021,10,57,1,0,0,0,0,0,802.1,0,1,0,0,1,0
7086,15,57,1,0,0,0,0,0,472.4,0,1,0,0,1,0
7091,12,57,1,0,0,0,0,0,590.9166666666666,0,1,0,0,1,0
5406,6,57,1,0,0,0,0,0,901.0,0,1,0,0,1,0
6264,20,57,1,0,0,0,0,0,313.2,0,1,0,0,1,0
7211,17,57,1,0,0,0,0,0,424.1764705882353,0,1,0,0,1,0
2423,14,32,1,0,0,1,1,0,173.07142857142858,0,1,0,1,0,0
4889,17,32,1,0,0,1,1,0,287.5882352941176,0,1,0,1,0,0
2168,21,32,1,0,0,1,1,0,103.23809523809524,0,1,0,1,0,0
2791,20,32,1,0,0,1,1,0,139.55,0,1,0,1,0,0
3840,19,32,1,0,0,1,1,0,202.10526315789474,0,1,0,1,0,0
1904,20,32,1,0,0,1,1,0,95.2,0,1,0,1,0,0
2241,15,32,1,0,0,1,1,0,149.4,0,1,0,1,0,0
2561,18,32,1,0,0,1,1,0,142.27777777777777,0,1,0,1,0,0
4723,10,32,1,0,0,1,1,0,472.3,0,1,0,1,0,0
3555,9,32,1,0,0,1,1,0,395.0,0,1,0,1,0,0
1533,11,32,1,0,0,1,1,0,139.36363636363637,0,1,0,1,0,0
2103,12,32,1,0,0,1,1,0,175.25,0,1,0,1,0,0
6038,18,74,0,0,0,0,0,0,335.44444444444446,0,1,0,0,0,1
4851,15,74,0,0,0,0,0,0,323.4,0,1,0,0,0,1
4192,8,74,0,0,0,0,0,0,524.0,0,1,0,0,0,1
3689,17,74,0,0,0,0,0,0,217.0,0,1,0,0,0,1
2679,9,74,0,0,0,0,0,0,297.6666666666667,0,1,0,0,0,1
4502,9,74,0,0,0,0,0,0,500.22222222222223,0,1,0,0,0,1
3009,11,74,0,0,0,0,0,0,273.54545454545456,0,1,0,0,0,1
2811,8,74,0,0,0,0,0,0,351.375,0,1,0,0,0,1
3962,12,74,0,0,0,0,0,0,330.1666666666667,0,1,0,0,0,1
1157,3,74,0,0,0,0,0,0,385.6666666666667,0,1,0,0,0,1
3837,10,74,0,0,0,0,0,0,383.7,0,1,0,0,0,1
4565,17,74,0,0,0,0,0,0,268.52941176470586,0,1,0,0,0,1
5745,15,83,0,0,0,1,0,0,383.0,0,1,0,0,0,1
2473,12,83,0,0,0,1,0,0,206.08333333333334,0,1,0,0,0,1
3219,12,83,0,0,0,1,0,0,268.25,0,1,0,0,0,1
3750,13,83,0,0,0,1,0,0,288.46153846153845,0,1,0,0,0,1
4314,19,83,0,0,0,1,0,0,227.05263157894737,0,1,0,0,0,1
1364,15,83,0,0,0,1,0,0,90.93333333333334,0,1,0,0,0,1
2587,18,83,0,0,0,1,0,0,143.72222222222223,0,1,0,0,0,1
2605,14,83,0,0,0,1,0,0,186.07142857142858,0,1,0,0,0,1
2141,11,83,0,0,0,1,0,0,194.63636363636363,0,1,0,0,0,1
3481,15,83,0,0,0,1,0,0,232.06666666666666,0,1,0,0,0,1
3244,8,83,0,0,0,1,0,0,405.5,0,1,0,0,0,1
2664,15,83,0,0,0,1,0,0,177.6,0,1,0,0,0,1
1220,10,46,1,0,0,0,0,0,122.0,0,1,0,0,1,0
1682,17,46,1,0,0,0,0,0,98.94117647058823,0,1,0,0,1,0
1173,15,46,1,0,0,0,0,0,78.2,0,1,0,0,1,0
1824,21,46,1,0,0,0,0,0,86.85714285714286,0,1,0,0,1,0
1060,11,46,1,0,0,0,0,0,96.36363636363636,0,1,0,0,1,0
1101,21,46,1,0,0,0,0,0,52.42857142857143,0,1,0,0,1,0
1244,14,46,1,0,0,0,0,0,88.85714285714286,0,1,0,0,1,0
1995,13,46,1,0,0,0,0,0,153.46153846153845,0,1,0,0,1,0
2365,20,46,1,0,0,0,0,0,118.25,0,1,0,0,1,0
1160,16,46,1,0,0,0,0,0,72.5,0,1,0,0,1,0
1971,14,46,1,0,0,0,0,0,140.78571428571428,0,1,0,0,1,0
1148,12,46,1,0,0,0,0,0,95.66666666666667,0,1,0,0,1,0
7136,12,26,1,0,1,1,0,1,594.6666666666666,0,1,0,1,0,0
4961,12,26,1,0,1,1,0,1,413.4166666666667,0,1,0,1,0,0
8728,9,26,1,0,1,1,0,1,969.7777777777778,0,1,0,1,0,0
8800,18,26,1,0,1,1,0,1,488.8888888888889,0,1,0,1,0,0
5551,10,26,1,0,1,1,0,1,555.1,0,1,0,1,0,0
6802,12,26,1,0,1,1,0,1,566.8333333333334,0,1,0,1,0,0
7621,10,26,1,0,1,1,0,1,762.1,0,1,0,1,0,0
8237,20,26,1,0,1,1,0,1,411.85,0,1,0,1,0,0
7553,10,26,1,0,1,1,0,1,755.3,0,1,0,1,0,0
5552,10,26,1,0,1,1,0,1,555.2,0,1,0,1,0,0
6573,11,83,1,0,0,0,1,0,597.5454545454545,0,1,0,0,0,1
4744,11,83,1,0,0,0,1,0,431.27272727272725,0,1,0,0,0,1
8142,15,83,1,0,0,0,1,0,542.8,0,1,0,0,0,1
6211,11,83,1,0,0,0,1,0,564.6363636363636,0,1,0,0,0,1
7923,10,83,1,0,0,0,1,0,792.3,0,1,0,0,0,1
6650,11,83,1,0,0,0,1,0,604.5454545454545,0,1,0,0,0,1
5084,12,83,1,0,0,0,1,0,423.6666666666667,0,1,0,0,0,1
7036,15,83,1,0,0,0,1,0,469.06666666666666,0,1,0,0,0,1
2429,8,32,0,0,0,1,0,0,303.625,0,1,0,1,0,0
3767,11,32,0,0,0,1,0,0,342.45454545454544,0,1,0,1,0,0
1803,15,32,0,0,0,1,0,0,120.2,0,1,0,1,0,0
1385,15,32,0,0,0,1,0,0,92.33333333333333,0,1,0,1,0,0
1558,8,32,0,0,0,1,0,0,194.75,0,1,0,1,0,0
2124,11,32,0,0,0,1,0,0,193.0909090909091,0,1,0,1,0,0
1576,13,32,0,0,0,1,0,0,121.23076923076923,0,1,0,1,0,0
1862,11,32,0,0,0,1,0,0,169.27272727272728,0,1,0,1,0,0
4154,12,32,0,0,0,1,0,0,346.1666666666667,0,1,0,1,0,0
2016,11,32,0,0,0,1,0,0,183.27272727272728,0,1,0,1,0,0
1579,13,32,0,0,0,1,0,0,121.46153846153847,0,1,0,1,0,0
3792,12,32,0,0,0,1,0,0,316.0,0,1,0,1,0,0
8680,9,56,1,0,0,1,0,0,964.4444444444445,0,1,0,0,1,0
8047,14,56,1,0,0,1,0,0,574.7857142857143,0,1,0,0,1,0
6894,8,56,1,0,0,1,0,0,861.75,0,1,0,0,1,0
8203,12,56,1,0,0,1,0,0,683.5833333333334,0,1,0,0,1,0
5305,9,56,1,0,0,1,0,0,589.4444444444445,0,1,0,0,1,0
6073,9,56,1,0,0,1,0,0,674.7777777777778,0,1,0,0,1,0
3690,10,81,0,0,0,1,0,0,369.0,0,1,0,0,0,1
8143,11,81,0,0,0,1,0,0,740.2727272727273,0,1,0,0,0,1
7635,20,81,0,0,0,1,0,0,381.75,0,1,0,0,0,1
2943,16,81,0,0,0,1,0,0,183.9375,0,1,0,0,0,1
5872,19,81,0,0,0,1,0,0,309.05263157894734,0,1,0,0,0,1
4478,17,81,0,0,0,1,0,0,263.4117647058824,0,1,0,0,0,1
8492,11,81,0,0,0,1,0,0,772.0,0,1,0,0,0,1
6909,15,81,0,0,0,1,0,0,460.6,0,1,0,0,0,1
6816,9,81,0,0,0,1,0,0,757.3333333333334,0,1,0,0,0,1
6208,14,81,0,0,0,1,0,0,443.42857142857144,0,1,0,0,0,1
5482,11,78,0,0,0,0,0,0,498.3636363636364,0,1,0,0,0,1
6914,20,78,0,0,0,0,0,0,345.7,0,1,0,0,0,1
7793,8,78,0,0,0,0,0,0,974.125,0,1,0,0,0,1
8561,18,78,0,0,0,0,0,0,475.6111111111111,0,1,0,0,0,1
3330,8,78,0,0,0,0,0,0,416.25,0,1,0,0,0,1
7989,13,78,0,0,0,0,0,0,614.5384615384615,0,1,0,0,0,1
911,4,78,0,0,0,0,0,0,227.75,0,1,0,0,0,1
4626,15,78,0,0,0,0,0,0,308.4,0,1,0,0,0,1
6603,10,78,0,0,0,0,0,0,660.3,0,1,0,0,0,1
4908,11,78,0,0,0,0,0,0,446.1818181818182,0,1,0,0,0,1
6658,18,43,0,0,0,0,0,0,369.8888888888889,0,1,0,1,0,0
8895,19,43,0,0,0,0,0,0,468.1578947368421,0,1,0,1,0,0
7015,17,43,0,0,0,0,0,0,412.6470588235294,0,1,0,1,0,0
4824,16,43,0,0,0,0,0,0,301.5,0,1,0,1,0,0
7706,10,43,0,0,0,0,0,0,770.6,0,1,0,1,0,0
8452,15,43,0,0,0,0,0,0,563.4666666666667,0,1,0,1,0,0
8278,12,43,0,0,0,0,0,0,689.8333333333334,0,1,0,1,0,0
5873,18,43,0,0,0,0,0,0,326.27777777777777,0,1,0,1,0,0
6295,16,43,0,0,0,0,0,0,393.4375,0,1,0,1,0,0
6722,12,43,0,0,0,0,0,0,560.1666666666666,0,1,0,1,0,0
6564,11,43,0,0,0,0,0,0,596.7272727272727,0,1,0,1,0,0
8137,10,83,1,0,0,0,0,0,813.7,0,1,0,0,0,1
7294,17,83,1,0,0,0,0,0,429.05882352941177,0,1,0,0,0,1
5666,16,83,1,0,0,0,0,0,354.125,0,1,0,0,0,1
8704,18,83,1,0,0,0,0,0,483.55555555555554,0,1,0,0,0,1
7496,14,83,1,0,0,0,0,0,535.4285714285714,0,1,0,0,0,1
7663,6,83,1,0,0,0,0,0,1277.1666666666667,0,1,0,0,0,1
5555,18,83,1,0,0,0,0,0,308.6111111111111,0,1,0,0,0,1
5415,8,83,1,0,0,0,0,0,676.875,0,1,0,0,0,1
3683,7,83,1,0,0,0,0,0,526.1428571428571,0,1,0,0,0,1
8523,17,83,1,0,0,0,0,0,501.3529411764706,0,1,0,0,0,1
6569,12,31,1,0,0,1,0,0,547.4166666666666,0,1,0,1,0,0
4795,12,31,1,0,0,1,0,0,399.5833333333333,0,1,0,1,0,0
3060,8,31,1,0,0,1,0,0,382.5,0,1,0,1,0,0
6024,4,31,1,0,0,1,0,0,1506.0,0,1,0,1,0,0
6760,19,31,1,0,0,1,0,0,355.7894736842105,0,1,0,1,0,0
8960,14,31,1,0,0,1,0,0,640.0,0,1,0,1,0,0
4943,17,31,1,0,0,1,0,0,290.7647058823529,0,1,0,1,0,0
8717,12,31,1,0,0,1,0,0,726.4166666666666,0,1,0,1,0,0
5210,12,59,1,0,0,1,1,0,434.1666666666667,0,1,0,0,1,0
3697,15,59,1,0,0,1,1,0,246.46666666666667,0,1,0,0,1,0
4606,17,59,1,0,0,1,1,0,270.94117647058823,0,1,0,0,1,0
5417,15,59,1,0,0,1,1,0,361.1333333333333,0,1,0,0,1,0
6340,13,59,1,0,0,1,1,0,487.6923076923077,0,1,0,0,1,0
4771,12,59,1,0,0,1,1,0,397.5833333333333,0,1,0,0,1,0
7432,12,59,1,0,0,1,1,0,619.3333333333334,0,1,0,0,1,0
4039,22,59,1,0,0,1,1,0,183.5909090909091,0,1,0,0,1,0
2949,10,59,1,0,0,1,1,0,294.9,0,1,0,0,1,0
3779,14,59,1,0,0,1,1,0,269.92857142857144,0,1,0,0,1,0
8189,14,59,1,0,0,1,1,0,584.9285714285714,0,1,0,0,1,0
6552,25,59,1,0,0,1,1,0,262.08,0,1,0,0,1,0
6722,15,50,1,0,0,0,0,0,448.1333333333333,0,1,0,0,1,0
5215,14,50,1,0,0,0,0,0,372.5,0,1,0,0,1,0
6248,14,50,1,0,0,0,0,0,446.2857142857143,0,1,0,0,1,0
4324,9,50,1,0,0,0,0,0,480.44444444444446,0,1,0,0,1,0
8103,12,50,1,0,0,0,0,0,675.25,0,1,0,0,1,0
5915,10,50,1,0,0,0,0,0,591.5,0,1,0,0,1,0
8549,16,50,1,0,0,0,0,0,534.3125,0,1,0,0,1,0
8204,9,77,1,0,0,0,0,0,911.5555555555555,0,1,0,0,0,1
8675,13,77,1,0,0,0,0,0,667.3076923076923,0,1,0,0,0,1
8891,16,77,1,0,0,0,0,0,555.6875,0,1,0,0,0,1
6106,10,77,1,0,0,0,0,0,610.6,0,1,0,0,0,1
5868,11,77,1,0,0,0,0,0,533.4545454545455,0,1,0,0,0,1
8830,9,77,1,0,0,0,0,0,981.1111111111111,0,1,0,0,0,1
6713,13,77,1,0,0,0,0,0,516.3846153846154,0,1,0,0,0,1
4501,12,77,1,0,0,0,0,0,375.0833333333333,0,1,0,0,0,1
7027,9,77,1,0,0,0,0,0,780.7777777777778,0,1,0,0,0,1
5448,13,77,1,0,0,0,0,0,419.0769230769231,0,1,0,0,0,1
8688,17,42,1,0,0,0,0,0,511.05882352941177,0,1,0,1,0,0
6863,12,42,1,0,0,0,0,0,571.9166666666666,0,1,0,1,0,0
5814,14,42,1,0,0,0,0,0,415.2857142857143,0,1,0,1,0,0
7949,15,42,1,0,0,0,0,0,529.9333333333333,0,1,0,1,0,0
5237,6,42,1,0,0,0,0,0,872.8333333333334,0,1,0,1,0,0
7178,7,42,1,0,0,0,0,0,1025.4285714285713,0,1,0,1,0,0
7039,18,42,1,0,0,0,0,0,391.05555555555554,0,1,0,1,0,0
8122,17,42,1,0,0,0,0,0,477.7647058823529,0,1,0,1,0,0
2188,8,57,0,0,0,1,0,0,273.5,0,1,0,0,1,0
963,17,57,0,0,0,1,0,0,56.64705882352941,0,1,0,0,1,0
2455,14,57,0,0,0,1,0,0,175.35714285714286,0,1,0,0,1,0
822,7,57,0,0,0,1,0,0,117.42857142857143,0,1,0,0,1,0
1180,7,57,0,0,0,1,0,0,168.57142857142858,0,1,0,0,1,0
877,11,57,0,0,0,1,0,0,79.72727272727273,0,1,0,0,1,0
2021,18,57,0,0,0,1,0,0,112.27777777777777,0,1,0,0,1,0
1755,10,57,0,0,0,1,0,0,175.5,0,1,0,0,1,0
1973,14,57,0,0,0,1,0,0,140.92857142857142,0,1,0,0,1,0
1628,9,57,0,0,0,1,0,0,180.88888888888889,0,1,0,0,1,0
1709,15,57,0,0,0,1,0,0,113.93333333333334,0,1,0,0,1,0
2001,16,57,0,0,0,1,0,0,125.0625,0,1,0,0,1,0
4620,18,58,0,0,0,0,0,0,256.6666666666667,0,1,0,0,1,0
5100,9,58,0,0,0,0,0,0,566.6666666666666,0,1,0,0,1,0
8014,8,58,0,0,0,0,0,0,1001.75,0,1,0,0,1,0
8032,10,58,0,0,0,0,0,0,803.2,0,1,0,0,1,0
3689,14,45,0,0,0,0,0,0,263.5,0,1,0,0,1,0
1637,15,45,0,0,0,0,0,0,109.13333333333334,0,1,0,0,1,0
1303,11,45,0,0,0,0,0,0,118.45454545454545,0,1,0,0,1,0
1598,14,45,0,0,0,0,0,0,114.14285714285714,0,1,0,0,1,0
1718,18,45,0,0,0,0,0,0,95.44444444444444,0,1,0,0,1,0
572,9,45,0,0,0,0,0,0,63.55555555555556,0,1,0,0,1,0
1875,7,45,0,0,0,0,0,0,267.85714285714283,0,1,0,0,1,0
2396,18,45,0,0,0,0,0,0,133.11111111111111,0,1,0,0,1,0
2155,10,45,0,0,0,0,0,0,215.5,0,1,0,0,1,0
2790,13,45,0,0,0,0,0,0,214.6153846153846,0,1,0,0,1,0
2052,10,45,0,0,0,0,0,0,205.2,0,1,0,0,1,0
1575,13,45,0,0,0,0,0,0,121.15384615384616,0,1,0,0,1,0
6453,10,29,0,0,0,0,1,0,645.3,0,1,0,1,0,0
4373,12,29,0,0,0,0,1,0,364.4166666666667,0,1,0,1,0,0
7796,18,29,0,0,0,0,1,0,433.1111111111111,0,1,0,1,0,0
3245,10,29,0,0,0,0,1,0,324.5,0,1,0,1,0,0
6561,14,29,0,0,0,0,1,0,468.64285714285717,0,1,0,1,0,0
7092,15,29,0,0,0,0,1,0,472.8,0,1,0,1,0,0
5868,11,29,0,0,0,0,1,0,533.4545454545455,0,1,0,1,0,0
7384,10,29,0,0,0,0,1,0,738.4,0,1,0,1,0,0
5858,12,29,0,0,0,0,1,0,488.1666666666667,0,1,0,1,0,0
2702,6,47,0,0,1,0,0,1,450.3333333333333,0,1,0,0,1,0
4191,12,47,0,0,1,0,0,1,349.25,0,1,0,0,1,0
8634,17,47,0,0,1,0,0,1,507.88235294117646,0,1,0,0,1,0
8270,13,47,0,0,1,0,0,1,636.1538461538462,0,1,0,0,1,0
7867,15,47,0,0,1,0,0,1,524.4666666666667,0,1,0,0,1,0
8772,17,47,0,0,1,0,0,1,516.0,0,1,0,0,1,0
4728,12,55,0,1,0,0,0,1,394.0,0,1,0,0,1,0
7858,11,55,0,1,0,0,0,1,714.3636363636364,0,1,0,0,1,0
6899,12,55,0,1,0,0,0,1,574.9166666666666,0,1,0,0,1,0
8086,10,55,0,1,0,0,0,1,808.6,0,1,0,0,1,0
8389,18,55,0,1,0,0,0,1,466.05555555555554,0,1,0,0,1,0
6214,12,55,0,1,0,0,0,1,517.8333333333334,0,1,0,0,1,0
8846,12,60,1,0,0,1,0,0,737.1666666666666,0,1,0,0,1,0
7803,13,60,1,0,0,1,0,0,600.2307692307693,0,1,0,0,1,0
8368,10,60,1,0,0,1,0,0,836.8,0,1,0,0,1,0
4295,11,60,1,0,0,1,0,0,390.45454545454544,0,1,0,0,1,0
8698,13,60,1,0,0,1,0,0,669.0769230769231,0,1,0,0,1,0
5201,5,60,1,0,0,1,0,0,1040.2,0,1,0,0,1,0
7750,17,29,0,0,0,1,0,0,455.88235294117646,0,1,0,1,0,0
3088,6,29,0,0,0,1,0,0,514.6666666666666,0,1,0,1,0,0
1062,13,29,0,0,0,1,0,0,81.6923076923077,0,1,0,1,0,0
2218,9,29,0,0,0,1,0,0,246.44444444444446,0,1,0,1,0,0
2983,10,29,0,0,0,1,0,0,298.3,0,1,0,1,0,0
5680,15,29,0,0,0,1,0,0,378.6666666666667,0,1,0,1,0,0
4780,16,29,0,0,0,1,0,0,298.75,0,1,0,1,0,0
2644,14,29,0,0,0,1,0,0,188.85714285714286,0,1,0,1,0,0
920,8,29,0,0,0,1,0,0,115.0,0,1,0,1,0,0
3426,13,29,0,0,0,1,0,0,263.53846153846155,0,1,0,1,0,0
5829,21,29,0,0,0,1,0,0,277.57142857142856,0,1,0,1,0,0
5261,22,29,0,0,0,1,0,0,239.13636363636363,0,1,0,1,0,0
7577,9,53,0,0,0,0,0,0,841.8888888888889,0,1,0,0,1,0
5839,9,53,0,0,0,0,0,0,648.7777777777778,0,1,0,0,1,0
6074,13,36,1,0,0,1,1,0,467.2307692307692,0,1,0,1,0,0
2351,9,36,1,0,0,1,1,0,261.22222222222223,0,1,0,1,0,0
5684,13,36,1,0,0,1,1,0,437.2307692307692,0,1,0,1,0,0
5539,18,36,1,0,0,1,1,0,307.72222222222223,0,1,0,1,0,0
5186,14,36,1,0,0,1,1,0,370.42857142857144,0,1,0,1,0,0
4989,13,36,1,0,0,1,1,0,383.7692307692308,0,1,0,1,0,0
4838,14,36,1,0,0,1,1,0,345.57142857142856,0,1,0,1,0,0
3481,12,36,1,0,0,1,1,0,290.0833333333333,0,1,0,1,0,0
4517,13,36,1,0,0,1,1,0,347.46153846153845,0,1,0,1,0,0
5380,11,36,1,0,0,1,1,0,489.09090909090907,0,1,0,1,0,0
5775,16,36,1,0,0,1,1,0,360.9375,0,1,0,1,0,0
4931,14,36,1,0,0,1,1,0,352.2142857142857,0,1,0,1,0,0
4190,12,21,0,0,0,1,0,0,349.1666666666667,0,1,1,0,0,0
3215,10,21,0,0,0,1,0,0,321.5,0,1,1,0,0,0
5463,18,21,0,0,0,1,0,0,303.5,0,1,1,0,0,0
5501,19,21,0,0,0,1,0,0,289.5263157894737,0,1,1,0,0,0
2515,8,21,0,0,0,1,0,0,314.375,0,1,1,0,0,0
3377,15,21,0,0,0,1,0,0,225.13333333333333,0,1,1,0,0,0
2475,9,21,0,0,0,1,0,0,275.0,0,1,1,0,0,0
4141,13,21,0,0,0,1,0,0,318.53846153846155,0,1,1,0,0,0
2900,19,21,0,0,0,1,0,0,152.6315789473684,0,1,1,0,0,0
4488,16,21,0,0,0,1,0,0,280.5,0,1,1,0,0,0
4777,13,21,0,0,0,1,0,0,367.46153846153845,0,1,1,0,0,0
3148,10,21,0,0,0,1,0,0,314.8,0,1,1,0,0,0
6248,13,22,0,0,0,1,0,0,480.61538461538464,0,1,1,0,0,0
6900,12,22,0,0,0,1,0,0,575.0,0,1,1,0,0,0
8962,10,22,0,0,0,1,0,0,896.2,0,1,1,0,0,0
6008,9,27,0,0,0,0,0,0,667.5555555555555,0,1,0,1,0,0
7201,20,27,0,0,0,0,0,0,360.05,0,1,0,1,0,0
4037,5,27,0,0,0,0,0,0,807.4,0,1,0,1,0,0
5739,14,27,0,0,0,0,0,0,409.92857142857144,0,1,0,1,0,0
7226,16,27,0,0,0,0,0,0,451.625,0,1,0,1,0,0
6198,4,27,0,0,0,0,0,0,1549.5,0,1,0,1,0,0
8334,13,27,0,0,0,0,0,0,641.0769230769231,0,1,0,1,0,0
8413,13,44,1,0,0,0,0,0,647.1538461538462,0,1,0,1,0,0
8692,15,44,1,0,0,0,0,0,579.4666666666667,0,1,0,1,0,0
4471,12,44,1,0,0,0,0,0,372.5833333333333,0,1,0,1,0,0
5740,9,44,1,0,0,0,0,0,637.7777777777778,0,1,0,1,0,0
5949,10,44,1,0,0,0,0,0,594.9,0,1,0,1,0,0
6250,9,43,1,0,0,1,0,0,694.4444444444445,0,1,0,1,0,0
8184,13,43,1,0,0,1,0,0,629.5384615384615,0,1,0,1,0,0
5545,15,43,1,0,0,1,0,0,369.6666666666667,0,1,0,1,0,0
4931,14,43,1,0,0,1,0,0,352.2142857142857,0,1,0,1,0,0
5719,12,43,1,0,0,1,0,0,476.5833333333333,0,1,0,1,0,0
6922,15,43,1,0,0,1,0,0,461.46666666666664,0,1,0,1,0,0
3940,8,43,1,0,0,1,0,0,492.5,0,1,0,1,0,0
8929,18,43,1,0,0,1,0,0,496.05555555555554,0,1,0,1,0,0
4716,16,43,1,0,0,1,0,0,294.75,0,1,0,1,0,0
3429,11,82,1,0,0,1,0,0,311.72727272727275,0,1,0,0,0,1
2999,8,82,1,0,0,1,0,0,374.875,0,1,0,0,0,1
3307,12,82,1,0,0,1,0,0,275.5833333333333,0,1,0,0,0,1
3367,18,82,1,0,0,1,0,0,187.05555555555554,0,1,0,0,0,1
2830,11,82,1,0,0,1,0,0,257.27272727272725,0,1,0,0,0,1
1536,10,82,1,0,0,1,0,0,153.6,0,1,0,0,0,1
4621,10,82,1,0,0,1,0,0,462.1,0,1,0,0,0,1
1482,8,82,1,0,0,1,0,0,185.25,0,1,0,0,0,1
3346,8,82,1,0,0,1,0,0,418.25,0,1,0,0,0,1
3498,12,82,1,0,0,1,0,0,291.5,0,1,0,0,0,1
3459,10,82,1,0,0,1,0,0,345.9,0,1,0,0,0,1
2737,14,82,1,0,0,1,0,0,195.5,0,1,0,0,0,1
7093,12,41,1,0,0,0,1,0,591.0833333333334,0,1,0,1,0,0
6150,12,41,1,0,0,0,1,0,512.5,0,1,0,1,0,0
4855,8,41,1,0,0,0,1,0,606.875,0,1,0,1,0,0
4685,10,41,1,0,0,0,1,0,468.5,0,1,0,1,0,0
7379,17,41,1,0,0,0,1,0,434.05882352941177,0,1,0,1,0,0
4865,10,41,1,0,0,0,1,0,486.5,0,1,0,1,0,0
5582,13,41,1,0,0,0,1,0,429.38461538461536,0,1,0,1,0,0
8227,12,41,1,0,0,0,1,0,685.5833333333334,0,1,0,1,0,0
6475,17,41,1,0,0,0,1,0,380.88235294117646,0,1,0,1,0,0
6395,11,41,1,0,0,0,1,0,581.3636363636364,0,1,0,1,0,0
6864,20,41,1,0,0,0,1,0,343.2,0,1,0,1,0,0
8085,22,39,0,0,0,1,0,0,367.5,0,1,0,1,0,0
4252,11,39,0,0,0,1,0,0,386.54545454545456,0,1,0,1,0,0
4596,8,39,0,0,0,1,0,0,574.5,0,1,0,1,0,0
3750,15,39,0,0,0,1,0,0,250.0,0,1,0,1,0,0
4480,14,39,0,0,0,1,0,0,320.0,0,1,0,1,0,0
4258,16,39,0,0,0,1,0,0,266.125,0,1,0,1,0,0
5550,15,39,0,0,0,1,0,0,370.0,0,1,0,1,0,0
4913,23,39,0,0,0,1,0,0,213.6086956521739,0,1,0,1,0,0
2116,8,39,0,0,0,1,0,0,264.5,0,1,0,1,0,0
3032,10,39,0,0,0,1,0,0,303.2,0,1,0,1,0,0
3135,12,39,0,0,0,1,0,0,261.25,0,1,0,1,0,0
2669,18,39,0,0,0,1,0,0,148.27777777777777,0,1,0,1,0,0
1410,9,38,0,1,0,1,0,1,156.66666666666666,0,1,0,1,0,0
2475,14,38,0,1,0,1,0,1,176.78571428571428,0,1,0,1,0,0
1230,10,38,0,1,0,1,0,1,123.0,0,1,0,1,0,0
2431,20,38,0,1,0,1,0,1,121.55,0,1,0,1,0,0
2234,9,38,0,1,0,1,0,1,248.22222222222223,0,1,0,1,0,0
2440,12,38,0,1,0,1,0,1,203.33333333333334,0,1,0,1,0,0
1724,15,38,0,1,0,1,0,1,114.93333333333334,0,1,0,1,0,0
775,12,38,0,1,0,1,0,1,64.58333333333333,0,1,0,1,0,0
1621,10,38,0,1,0,1,0,1,162.1,0,1,0,1,0,0
2262,12,38,0,1,0,1,0,1,188.5,0,1,0,1,0,0
2164,11,38,0,1,0,1,0,1,196.72727272727272,0,1,0,1,0,0
3647,13,38,0,1,0,1,0,1,280.53846153846155,0,1,0,1,0,0
2993,17,76,0,0,0,0,0,0,176.05882352941177,0,1,0,0,0,1
6176,12,76,0,0,0,0,0,0,514.6666666666666,0,1,0,0,0,1
4247,15,76,0,0,0,0,0,0,283.1333333333333,0,1,0,0,0,1
5012,20,76,0,0,0,0,0,0,250.6,0,1,0,0,0,1
2737,10,76,0,0,0,0,0,0,273.7,0,1,0,0,0,1
4964,8,76,0,0,0,0,0,0,620.5,0,1,0,0,0,1
5488,13,76,0,0,0,0,0,0,422.15384615384613,0,1,0,0,0,1
3420,13,76,0,0,0,0,0,0,263.0769230769231,0,1,0,0,0,1
6554,8,76,0,0,0,0,0,0,819.25,0,1,0,0,0,1
4986,8,76,0,0,0,0,0,0,623.25,0,1,0,0,0,1
3290,10,74,0,1,0,0,0,1,329.0,0,1,0,0,0,1
5246,15,74,0,1,0,0,0,1,349.73333333333335,0,1,0,0,0,1
6933,11,74,0,1,0,0,0,1,630.2727272727273,0,1,0,0,0,1
7823,16,74,0,1,0,0,0,1,488.9375,0,1,0,0,0,1
8067,14,74,0,1,0,0,0,1,576.2142857142857,0,1,0,0,0,1
6569,12,74,0,1,0,0,0,1,547.4166666666666,0,1,0,0,0,1
4553,9,74,0,1,0,0,0,1,505.8888888888889,0,1,0,0,0,1
7274,14,74,0,1,0,0,0,1,519.5714285714286,0,1,0,0,0,1
5737,11,34,1,0,0,1,0,0,521.5454545454545,0,1,0,1,0,0
7582,18,34,1,0,0,1,0,0,421.22222222222223,0,1,0,1,0,0
6040,9,34,1,0,0,1,0,0,671.1111111111111,0,1,0,1,0,0
4310,18,34,1,0,0,1,0,0,239.44444444444446,0,1,0,1,0,0
6663,9,34,1,0,0,1,0,0,740.3333333333334,0,1,0,1,0,0
5373,14,34,1,0,0,1,0,0,383.7857142857143,0,1,0,1,0,0
2570,7,34,1,0,0,1,0,0,367.14285714285717,0,1,0,1,0,0
5290,10,34,1,0,0,1,0,0,529.0,0,1,0,1,0,0
8217,13,34,1,0,0,1,0,0,632.0769230769231,0,1,0,1,0,0
4017,9,34,1,0,0,1,0,0,446.3333333333333,0,1,0,1,0,0
6151,15,34,1,0,0,1,0,0,410.06666666666666,0,1,0,1,0,0
2245,6,34,1,0,0,1,0,0,374.1666666666667,0,1,0,1,0,0
6172,10,48,0,0,0,0,0,0,617.2,0,1,0,0,1,0
7241,12,48,0,0,0,0,0,0,603.4166666666666,0,1,0,0,1,0
8604,16,48,0,0,0,0,0,0,537.75,0,1,0,0,1,0
8262,20,48,0,0,0,0,0,0,413.1,0,1,0,0,1,0
7478,12,48,0,0,0,0,0,0,623.1666666666666,0,1,0,0,1,0
6488,13,48,0,0,0,0,0,0,499.0769230769231,0,1,0,0,1,0
3129,19,50,0,0,1,0,0,1,164.68421052631578,0,1,0,0,1,0
3359,13,50,0,0,1,0,0,1,258.38461538461536,0,1,0,0,1,0
3314,13,50,0,0,1,0,0,1,254.92307692307693,0,1,0,0,1,0
2544,20,50,0,0,1,0,0,1,127.2,0,1,0,0,1,0
5689,20,50,0,0,1,0,0,1,284.45,0,1,0,0,1,0
3232,10,50,0,0,1,0,0,1,323.2,0,1,0,0,1,0
1522,12,50,0,0,1,0,0,1,126.83333333333333,0,1,0,0,1,0
2066,12,50,0,0,1,0,0,1,172.16666666666666,0,1,0,0,1,0
2672,20,50,0,0,1,0,0,1,133.6,0,1,0,0,1,0
8274,13,50,0,0,1,0,0,1,636.4615384615385,0,1,0,0,1,0
2684,13,50,0,0,1,0,0,1,206.46153846153845,0,1,0,0,1,0
1586,11,50,0,0,1,0,0,1,144.1818181818182,0,1,0,0,1,0
5997,16,65,0,0,0,1,0,0,374.8125,0,1,0,0,0,1
6962,9,65,0,0,0,1,0,0,773.5555555555555,0,1,0,0,0,1
2641,8,65,0,0,0,1,0,0,330.125,0,1,0,0,0,1
5464,13,65,0,0,0,1,0,0,420.3076923076923,0,1,0,0,0,1
5898,9,65,0,0,0,1,0,0,655.3333333333334,0,1,0,0,0,1
8527,17,65,0,0,0,1,0,0,501.5882352941176,0,1,0,0,0,1
4275,13,65,0,0,0,1,0,0,328.84615384615387,0,1,0,0,0,1
5081,15,65,0,0,0,1,0,0,338.73333333333335,0,1,0,0,0,1
6205,11,65,0,0,0,1,0,0,564.0909090909091,0,1,0,0,0,1
5214,10,65,0,0,0,1,0,0,521.4,0,1,0,0,0,1
4793,10,19,0,0,0,0,0,0,479.3,0,1,1,0,0,0
6935,18,19,0,0,0,0,0,0,385.27777777777777,0,1,1,0,0,0
6317,19,19,0,0,0,0,0,0,332.4736842105263,0,1,1,0,0,0
2198,6,19,0,0,0,0,0,0,366.3333333333333,0,1,1,0,0,0
2463,9,19,0,0,0,0,0,0,273.6666666666667,0,1,1,0,0,0
4851,20,19,0,0,0,0,0,0,242.55,0,1,1,0,0,0
6061,11,19,0,0,0,0,0,0,551.0,0,1,1,0,0,0
6033,18,19,0,0,0,0,0,0,335.1666666666667,0,1,1,0,0,0
6413,10,19,0,0,0,0,0,0,641.3,0,1,1,0,0,0
6683,17,19,0,0,0,0,0,0,393.11764705882354,0,1,1,0,0,0
4025,11,19,0,0,0,0,0,0,365.90909090909093,0,1,1,0,0,0
3799,13,62,1,1,0,1,0,1,292.2307692307692,0,1,0,0,1,0
3109,17,62,1,1,0,1,0,1,182.88235294117646,0,1,0,0,1,0
5041,12,62,1,1,0,1,0,1,420.0833333333333,0,1,0,0,1,0
3536,14,62,1,1,0,1,0,1,252.57142857142858,0,1,0,0,1,0
7719,11,62,1,1,0,1,0,1,701.7272727272727,0,1,0,0,1,0
3965,8,62,1,1,0,1,0,1,495.625,0,1,0,0,1,0
3900,12,62,1,1,0,1,0,1,325.0,0,1,0,0,1,0
6347,14,62,1,1,0,1,0,1,453.35714285714283,0,1,0,0,1,0
4156,13,62,1,1,0,1,0,1,319.6923076923077,0,1,0,0,1,0
4820,12,62,1,1,0,1,0,1,401.6666666666667,0,1,0,0,1,0
4596,9,62,1,1,0,1,0,1,510.6666666666667,0,1,0,0,1,0
3655,19,85,1,0,1,1,0,1,192.3684210526316,0,1,0,0,0,1
1812,6,85,1,0,1,1,0,1,302.0,0,1,0,0,0,1
4183,15,85,1,0,1,1,0,1,278.8666666666667,0,1,0,0,0,1
3394,14,85,1,0,1,1,0,1,242.42857142857142,0,1,0,0,0,1
2179,13,85,1,0,1,1,0,1,167.6153846153846,0,1,0,0,0,1
1565,9,85,1,0,1,1,0,1,173.88888888888889,0,1,0,0,0,1
2689,14,85,1,0,1,1,0,1,192.07142857142858,0,1,0,0,0,1
3495,14,85,1,0,1,1,0,1,249.64285714285714,0,1,0,0,0,1
4013,10,85,1,0,1,1,0,1,401.3,0,1,0,0,0,1
4531,13,85,1,0,1,1,0,1,348.53846153846155,0,1,0,0,0,1
2094,16,85,1,0,1,1,0,1,130.875,0,1,0,0,0,1
2157,14,85,1,0,1,1,0,1,154.07142857142858,0,1,0,0,0,1
5577,12,31,0,0,0,0,0,0,464.75,0,1,0,1,0,0
4394,10,31,0,0,0,0,0,0,439.4,0,1,0,1,0,0
6862,10,31,0,0,0,0,0,0,686.2,0,1,0,1,0,0
5708,16,31,0,0,0,0,0,0,356.75,0,1,0,1,0,0
6930,13,31,0,0,0,0,0,0,533.0769230769231,0,1,0,1,0,0
7294,12,31,0,0,0,0,0,0,607.8333333333334,0,1,0,1,0,0
5869,12,31,0,0,0,0,0,0,489.0833333333333,0,1,0,1,0,0
7033,7,31,0,0,0,0,0,0,1004.7142857142857,0,1,0,1,0,0
3611,8,31,0,0,0,0,0,0,451.375,0,1,0,1,0,0
6669,16,31,0,0,0,0,0,0,416.8125,0,1,0,1,0,0
3965,14,31,0,0,0,0,0,0,283.2142857142857,0,1,0,1,0,0
5247,19,31,0,0,0,0,0,0,276.1578947368421,0,1,0,1,0,0
6220,18,80,0,0,0,1,0,0,345.55555555555554,0,1,0,0,0,1
2755,12,80,0,0,0,1,0,0,229.58333333333334,0,1,0,0,0,1
2874,11,80,0,0,0,1,0,0,261.27272727272725,0,1,0,0,0,1
3762,10,80,0,0,0,1,0,0,376.2,0,1,0,0,0,1
4085,9,80,0,0,0,1,0,0,453.8888888888889,0,1,0,0,0,1
3896,15,80,0,0,0,1,0,0,259.73333333333335,0,1,0,0,0,1
7833,20,80,0,0,0,1,0,0,391.65,0,1,0,0,0,1
3036,15,80,0,0,0,1,0,0,202.4,0,1,0,0,0,1
4682,8,80,0,0,0,1,0,0,585.25,0,1,0,0,0,1
6423,16,80,0,0,0,1,0,0,401.4375,0,1,0,0,0,1
4765,20,80,0,0,0,1,0,0,238.25,0,1,0,0,0,1
4187,16,80,0,0,0,1,0,0,261.6875,0,1,0,0,0,1
6761,21,70,0,0,1,0,0,1,321.95238095238096,0,1,0,0,0,1
8169,15,70,0,0,1,0,0,1,544.6,0,1,0,0,0,1
2617,12,70,0,0,1,0,0,1,218.08333333333334,0,1,0,0,0,1
4254,5,70,0,0,1,0,0,1,850.8,0,1,0,0,0,1
8343,19,70,0,0,1,0,0,1,439.10526315789474,0,1,0,0,0,1
1881,4,65,0,1,0,0,0,1,470.25,0,1,0,0,0,1
3958,12,65,0,1,0,0,0,1,329.8333333333333,0,1,0,0,0,1
4577,12,65,0,1,0,0,0,1,381.4166666666667,0,1,0,0,0,1
3211,11,65,0,1,0,0,0,1,291.90909090909093,0,1,0,0,0,1
5980,12,65,0,1,0,0,0,1,498.3333333333333,0,1,0,0,0,1
4809,12,65,0,1,0,0,0,1,400.75,0,1,0,0,0,1
5966,15,65,0,1,0,0,0,1,397.73333333333335,0,1,0,0,0,1
4644,8,65,0,1,0,0,0,1,580.5,0,1,0,0,0,1
4000,13,65,0,1,0,0,0,1,307.6923076923077,0,1,0,0,0,1
3782,20,65,0,1,0,0,0,1,189.1,0,1,0,0,0,1
4127,12,65,0,1,0,0,0,1,343.9166666666667,0,1,0,0,0,1
7248,16,78,1,0,0,0,0,0,453.0,0,1,0,0,0,1
5018,10,78,1,0,0,0,0,0,501.8,0,1,0,0,0,1
6171,11,78,1,0,0,0,0,0,561.0,0,1,0,0,0,1
8796,18,78,1,0,0,0,0,0,488.6666666666667,0,1,0,0,0,1
7171,8,78,1,0,0,0,0,0,896.375,0,1,0,0,0,1
7203,11,78,1,0,0,0,0,0,654.8181818181819,0,1,0,0,0,1
5114,8,78,1,0,0,0,0,0,639.25,0,1,0,0,0,1
4660,13,78,1,0,0,0,0,0,358.46153846153845,0,1,0,0,0,1
6658,9,78,1,0,0,0,0,0,739.7777777777778,0,1,0,0,0,1
7841,13,78,1,0,0,0,0,0,603.1538461538462,0,1,0,0,0,1
4710,15,23,1,0,0,0,0,0,314.0,0,1,1,0,0,0
3542,11,23,1,0,0,0,0,0,322.0,0,1,1,0,0,0
8682,14,23,1,0,0,0,0,0,620.1428571428571,0,1,1,0,0,0
5460,7,23,1,0,0,0,0,0,780.0,0,1,1,0,0,0
8643,12,23,1,0,0,0,0,0,720.25,0,1,1,0,0,0
7412,6,23,1,0,0,0,0,0,1235.3333333333333,0,1,1,0,0,0
7675,13,41,1,0,0,0,0,0,590.3846153846154,0,1,0,1,0,0
7852,19,41,1,0,0,0,0,0,413.2631578947368,0,1,0,1,0,0
5922,10,41,1,0,0,0,0,0,592.2,0,1,0,1,0,0
5163,18,41,1,0,0,0,0,0,286.8333333333333,0,1,0,1,0,0
7764,12,41,1,0,0,0,0,0,647.0,0,1,0,1,0,0
6860,11,41,1,0,0,0,0,0,623.6363636363636,0,1,0,1,0,0
5261,9,41,1,0,0,0,0,0,584.5555555555555,0,1,0,1,0,0
6509,10,41,1,0,0,0,0,0,650.9,0,1,0,1,0,0
3948,10,41,1,0,0,0,0,0,394.8,0,1,0,1,0,0
6105,12,41,1,0,0,0,0,0,508.75,0,1,0,1,0,0
5792,14,41,1,0,0,0,0,0,413.7142857142857,0,1,0,1,0,0
6510,12,40,1,0,0,1,1,0,542.5,0,1,0,1,0,0
6279,12,40,1,0,0,1,1,0,523.25,0,1,0,1,0,0
5327,9,40,1,0,0,1,1,0,591.8888888888889,0,1,0,1,0,0
5203,10,40,1,0,0,1,1,0,520.3,0,1,0,1,0,0
7421,10,40,1,0,0,1,1,0,742.1,0,1,0,1,0,0
6046,17,40,1,0,0,1,1,0,355.6470588235294,0,1,0,1,0,0
3499,12,40,1,0,0,1,1,0,291.5833333333333,0,1,0,1,0,0
5599,10,40,1,0,0,1,1,0,559.9,0,1,0,1,0,0
8248,16,40,1,0,0,1,1,0,515.5,0,1,0,1,0,0
2197,10,40,1,0,0,1,1,0,219.7,0,1,0,1,0,0
5492,13,40,1,0,0,1,1,0,422.46153846153845,0,1,0,1,0,0
5472,15,40,1,0,0,1,1,0,364.8,0,1,0,1,0,0
1557,10,79,0,0,0,1,0,0,155.7,0,1,0,0,0,1
1513,13,79,0,0,0,1,0,0,116.38461538461539,0,1,0,0,0,1
2708,17,79,0,0,0,1,0,0,159.2941176470588,0,1,0,0,0,1
1233,10,79,0,0,0,1,0,0,123.3,0,1,0,0,0,1
1976,12,79,0,0,0,1,0,0,164.66666666666666,0,1,0,0,0,1
1856,11,79,0,0,0,1,0,0,168.72727272727272,0,1,0,0,0,1
2285,15,79,0,0,0,1,0,0,152.33333333333334,0,1,0,0,0,1
1939,11,79,0,0,0,1,0,0,176.27272727272728,0,1,0,0,0,1
3249,13,79,0,0,0,1,0,0,249.92307692307693,0,1,0,0,0,1
2453,12,79,0,0,0,1,0,0,204.41666666666666,0,1,0,0,0,1
3423,21,79,0,0,0,1,0,0,163.0,0,1,0,0,0,1
4729,16,79,0,0,0,1,0,0,295.5625,0,1,0,0,0,1
5041,11,76,1,1,1,0,0,1,458.27272727272725,0,1,0,0,0,1
7629,12,76,1,1,1,0,0,1,635.75,0,1,0,0,0,1
8707,8,76,1,1,1,0,0,1,1088.375,0,1,0,0,0,1
4056,10,36,1,1,0,1,0,1,405.6,0,1,0,1,0,0
6292,18,36,1,1,0,1,0,1,349.55555555555554,0,1,0,1,0,0
8079,13,36,1,1,0,1,0,1,621.4615384615385,0,1,0,1,0,0
4274,14,36,1,1,0,1,0,1,305.2857142857143,0,1,0,1,0,0
8996,8,36,1,1,0,1,0,1,1124.5,0,1,0,1,0,0
8592,12,36,1,1,0,1,0,1,716.0,0,1,0,1,0,0
5070,19,36,1,1,0,1,0,1,266.8421052631579,0,1,0,1,0,0
7343,11,36,1,1,0,1,0,1,667.5454545454545,0,1,0,1,0,0
5031,13,68,1,0,0,1,0,0,387.0,0,1,0,0,0,1
7775,7,68,1,0,0,1,0,0,1110.7142857142858,0,1,0,0,0,1
7926,9,68,1,0,0,1,0,0,880.6666666666666,0,1,0,0,0,1
8870,20,68,1,0,0,1,0,0,443.5,0,1,0,0,0,1
5733,8,24,0,0,0,0,0,0,716.625,0,1,1,0,0,0
4667,17,24,0,0,0,0,0,0,274.52941176470586,0,1,1,0,0,0
6493,10,24,0,0,0,0,0,0,649.3,0,1,1,0,0,0
7224,20,24,0,0,0,0,0,0,361.2,0,1,1,0,0,0
5386,17,24,0,0,0,0,0,0,316.8235294117647,0,1,1,0,0,0
7512,14,24,0,0,0,0,0,0,536.5714285714286,0,1,1,0,0,0
6139,11,24,0,0,0,0,0,0,558.0909090909091,0,1,1,0,0,0
4540,8,24,0,0,0,0,0,0,567.5,0,1,1,0,0,0
4595,11,30,0,1,0,0,0,1,417.72727272727275,0,1,0,1,0,0
4953,10,30,0,1,0,0,0,1,495.3,0,1,0,1,0,0
4583,7,30,0,1,0,0,0,1,654.7142857142857,0,1,0,1,0,0
1489,7,30,0,1,0,0,0,1,212.71428571428572,0,1,0,1,0,0
4314,8,30,0,1,0,0,0,1,539.25,0,1,0,1,0,0
5639,18,30,0,1,0,0,0,1,313.27777777777777,0,1,0,1,0,0
5394,13,30,0,1,0,0,0,1,414.9230769230769,0,1,0,1,0,0
5164,13,30,0,1,0,0,0,1,397.2307692307692,0,1,0,1,0,0
2260,11,30,0,1,0,0,0,1,205.45454545454547,0,1,0,1,0,0
7083,6,30,0,1,0,0,0,1,1180.5,0,1,0,1,0,0
2692,11,30,0,1,0,0,0,1,244.72727272727272,0,1,0,1,0,0
6082,14,84,0,1,0,0,0,1,434.42857142857144,0,1,0,0,0,1
6154,12,84,0,1,0,0,0,1,512.8333333333334,0,1,0,0,0,1
5553,15,84,0,1,0,0,0,1,370.2,0,1,0,0,0,1
5447,14,84,0,1,0,0,0,1,389.07142857142856,0,1,0,0,0,1
6373,10,84,0,1,0,0,0,1,637.3,0,1,0,0,0,1
4799,17,84,0,1,0,0,0,1,282.29411764705884,0,1,0,0,0,1
6853,14,84,0,1,0,0,0,1,489.5,0,1,0,0,0,1
7274,15,84,0,1,0,0,0,1,484.93333333333334,0,1,0,0,0,1
6498,15,84,0,1,0,0,0,1,433.2,0,1,0,0,0,1
5341,14,84,0,1,0,0,0,1,381.5,0,1,0,0,0,1
6821,21,84,0,1,0,0,0,1,324.8095238095238,0,1,0,0,0,1
3271,8,68,1,0,0,0,1,0,408.875,0,1,0,0,0,1
8145,8,68,1,0,0,0,1,0,1018.125,0,1,0,0,0,1
8347,19,68,1,0,0,0,1,0,439.3157894736842,0,1,0,0,0,1
7799,16,68,1,0,0,0,1,0,487.4375,0,1,0,0,0,1
8343,22,68,1,0,0,0,1,0,379.22727272727275,0,1,0,0,0,1
5283,17,68,1,0,0,0,1,0,310.7647058823529,0,1,0,0,0,1
8136,11,68,1,0,0,0,1,0,739.6363636363636,0,1,0,0,0,1
6311,8,68,1,0,0,0,1,0,788.875,0,1,0,0,0,1
8290,11,68,1,0,0,0,1,0,753.6363636363636,0,1,0,0,0,1
8950,12,68,1,0,0,0,1,0,745.8333333333334,0,1,0,0,0,1
7611,14,68,1,0,0,0,1,0,543.6428571428571,0,1,0,0,0,1
5949,16,68,1,0,0,0,1,0,371.8125,0,1,0,0,0,1
5635,11,67,0,0,0,0,0,0,512.2727272727273,0,1,0,0,0,1
5702,10,67,0,0,0,0,0,0,570.2,0,1,0,0,0,1
8134,13,67,0,0,0,0,0,0,625.6923076923077,0,1,0,0,0,1
6573,19,67,0,0,0,0,0,0,345.94736842105266,0,1,0,0,0,1
4358,10,67,0,0,0,0,0,0,435.8,0,1,0,0,0,1
5706,12,67,0,0,0,0,0,0,475.5,0,1,0,0,0,1
2983,8,67,0,0,0,0,0,0,372.875,0,1,0,0,0,1
1266,8,67,0,0,0,0,0,0,158.25,0,1,0,0,0,1
7356,13,67,0,0,0,0,0,0,565.8461538461538,0,1,0,0,0,1
7685,16,67,0,0,0,0,0,0,480.3125,0,1,0,0,0,1
6675,13,32,0,0,0,0,0,0,513.4615384615385,0,1,0,1,0,0
6083,13,32,0,0,0,0,0,0,467.9230769230769,0,1,0,1,0,0
6111,10,32,0,0,0,0,0,0,611.1,0,1,0,1,0,0
5678,30,32,0,0,0,0,0,0,189.26666666666668,0,1,0,1,0,0
8190,6,32,0,0,0,0,0,0,1365.0,0,1,0,1,0,0
4999,10,32,0,0,0,0,0,0,499.9,0,1,0,1,0,0
7659,13,32,0,0,0,0,0,0,589.1538461538462,0,1,0,1,0,0
8876,18,32,0,0,0,0,0,0,493.1111111111111,0,1,0,1,0,0
5442,10,32,0,0,0,0,0,0,544.2,0,1,0,1,0,0
5396,9,32,0,0,0,0,0,0,599.5555555555555,0,1,0,1,0,0
7665,11,32,0,0,0,0,0,0,696.8181818181819,0,1,0,1,0,0
4763,10,68,1,0,0,1,0,0,476.3,0,1,0,0,0,1
5915,14,68,1,0,0,1,0,0,422.5,0,1,0,0,0,1
3708,14,68,1,0,0,1,0,0,264.85714285714283,0,1,0,0,0,1
6713,17,68,1,0,0,1,0,0,394.88235294117646,0,1,0,0,0,1
4036,16,68,1,0,0,1,0,0,252.25,0,1,0,0,0,1
6023,12,68,1,0,0,1,0,0,501.9166666666667,0,1,0,0,0,1
7616,12,68,1,0,0,1,0,0,634.6666666666666,0,1,0,0,0,1
4822,14,68,1,0,0,1,0,0,344.42857142857144,0,1,0,0,0,1
5329,12,68,1,0,0,1,0,0,444.0833333333333,0,1,0,0,0,1
8901,14,68,1,0,0,1,0,0,635.7857142857143,0,1,0,0,0,1
5858,17,68,1,0,0,1,0,0,344.5882352941176,0,1,0,0,0,1
5119,12,68,1,0,0,1,0,0,426.5833333333333,0,1,0,0,0,1
5908,12,18,1,0,0,0,0,0,492.3333333333333,0,1,1,0,0,0
6266,15,18,1,0,0,0,0,0,417.73333333333335,0,1,1,0,0,0
3754,12,18,1,0,0,0,0,0,312.8333333333333,0,1,1,0,0,0
7140,14,18,1,0,0,0,0,0,510.0,0,1,1,0,0,0
8976,13,18,1,0,0,0,0,0,690.4615384615385,0,1,1,0,0,0
6027,9,18,1,0,0,0,0,0,669.6666666666666,0,1,1,0,0,0
8329,12,18,1,0,0,0,0,0,694.0833333333334,0,1,1,0,0,0
5359,17,18,1,0,0,0,0,0,315.2352941176471,0,1,1,0,0,0
5450,6,18,1,0,0,0,0,0,908.3333333333334,0,1,1,0,0,0
5915,9,18,1,0,0,0,0,0,657.2222222222222,0,1,1,0,0,0
3760,11,63,0,1,0,0,1,1,341.8181818181818,0,1,0,0,1,0
5386,10,63,0,1,0,0,1,1,538.6,0,1,0,0,1,0
7235,14,63,0,1,0,0,1,1,516.7857142857143,0,1,0,0,1,0
3678,13,63,0,1,0,0,1,1,282.9230769230769,0,1,0,0,1,0
6151,15,63,0,1,0,0,1,1,410.06666666666666,0,1,0,0,1,0
7625,14,63,0,1,0,0,1,1,544.6428571428571,0,1,0,0,1,0
3156,14,63,0,1,0,0,1,1,225.42857142857142,0,1,0,0,1,0
6828,13,63,0,1,0,0,1,1,525.2307692307693,0,1,0,0,1,0
6035,11,63,0,1,0,0,1,1,548.6363636363636,0,1,0,0,1,0
4368,7,63,0,1,0,0,1,1,624.0,0,1,0,0,1,0
8135,10,63,0,1,0,0,1,1,813.5,0,1,0,0,1,0
4879,18,57,0,0,0,0,0,0,271.05555555555554,0,1,0,0,1,0
2776,9,57,0,0,0,0,0,0,308.44444444444446,0,1,0,0,1,0
5026,8,57,0,0,0,0,0,0,628.25,0,1,0,0,1,0
4064,13,57,0,0,0,0,0,0,312.61538461538464,0,1,0,0,1,0
1027,8,57,0,0,0,0,0,0,128.375,0,1,0,0,1,0
3295,15,57,0,0,0,0,0,0,219.66666666666666,0,1,0,0,1,0
2781,17,57,0,0,0,0,0,0,163.58823529411765,0,1,0,0,1,0
5299,11,57,0,0,0,0,0,0,481.72727272727275,0,1,0,0,1,0
4837,11,57,0,0,0,0,0,0,439.72727272727275,0,1,0,0,1,0
4417,11,57,0,0,0,0,0,0,401.54545454545456,0,1,0,0,1,0
2823,11,57,0,0,0,0,0,0,256.6363636363636,0,1,0,0,1,0
7001,9,57,0,0,0,0,0,0,777.8888888888889,0,1,0,0,1,0
7092,9,38,1,0,0,0,0,0,788.0,0,1,0,1,0,0
6481,8,38,1,0,0,0,0,0,810.125,0,1,0,1,0,0
6871,11,38,1,0,0,0,0,0,624.6363636363636,0,1,0,1,0,0
5750,9,24,1,0,1,0,0,1,638.8888888888889,0,1,1,0,0,0
2879,18,70,1,0,0,1,0,0,159.94444444444446,0,1,0,0,0,1
5195,17,70,1,0,0,1,0,0,305.5882352941176,0,1,0,0,0,1
5666,10,70,1,0,0,1,0,0,566.6,0,1,0,0,0,1
5928,13,70,1,0,0,1,0,0,456.0,0,1,0,0,0,1
4415,9,70,1,0,0,1,0,0,490.55555555555554,0,1,0,0,0,1
5393,19,70,1,0,0,1,0,0,283.8421052631579,0,1,0,0,0,1
3163,16,70,1,0,0,1,0,0,197.6875,0,1,0,0,0,1
7982,7,70,1,0,0,1,0,0,1140.2857142857142,0,1,0,0,0,1
2494,12,70,1,0,0,1,0,0,207.83333333333334,0,1,0,0,0,1
5065,13,70,1,0,0,1,0,0,389.61538461538464,0,1,0,0,0,1
4653,15,70,1,0,0,1,0,0,310.2,0,1,0,0,0,1
7015,14,70,1,0,0,1,0,0,501.07142857142856,0,1,0,0,0,1
2838,10,85,0,0,0,1,0,0,283.8,0,1,0,0,0,1
8165,8,85,0,0,0,1,0,0,1020.625,0,1,0,0,0,1
8958,12,85,0,0,0,1,0,0,746.5,0,1,0,0,0,1
6405,11,61,0,1,0,0,0,1,582.2727272727273,0,1,0,0,1,0
2637,16,61,0,1,0,0,0,1,164.8125,0,1,0,0,1,0
6799,16,61,0,1,0,0,0,1,424.9375,0,1,0,0,1,0
6385,15,61,0,1,0,0,0,1,425.6666666666667,0,1,0,0,1,0
4653,21,61,0,1,0,0,0,1,221.57142857142858,0,1,0,0,1,0
4563,9,61,0,1,0,0,0,1,507.0,0,1,0,0,1,0
8148,11,61,0,1,0,0,0,1,740.7272727272727,0,1,0,0,1,0
5619,13,61,0,1,0,0,0,1,432.2307692307692,0,1,0,0,1,0
5376,5,61,0,1,0,0,0,1,1075.2,0,1,0,0,1,0
4709,11,61,0,1,0,0,0,1,428.09090909090907,0,1,0,0,1,0
679,9,61,0,1,0,0,0,1,75.44444444444444,0,1,0,0,1,0
3998,10,61,0,1,0,0,0,1,399.8,0,1,0,0,1,0
6418,9,68,0,0,0,0,0,0,713.1111111111111,0,1,0,0,0,1
6828,13,68,0,0,0,0,0,0,525.2307692307693,0,1,0,0,0,1
4238,8,68,0,0,0,0,0,0,529.75,0,1,0,0,0,1
7029,13,68,0,0,0,0,0,0,540.6923076923077,0,1,0,0,0,1
1685,7,68,0,0,0,0,0,0,240.71428571428572,0,1,0,0,0,1
5634,10,68,0,0,0,0,0,0,563.4,0,1,0,0,0,1
6056,7,47,1,0,0,0,0,0,865.1428571428571,0,1,0,0,1,0
7377,15,47,1,0,0,0,0,0,491.8,0,1,0,0,1,0
3338,7,41,0,0,0,0,1,0,476.85714285714283,0,1,0,1,0,0
2025,20,41,0,0,0,0,1,0,101.25,0,1,0,1,0,0
1936,12,41,0,0,0,0,1,0,161.33333333333334,0,1,0,1,0,0
1859,20,41,0,0,0,0,1,0,92.95,0,1,0,1,0,0
1231,9,41,0,0,0,0,1,0,136.77777777777777,0,1,0,1,0,0
6814,12,41,0,0,0,0,1,0,567.8333333333334,0,1,0,1,0,0
5134,10,41,0,0,0,0,1,0,513.4,0,1,0,1,0,0
1907,10,41,0,0,0,0,1,0,190.7,0,1,0,1,0,0
1352,8,41,0,0,0,0,1,0,169.0,0,1,0,1,0,0
2306,16,41,0,0,0,0,1,0,144.125,0,1,0,1,0,0
1526,8,41,0,0,0,0,1,0,190.75,0,1,0,1,0,0
1620,12,41,0,0,0,0,1,0,135.0,0,1,0,1,0,0
1571,12,82,0,0,0,0,0,0,130.91666666666666,0,1,0,0,0,1
1407,12,82,0,0,0,0,0,0,117.25,0,1,0,0,0,1
1594,12,82,0,0,0,0,0,0,132.83333333333334,0,1,0,0,0,1
515,10,82,0,0,0,0,0,0,51.5,0,1,0,0,0,1
1588,10,82,0,0,0,0,0,0,158.8,0,1,0,0,0,1
2808,15,82,0,0,0,0,0,0,187.2,0,1,0,0,0,1
1757,14,82,0,0,0,0,0,0,125.5,0,1,0,0,0,1
3625,8,82,0,0,0,0,0,0,453.125,0,1,0,0,0,1
5861,16,82,0,0,0,0,0,0,366.3125,0,1,0,0,0,1
1868,14,82,0,0,0,0,0,0,133.42857142857142,0,1,0,0,0,1
2019,9,82,0,0,0,0,0,0,224.33333333333334,0,1,0,0,0,1
3065,15,82,0,0,0,0,0,0,204.33333333333334,0,1,0,0,0,1
3331,13,30,1,0,0,1,0,0,256.2307692307692,0,1,0,1,0,0
3302,12,30,1,0,0,1,0,0,275.1666666666667,0,1,0,1,0,0
6949,17,30,1,0,0,1,0,0,408.7647058823529,0,1,0,1,0,0
6385,17,30,1,0,0,1,0,0,375.5882352941176,0,1,0,1,0,0
5603,14,30,1,0,0,1,0,0,400.2142857142857,0,1,0,1,0,0
4833,14,30,1,0,0,1,0,0,345.2142857142857,0,1,0,1,0,0
7298,8,30,1,0,0,1,0,0,912.25,0,1,0,1,0,0
5709,15,30,1,0,0,1,0,0,380.6,0,1,0,1,0,0
5182,18,30,1,0,0,1,0,0,287.8888888888889,0,1,0,1,0,0
3184,12,30,1,0,0,1,0,0,265.3333333333333,0,1,0,1,0,0
2814,12,30,1,0,0,1,0,0,234.5,0,1,0,1,0,0
3169,11,30,1,0,0,1,0,0,288.09090909090907,0,1,0,1,0,0
1524,12,34,0,0,0,1,0,0,127.0,0,1,0,1,0,0
2867,13,34,0,0,0,1,0,0,220.53846153846155,0,1,0,1,0,0
2765,18,34,0,0,0,1,0,0,153.61111111111111,0,1,0,1,0,0
2309,13,34,0,0,0,1,0,0,177.6153846153846,0,1,0,1,0,0
2266,10,34,0,0,0,1,0,0,226.6,0,1,0,1,0,0
1743,10,34,0,0,0,1,0,0,174.3,0,1,0,1,0,0
1174,15,34,0,0,0,1,0,0,78.26666666666667,0,1,0,1,0,0
1347,11,34,0,0,0,1,0,0,122.45454545454545,0,1,0,1,0,0
2069,12,34,0,0,0,1,0,0,172.41666666666666,0,1,0,1,0,0
1339,11,34,0,0,0,1,0,0,121.72727272727273,0,1,0,1,0,0
1857,11,34,0,0,0,1,0,0,168.8181818181818,0,1,0,1,0,0
1793,14,34,0,0,0,1,0,0,128.07142857142858,0,1,0,1,0,0
8561,17,22,1,0,0,0,0,0,503.5882352941176,0,1,1,0,0,0
7372,9,22,1,0,0,0,0,0,819.1111111111111,0,1,1,0,0,0
8784,14,22,1,0,0,0,0,0,627.4285714285714,0,1,1,0,0,0
7506,11,22,1,0,0,0,0,0,682.3636363636364,0,1,1,0,0,0
4557,10,22,1,0,0,0,0,0,455.7,0,1,1,0,0,0
4400,12,22,1,0,0,0,0,0,366.6666666666667,0,1,1,0,0,0
6385,11,22,1,0,0,0,0,0,580.4545454545455,0,1,1,0,0,0
4698,11,22,1,0,0,0,0,0,427.09090909090907,0,1,1,0,0,0
6143,11,22,1,0,0,0,0,0,558.4545454545455,0,1,1,0,0,0
6094,13,22,1,0,0,0,0,0,468.7692307692308,0,1,1,0,0,0
3816,11,22,0,0,0,1,1,0,346.90909090909093,0,1,1,0,0,0
3994,10,22,0,0,0,1,1,0,399.4,0,1,1,0,0,0
5835,11,22,0,0,0,1,1,0,530.4545454545455,0,1,1,0,0,0
6920,26,22,0,0,0,1,1,0,266.15384615384613,0,1,1,0,0,0
3510,15,22,0,0,0,1,1,0,234.0,0,1,1,0,0,0
1773,9,22,0,0,0,1,1,0,197.0,0,1,1,0,0,0
3650,18,22,0,0,0,1,1,0,202.77777777777777,0,1,1,0,0,0
4820,13,22,0,0,0,1,1,0,370.7692307692308,0,1,1,0,0,0
4494,8,22,0,0,0,1,1,0,561.75,0,1,1,0,0,0
3192,6,22,0,0,0,1,1,0,532.0,0,1,1,0,0,0
8771,18,22,0,0,0,1,1,0,487.27777777777777,0,1,1,0,0,0
4707,16,22,0,0,0,1,1,0,294.1875,0,1,1,0,0,0
3757,12,53,1,0,0,1,0,0,313.0833333333333,0,1,0,0,1,0
7510,14,53,1,0,0,1,0,0,536.4285714285714,0,1,0,0,1,0
6578,14,53,1,0,0,1,0,0,469.85714285714283,0,1,0,0,1,0
4569,11,53,1,0,0,1,0,0,415.3636363636364,0,1,0,0,1,0
7233,16,53,1,0,0,1,0,0,452.0625,0,1,0,0,1,0
5550,16,53,1,0,0,1,0,0,346.875,0,1,0,0,1,0
5541,11,53,1,0,0,1,0,0,503.72727272727275,0,1,0,0,1,0
6614,12,53,1,0,0,1,0,0,551.1666666666666,0,1,0,0,1,0
6339,10,53,1,0,0,1,0,0,633.9,0,1,0,0,1,0
6449,14,53,1,0,0,1,0,0,460.64285714285717,0,1,0,0,1,0
7485,10,62,0,0,1,0,0,1,748.5,0,1,0,0,1,0
7209,6,62,0,0,1,0,0,1,1201.5,0,1,0,0,1,0
8439,10,62,0,0,1,0,0,1,843.9,0,1,0,0,1,0
5485,13,26,0,0,0,0,0,0,421.9230769230769,0,1,0,1,0,0
4194,10,26,0,0,0,0,0,0,419.4,0,1,0,1,0,0
8618,10,26,0,0,0,0,0,0,861.8,0,1,0,1,0,0
6384,10,26,0,0,0,0,0,0,638.4,0,1,0,1,0,0
8563,14,26,0,0,0,0,0,0,611.6428571428571,0,1,0,1,0,0
6017,9,26,0,0,0,0,0,0,668.5555555555555,0,1,0,1,0,0
7768,11,26,0,0,0,0,0,0,706.1818181818181,0,1,0,1,0,0
8430,14,26,0,0,0,0,0,0,602.1428571428571,0,1,0,1,0,0
7005,12,26,1,0,0,1,1,0,583.75,0,1,0,1,0,0
6390,13,26,1,0,0,1,1,0,491.53846153846155,0,1,0,1,0,0
1774,11,26,1,0,0,1,1,0,161.27272727272728,0,1,0,1,0,0
7619,16,26,1,0,0,1,1,0,476.1875,0,1,0,1,0,0
4514,7,26,1,0,0,1,1,0,644.8571428571429,0,1,0,1,0,0
4807,11,26,1,0,0,1,1,0,437.0,0,1,0,1,0,0
7735,15,26,1,0,0,1,1,0,515.6666666666666,0,1,0,1,0,0
7454,15,26,1,0,0,1,1,0,496.93333333333334,0,1,0,1,0,0
3802,10,26,1,0,0,1,1,0,380.2,0,1,0,1,0,0
5134,15,26,1,0,0,1,1,0,342.26666666666665,0,1,0,1,0,0
6629,11,26,1,0,0,1,1,0,602.6363636363636,0,1,0,1,0,0
5905,11,75,0,0,0,0,0,0,536.8181818181819,0,1,0,0,0,1
7632,15,75,0,0,0,0,0,0,508.8,0,1,0,0,0,1
5926,15,75,0,0,0,0,0,0,395.06666666666666,0,1,0,0,0,1
6613,10,75,0,0,0,0,0,0,661.3,0,1,0,0,0,1
4491,10,75,0,0,0,0,0,0,449.1,0,1,0,0,0,1
8781,16,75,0,0,0,0,0,0,548.8125,0,1,0,0,0,1
6533,14,75,0,0,0,0,0,0,466.64285714285717,0,1,0,0,0,1
8153,21,75,0,0,0,0,0,0,388.23809523809524,0,1,0,0,0,1
6855,16,79,1,0,0,1,0,0,428.4375,0,1,0,0,0,1
7948,17,79,1,0,0,1,0,0,467.52941176470586,0,1,0,0,0,1
7968,16,79,1,0,0,1,0,0,498.0,0,1,0,0,0,1
7392,8,79,1,0,0,1,0,0,924.0,0,1,0,0,0,1
4676,15,79,1,0,0,1,0,0,311.73333333333335,0,1,0,0,0,1
7881,22,79,1,0,0,1,0,0,358.22727272727275,0,1,0,0,0,1
6790,11,79,1,0,0,1,0,0,617.2727272727273,0,1,0,0,0,1
6462,13,79,1,0,0,1,0,0,497.0769230769231,0,1,0,0,0,1
5249,8,79,1,0,0,1,0,0,656.125,0,1,0,0,0,1
8990,10,50,1,0,0,0,0,0,899.0,0,1,0,0,1,0
8681,6,50,1,0,0,0,0,0,1446.8333333333333,0,1,0,0,1,0
4967,11,50,1,0,0,0,0,0,451.54545454545456,0,1,0,0,1,0
8330,10,50,1,0,0,0,0,0,833.0,0,1,0,0,1,0
2197,11,50,1,0,0,0,0,0,199.72727272727272,0,1,0,0,1,0
8465,14,50,1,0,0,0,0,0,604.6428571428571,0,1,0,0,1,0
7894,13,50,1,0,0,0,0,0,607.2307692307693,0,1,0,0,1,0
8972,11,41,1,0,0,0,0,0,815.6363636363636,0,1,0,1,0,0
8481,16,41,1,0,0,0,0,0,530.0625,0,1,0,1,0,0
5200,8,41,1,0,0,0,0,0,650.0,0,1,0,1,0,0
6734,12,41,1,0,0,0,0,0,561.1666666666666,0,1,0,1,0,0
6020,13,78,1,0,0,1,0,0,463.0769230769231,0,1,0,0,0,1
8136,9,78,1,0,0,1,0,0,904.0,0,1,0,0,0,1
8882,14,78,1,0,0,1,0,0,634.4285714285714,0,1,0,0,0,1
8251,12,78,1,0,0,1,0,0,687.5833333333334,0,1,0,0,0,1
8597,19,78,1,0,0,1,0,0,452.4736842105263,0,1,0,0,0,1
6817,8,78,1,0,0,1,0,0,852.125,0,1,0,0,0,1
6584,14,78,1,0,0,1,0,0,470.2857142857143,0,1,0,0,0,1
8016,20,78,1,0,0,1,0,0,400.8,0,1,0,0,0,1
8700,13,78,1,0,0,1,0,0,669.2307692307693,0,1,0,0,0,1
1760,11,56,1,0,0,1,1,0,160.0,0,1,0,0,1,0
1804,10,56,1,0,0,1,1,0,180.4,0,1,0,0,1,0
1627,10,56,1,0,0,1,1,0,162.7,0,1,0,0,1,0
965,12,56,1,0,0,1,1,0,80.41666666666667,0,1,0,0,1,0
2144,12,56,1,0,0,1,1,0,178.66666666666666,0,1,0,0,1,0
1787,5,56,1,0,0,1,1,0,357.4,0,1,0,0,1,0
2409,6,56,1,0,0,1,1,0,401.5,0,1,0,0,1,0
1745,9,56,1,0,0,1,1,0,193.88888888888889,0,1,0,0,1,0
2095,12,56,1,0,0,1,1,0,174.58333333333334,0,1,0,0,1,0
4953,21,56,1,0,0,1,1,0,235.85714285714286,0,1,0,0,1,0
1784,11,56,1,0,0,1,1,0,162.1818181818182,0,1,0,0,1,0
3717,15,56,1,0,0,1,1,0,247.8,0,1,0,0,1,0
5002,11,60,1,0,0,0,0,0,454.72727272727275,0,1,0,0,1,0
8829,13,60,1,0,0,0,0,0,679.1538461538462,0,1,0,0,1,0
8650,13,60,1,0,0,0,0,0,665.3846153846154,0,1,0,0,1,0
8485,17,60,1,0,0,0,0,0,499.11764705882354,0,1,0,0,1,0
6016,7,60,1,0,0,0,0,0,859.4285714285714,0,1,0,0,1,0
5292,10,60,1,0,0,0,0,0,529.2,0,1,0,0,1,0
6213,13,60,1,0,0,0,0,0,477.9230769230769,0,1,0,0,1,0
4361,13,48,1,0,0,0,0,0,335.46153846153845,0,1,0,0,1,0
7299,16,48,1,0,0,0,0,0,456.1875,0,1,0,0,1,0
3833,15,48,1,0,0,0,0,0,255.53333333333333,0,1,0,0,1,0
4778,7,48,1,0,0,0,0,0,682.5714285714286,0,1,0,0,1,0
4300,13,48,1,0,0,0,0,0,330.7692307692308,0,1,0,0,1,0
3301,11,48,1,0,0,0,0,0,300.09090909090907,0,1,0,0,1,0
6327,14,48,1,0,0,0,0,0,451.92857142857144,0,1,0,0,1,0
4344,16,48,1,0,0,0,0,0,271.5,0,1,0,0,1,0
3566,11,48,1,0,0,0,0,0,324.1818181818182,0,1,0,0,1,0
4614,18,48,1,0,0,0,0,0,256.3333333333333,0,1,0,0,1,0
5503,19,48,1,0,0,0,0,0,289.63157894736844,0,1,0,0,1,0
4797,21,48,1,0,0,0,0,0,228.42857142857142,0,1,0,0,1,0
6071,11,83,1,0,1,0,1,1,551.9090909090909,0,1,0,0,0,1
4431,12,83,1,0,1,0,1,1,369.25,0,1,0,0,0,1
4980,11,83,1,0,1,0,1,1,452.72727272727275,0,1,0,0,0,1
4265,8,83,1,0,1,0,1,1,533.125,0,1,0,0,0,1
3793,13,83,1,0,1,0,1,1,291.7692307692308,0,1,0,0,0,1
4323,9,83,1,0,1,0,1,1,480.3333333333333,0,1,0,0,0,1
3888,11,83,1,0,1,0,1,1,353.45454545454544,0,1,0,0,0,1
5450,16,83,1,0,1,0,1,1,340.625,0,1,0,0,0,1
5293,14,83,1,0,1,0,1,1,378.07142857142856,0,1,0,0,0,1
5469,8,83,1,0,1,0,1,1,683.625,0,1,0,0,0,1
3711,15,83,1,0,1,0,1,1,247.4,0,1,0,0,0,1
3412,16,83,1,0,1,0,1,1,213.25,0,1,0,0,0,1
5544,12,25,0,0,0,1,0,0,462.0,0,1,0,1,0,0
1837,7,25,0,0,0,1,0,0,262.42857142857144,0,1,0,1,0,0
5221,11,25,0,0,0,1,0,0,474.6363636363636,0,1,0,1,0,0
4960,15,25,0,0,0,1,0,0,330.6666666666667,0,1,0,1,0,0
2549,5,25,0,0,0,1,0,0,509.8,0,1,0,1,0,0
6921,20,25,0,0,0,1,0,0,346.05,0,1,0,1,0,0
4560,7,25,0,0,0,1,0,0,651.4285714285714,0,1,0,1,0,0
1358,8,25,0,0,0,1,0,0,169.75,0,1,0,1,0,0
4094,8,25,0,0,0,1,0,0,511.75,0,1,0,1,0,0
3572,11,25,0,0,0,1,0,0,324.72727272727275,0,1,0,1,0,0
4896,12,25,0,0,0,1,0,0,408.0,0,1,0,1,0,0
4549,13,40,1,0,0,0,0,0,349.9230769230769,0,1,0,1,0,0
1309,16,40,1,0,0,0,0,0,81.8125,0,1,0,1,0,0
1185,12,40,1,0,0,0,0,0,98.75,0,1,0,1,0,0
1063,8,40,1,0,0,0,0,0,132.875,0,1,0,1,0,0
1230,14,40,1,0,0,0,0,0,87.85714285714286,0,1,0,1,0,0
2827,18,40,1,0,0,0,0,0,157.05555555555554,0,1,0,1,0,0
1427,15,40,1,0,0,0,0,0,95.13333333333334,0,1,0,1,0,0
1963,20,40,1,0,0,0,0,0,98.15,0,1,0,1,0,0
8384,19,40,1,0,0,0,0,0,441.2631578947368,0,1,0,1,0,0
1652,17,40,1,0,0,0,0,0,97.17647058823529,0,1,0,1,0,0
1446,13,40,1,0,0,0,0,0,111.23076923076923,0,1,0,1,0,0
1361,13,40,1,0,0,0,0,0,104.6923076923077,0,1,0,1,0,0
3346,26,58,1,0,0,1,1,0,128.69230769230768,0,1,0,0,1,0
2879,17,58,1,0,0,1,1,0,169.35294117647058,0,1,0,0,1,0
4910,11,58,1,0,0,1,1,0,446.3636363636364,0,1,0,0,1,0
5372,15,58,1,0,0,1,1,0,358.1333333333333,0,1,0,0,1,0
4071,20,58,1,0,0,1,1,0,203.55,0,1,0,0,1,0
3822,15,58,1,0,0,1,1,0,254.8,0,1,0,0,1,0
2060,8,58,1,0,0,1,1,0,257.5,0,1,0,0,1,0
2558,10,58,1,0,0,1,1,0,255.8,0,1,0,0,1,0
3741,18,58,1,0,0,1,1,0,207.83333333333334,0,1,0,0,1,0
2924,15,58,1,0,0,1,1,0,194.93333333333334,0,1,0,0,1,0
3689,7,58,1,0,0,1,1,0,527.0,0,1,0,0,1,0
2595,18,58,1,0,0,1,1,0,144.16666666666666,0,1,0,0,1,0
4354,14,19,0,0,0,0,0,0,311.0,0,1,1,0,0,0
7282,17,19,0,0,0,0,0,0,428.3529411764706,0,1,1,0,0,0
1706,22,19,0,0,0,0,0,0,77.54545454545455,0,1,1,0,0,0
1089,11,19,0,0,0,0,0,0,99.0,0,1,1,0,0,0
2613,16,19,0,0,0,0,0,0,163.3125,0,1,1,0,0,0
2587,13,19,0,0,0,0,0,0,199.0,0,1,1,0,0,0
1801,12,19,0,0,0,0,0,0,150.08333333333334,0,1,1,0,0,0
2326,15,19,0,0,0,0,0,0,155.06666666666666,0,1,1,0,0,0
2417,21,19,0,0,0,0,0,0,115.0952380952381,0,1,1,0,0,0
3972,21,19,0,0,0,0,0,0,189.14285714285714,0,1,1,0,0,0
1036,10,19,0,0,0,0,0,0,103.6,0,1,1,0,0,0
1254,13,19,0,0,0,0,0,0,96.46153846153847,0,1,1,0,0,0
7505,7,38,1,0,0,0,0,0,1072.142857142857,0,1,0,1,0,0
2874,8,38,1,0,0,0,0,0,359.25,0,1,0,1,0,0
6334,11,38,1,0,0,0,0,0,575.8181818181819,0,1,0,1,0,0
5363,16,38,1,0,0,0,0,0,335.1875,0,1,0,1,0,0
7381,13,38,1,0,0,0,0,0,567.7692307692307,0,1,0,1,0,0
6667,17,38,1,0,0,0,0,0,392.1764705882353,0,1,0,1,0,0
7175,21,38,1,0,0,0,0,0,341.6666666666667,0,1,0,1,0,0
7881,9,38,1,0,0,0,0,0,875.6666666666666,0,1,0,1,0,0
5852,13,38,1,0,0,0,0,0,450.15384615384613,0,1,0,1,0,0
8589,15,38,1,0,0,0,0,0,572.6,0,1,0,1,0,0
6556,12,38,1,0,0,0,0,0,546.3333333333334,0,1,0,1,0,0
4405,9,38,1,0,0,0,0,0,489.44444444444446,0,1,0,1,0,0
1432,11,79,0,0,0,1,0,0,130.1818181818182,0,1,0,0,0,1
4597,16,79,0,0,0,1,0,0,287.3125,0,1,0,0,0,1
2077,15,79,0,0,0,1,0,0,138.46666666666667,0,1,0,0,0,1
4552,22,79,0,0,0,1,0,0,206.9090909090909,0,1,0,0,0,1
7857,16,79,0,0,0,1,0,0,491.0625,0,1,0,0,0,1
971,9,79,0,0,0,1,0,0,107.88888888888889,0,1,0,0,0,1
2527,15,79,0,0,0,1,0,0,168.46666666666667,0,1,0,0,0,1
975,11,79,0,0,0,1,0,0,88.63636363636364,0,1,0,0,0,1
1302,9,79,0,0,0,1,0,0,144.66666666666666,0,1,0,0,0,1
2183,18,79,0,0,0,1,0,0,121.27777777777777,0,1,0,0,0,1
1682,13,79,0,0,0,1,0,0,129.3846153846154,0,1,0,0,0,1
1519,11,79,0,0,0,1,0,0,138.0909090909091,0,1,0,0,0,1
3972,10,48,0,0,0,1,0,0,397.2,0,1,0,0,1,0
8517,18,48,0,0,0,1,0,0,473.1666666666667,0,1,0,0,1,0
5740,6,48,0,0,0,1,0,0,956.6666666666666,0,1,0,0,1,0
7279,9,48,0,0,0,1,0,0,808.7777777777778,0,1,0,0,1,0
5542,11,48,0,0,0,1,0,0,503.8181818181818,0,1,0,0,1,0
8235,14,48,0,0,0,1,0,0,588.2142857142857,0,1,0,0,1,0
4686,9,48,0,0,0,1,0,0,520.6666666666666,0,1,0,0,1,0
672,8,64,1,0,0,0,1,0,84.0,0,1,0,0,1,0
3348,10,64,1,0,0,0,1,0,334.8,0,1,0,0,1,0
1757,14,64,1,0,0,0,1,0,125.5,0,1,0,0,1,0
3385,10,64,1,0,0,0,1,0,338.5,0,1,0,0,1,0
1452,11,64,1,0,0,0,1,0,132.0,0,1,0,0,1,0
2175,16,64,1,0,0,0,1,0,135.9375,0,1,0,0,1,0
2763,19,64,1,0,0,0,1,0,145.42105263157896,0,1,0,0,1,0
3018,13,64,1,0,0,0,1,0,232.15384615384616,0,1,0,0,1,0
2186,10,64,1,0,0,0,1,0,218.6,0,1,0,0,1,0
1599,10,64,1,0,0,0,1,0,159.9,0,1,0,0,1,0
1615,15,64,1,0,0,0,1,0,107.66666666666667,0,1,0,0,1,0
2869,13,64,1,0,0,0,1,0,220.69230769230768,0,1,0,0,1,0
5314,11,80,0,0,0,0,1,0,483.09090909090907,0,1,0,0,0,1
7867,19,80,0,0,0,0,1,0,414.05263157894734,0,1,0,0,0,1
7377,12,80,0,0,0,0,1,0,614.75,0,1,0,0,0,1
6417,13,80,0,0,0,0,1,0,493.61538461538464,0,1,0,0,0,1
6543,12,80,0,0,0,0,1,0,545.25,0,1,0,0,0,1
5342,8,80,0,0,0,0,1,0,667.75,0,1,0,0,0,1
6162,10,80,0,0,0,0,1,0,616.2,0,1,0,0,0,1
5027,9,80,0,0,0,0,1,0,558.5555555555555,0,1,0,0,0,1
3030,17,84,1,0,0,0,0,0,178.23529411764707,0,1,0,0,0,1
1785,11,84,1,0,0,0,0,0,162.27272727272728,0,1,0,0,0,1
3253,20,84,1,0,0,0,0,0,162.65,0,1,0,0,0,1
2029,11,84,1,0,0,0,0,0,184.45454545454547,0,1,0,0,0,1
2224,16,84,1,0,0,0,0,0,139.0,0,1,0,0,0,1
3259,16,84,1,0,0,0,0,0,203.6875,0,1,0,0,0,1
2259,12,84,1,0,0,0,0,0,188.25,0,1,0,0,0,1
3344,15,84,1,0,0,0,0,0,222.93333333333334,0,1,0,0,0,1
1272,10,84,1,0,0,0,0,0,127.2,0,1,0,0,0,1
1569,12,84,1,0,0,0,0,0,130.75,0,1,0,0,0,1
2987,14,84,1,0,0,0,0,0,213.35714285714286,0,1,0,0,0,1
2243,11,84,1,0,0,0,0,0,203.9090909090909,0,1,0,0,0,1
6249,15,20,0,0,0,1,0,0,416.6,0,1,1,0,0,0
8814,18,20,0,0,0,1,0,0,489.6666666666667,0,1,1,0,0,0
8168,12,20,0,0,0,1,0,0,680.6666666666666,0,1,1,0,0,0
4113,4,20,0,0,0,1,0,0,1028.25,0,1,1,0,0,0
8560,7,20,0,0,0,1,0,0,1222.857142857143,0,1,1,0,0,0
8660,11,20,0,0,0,1,0,0,787.2727272727273,0,1,1,0,0,0
4841,11,57,1,0,0,0,0,0,440.09090909090907,0,1,0,0,1,0
5520,17,57,1,0,0,0,0,0,324.70588235294116,0,1,0,0,1,0
6343,18,57,1,0,0,0,0,0,352.3888888888889,0,1,0,0,1,0
6470,17,57,1,0,0,0,0,0,380.5882352941176,0,1,0,0,1,0
8763,14,57,1,0,0,0,0,0,625.9285714285714,0,1,0,0,1,0
7618,12,57,1,0,0,0,0,0,634.8333333333334,0,1,0,0,1,0
7185,11,57,1,0,0,0,0,0,653.1818181818181,0,1,0,0,1,0
7690,11,57,1,0,0,0,0,0,699.0909090909091,0,1,0,0,1,0
7112,12,57,1,0,0,0,0,0,592.6666666666666,0,1,0,0,1,0
7350,12,57,1,0,0,0,0,0,612.5,0,1,0,0,1,0
2762,9,57,1,0,0,0,0,0,306.8888888888889,0,1,0,0,1,0
7732,13,68,0,0,0,0,0,0,594.7692307692307,0,1,0,0,0,1
7531,12,68,0,0,0,0,0,0,627.5833333333334,0,1,0,0,0,1
8392,12,66,1,1,0,1,0,1,699.3333333333334,0,1,0,0,0,1
5143,14,66,1,1,0,1,0,1,367.35714285714283,0,1,0,0,0,1
5157,8,66,1,1,0,1,0,1,644.625,0,1,0,0,0,1
3672,9,66,1,1,0,1,0,1,408.0,0,1,0,0,0,1
7564,12,66,1,1,0,1,0,1,630.3333333333334,0,1,0,0,0,1
7541,15,66,1,1,0,1,0,1,502.73333333333335,0,1,0,0,0,1
4367,8,66,1,1,0,1,0,1,545.875,0,1,0,0,0,1
2429,12,66,1,1,0,1,0,1,202.41666666666666,0,1,0,0,0,1
8799,13,66,1,1,0,1,0,1,676.8461538461538,0,1,0,0,0,1
5872,18,66,1,1,0,1,0,1,326.22222222222223,0,1,0,0,0,1
3787,15,29,0,0,0,0,0,0,252.46666666666667,0,1,0,1,0,0
4757,10,29,0,0,0,0,0,0,475.7,0,1,0,1,0,0
4339,10,29,0,0,0,0,0,0,433.9,0,1,0,1,0,0
4655,11,29,0,0,0,0,0,0,423.1818181818182,0,1,0,1,0,0
2783,14,29,0,0,0,0,0,0,198.78571428571428,0,1,0,1,0,0
4013,17,29,0,0,0,0,0,0,236.05882352941177,0,1,0,1,0,0
3921,10,29,0,0,0,0,0,0,392.1,0,1,0,1,0,0
5462,16,29,0,0,0,0,0,0,341.375,0,1,0,1,0,0
2375,10,29,0,0,0,0,0,0,237.5,0,1,0,1,0,0
3580,14,29,0,0,0,0,0,0,255.71428571428572,0,1,0,1,0,0
1133,6,29,0,0,0,0,0,0,188.83333333333334,0,1,0,1,0,0
4135,14,29,0,0,0,0,0,0,295.35714285714283,0,1,0,1,0,0
1878,13,72,1,0,0,0,0,0,144.46153846153845,0,1,0,0,0,1
1632,16,72,1,0,0,0,0,0,102.0,0,1,0,0,0,1
1812,14,72,1,0,0,0,0,0,129.42857142857142,0,1,0,0,0,1
1448,15,72,1,0,0,0,0,0,96.53333333333333,0,1,0,0,0,1
1932,14,72,1,0,0,0,0,0,138.0,0,1,0,0,0,1
2146,9,72,1,0,0,0,0,0,238.44444444444446,0,1,0,0,0,1
4974,16,72,1,0,0,0,0,0,310.875,0,1,0,0,0,1
1642,18,72,1,0,0,0,0,0,91.22222222222223,0,1,0,0,0,1
2826,9,72,1,0,0,0,0,0,314.0,0,1,0,0,0,1
1539,12,72,1,0,0,0,0,0,128.25,0,1,0,0,0,1
3834,13,72,1,0,0,0,0,0,294.9230769230769,0,1,0,0,0,1
1589,12,72,1,0,0,0,0,0,132.41666666666666,0,1,0,0,0,1
8616,10,18,0,0,0,0,0,0,861.6,0,1,1,0,0,0
6121,10,18,0,0,0,0,0,0,612.1,0,1,1,0,0,0
7461,10,18,0,0,0,0,0,0,746.1,0,1,1,0,0,0
8481,13,42,1,1,0,0,0,1,652.3846153846154,0,1,0,1,0,0
4734,8,42,1,1,0,0,0,1,591.75,0,1,0,1,0,0
5244,17,42,1,1,0,0,0,1,308.47058823529414,0,1,0,1,0,0
6018,14,42,1,1,0,0,0,1,429.85714285714283,0,1,0,1,0,0
4844,11,42,1,1,0,0,0,1,440.3636363636364,0,1,0,1,0,0
6734,12,42,1,1,0,0,0,1,561.1666666666666,0,1,0,1,0,0
4504,14,42,1,1,0,0,0,1,321.7142857142857,0,1,0,1,0,0
8007,12,42,1,1,0,0,0,1,667.25,0,1,0,1,0,0
7932,12,42,1,1,0,0,0,1,661.0,0,1,0,1,0,0
6476,11,45,1,1,0,1,0,1,588.7272727272727,0,1,0,0,1,0
8680,12,45,1,1,0,1,0,1,723.3333333333334,0,1,0,0,1,0
8381,14,45,1,1,0,1,0,1,598.6428571428571,0,1,0,0,1,0
7525,14,45,1,1,0,1,0,1,537.5,0,1,0,0,1,0
8438,17,45,1,1,0,1,0,1,496.3529411764706,0,1,0,0,1,0
8487,14,45,1,1,0,1,0,1,606.2142857142857,0,1,0,0,1,0
8710,19,45,1,1,0,1,0,1,458.42105263157896,0,1,0,0,1,0
7239,16,45,1,1,0,1,0,1,452.4375,0,1,0,0,1,0
3450,7,19,1,0,0,1,0,0,492.85714285714283,0,1,1,0,0,0
4259,11,19,1,0,0,1,0,0,387.1818181818182,0,1,1,0,0,0
6948,13,19,1,0,0,1,0,0,534.4615384615385,0,1,1,0,0,0
4750,8,19,1,0,0,1,0,0,593.75,0,1,1,0,0,0
2859,23,19,1,0,0,1,0,0,124.30434782608695,0,1,1,0,0,0
3084,15,19,1,0,0,1,0,0,205.6,0,1,1,0,0,0
4955,12,19,1,0,0,1,0,0,412.9166666666667,0,1,1,0,0,0
4791,8,19,1,0,0,1,0,0,598.875,0,1,1,0,0,0
3482,15,19,1,0,0,1,0,0,232.13333333333333,0,1,1,0,0,0
4733,17,19,1,0,0,1,0,0,278.4117647058824,0,1,1,0,0,0
4844,12,19,1,0,0,1,0,0,403.6666666666667,0,1,1,0,0,0
7614,15,19,1,0,0,1,0,0,507.6,0,1,1,0,0,0
2821,17,39,1,1,0,0,0,1,165.94117647058823,0,1,0,1,0,0
2661,15,39,1,1,0,0,0,1,177.4,0,1,0,1,0,0
1771,9,39,1,1,0,0,0,1,196.77777777777777,0,1,0,1,0,0
2441,6,39,1,1,0,0,0,1,406.8333333333333,0,1,0,1,0,0
2240,12,39,1,1,0,0,0,1,186.66666666666666,0,1,0,1,0,0
1608,9,39,1,1,0,0,0,1,178.66666666666666,0,1,0,1,0,0
3139,12,39,1,1,0,0,0,1,261.5833333333333,0,1,0,1,0,0
757,9,39,1,1,0,0,0,1,84.11111111111111,0,1,0,1,0,0
1758,14,39,1,1,0,0,0,1,125.57142857142857,0,1,0,1,0,0
1562,12,39,1,1,0,0,0,1,130.16666666666666,0,1,0,1,0,0
1978,12,39,1,1,0,0,0,1,164.83333333333334,0,1,0,1,0,0
1345,14,39,1,1,0,0,0,1,96.07142857142857,0,1,0,1,0,0
4900,7,25,0,0,0,0,0,0,700.0,0,1,0,1,0,0
7261,9,25,0,0,0,0,0,0,806.7777777777778,0,1,0,1,0,0
5126,15,25,0,0,0,0,0,0,341.73333333333335,0,1,0,1,0,0
5877,19,25,0,0,0,0,0,0,309.3157894736842,0,1,0,1,0,0
8091,10,25,0,0,0,0,0,0,809.1,0,1,0,1,0,0
7670,18,25,0,0,0,0,0,0,426.1111111111111,0,1,0,1,0,0
8692,9,25,0,0,0,0,0,0,965.7777777777778,0,1,0,1,0,0
8760,14,25,0,0,0,0,0,0,625.7142857142857,0,1,0,1,0,0
6324,12,25,0,0,0,0,0,0,527.0,0,1,0,1,0,0
6562,14,25,0,0,0,0,0,0,468.7142857142857,0,1,0,1,0,0
8568,22,25,0,0,0,0,0,0,389.45454545454544,0,1,0,1,0,0
6913,4,25,0,0,0,0,0,0,1728.25,0,1,0,1,0,0
7229,9,33,1,0,0,0,0,0,803.2222222222222,0,1,0,1,0,0
6595,15,33,1,0,0,0,0,0,439.6666666666667,0,1,0,1,0,0
8285,18,33,1,0,0,0,0,0,460.27777777777777,0,1,0,1,0,0
3623,8,33,1,0,0,0,0,0,452.875,0,1,0,1,0,0
7572,13,33,1,0,0,0,0,0,582.4615384615385,0,1,0,1,0,0
4608,15,25,0,0,0,1,0,0,307.2,0,1,0,1,0,0
1197,12,25,0,0,0,1,0,0,99.75,0,1,0,1,0,0
3047,15,25,0,0,0,1,0,0,203.13333333333333,0,1,0,1,0,0
3904,16,25,0,0,0,1,0,0,244.0,0,1,0,1,0,0
2885,13,25,0,0,0,1,0,0,221.92307692307693,0,1,0,1,0,0
4585,16,25,0,0,0,1,0,0,286.5625,0,1,0,1,0,0
2622,13,25,0,0,0,1,0,0,201.69230769230768,0,1,0,1,0,0
4279,16,25,0,0,0,1,0,0,267.4375,0,1,0,1,0,0
3231,14,25,0,0,0,1,0,0,230.78571428571428,0,1,0,1,0,0
3515,14,25,0,0,0,1,0,0,251.07142857142858,0,1,0,1,0,0
3661,19,25,0,0,0,1,0,0,192.68421052631578,0,1,0,1,0,0
3664,16,25,0,0,0,1,0,0,229.0,0,1,0,1,0,0
4610,16,27,0,0,1,1,0,1,288.125,0,1,0,1,0,0
2115,11,27,0,0,1,1,0,1,192.27272727272728,0,1,0,1,0,0
3971,14,27,0,0,1,1,0,1,283.64285714285717,0,1,0,1,0,0
7593,11,27,0,0,1,1,0,1,690.2727272727273,0,1,0,1,0,0
2452,8,27,0,0,1,1,0,1,306.5,0,1,0,1,0,0
3180,6,27,0,0,1,1,0,1,530.0,0,1,0,1,0,0
1732,10,27,0,0,1,1,0,1,173.2,0,1,0,1,0,0
2152,10,27,0,0,1,1,0,1,215.2,0,1,0,1,0,0
2543,19,27,0,0,1,1,0,1,133.8421052631579,0,1,0,1,0,0
2933,17,27,0,0,1,1,0,1,172.52941176470588,0,1,0,1,0,0
2376,15,27,0,0,1,1,0,1,158.4,0,1,0,1,0,0
4353,39,27,0,0,1,1,0,1,111.61538461538461,0,1,0,1,0,0
6900,11,44,1,0,0,1,1,0,627.2727272727273,0,1,0,1,0,0
8015,22,44,1,0,0,1,1,0,364.3181818181818,0,1,0,1,0,0
8779,14,44,1,0,0,1,1,0,627.0714285714286,0,1,0,1,0,0
5884,12,44,1,0,0,1,1,0,490.3333333333333,0,1,0,1,0,0
8956,15,44,1,0,0,1,1,0,597.0666666666667,0,1,0,1,0,0
3846,17,44,1,0,0,1,1,0,226.23529411764707,0,1,0,1,0,0
8218,16,44,1,0,0,1,1,0,513.625,0,1,0,1,0,0
7679,14,44,1,0,0,1,1,0,548.5,0,1,0,1,0,0
5876,13,44,1,0,0,1,1,0,452.0,0,1,0,1,0,0
8570,10,44,1,0,0,1,1,0,857.0,0,1,0,1,0,0
8871,10,44,1,0,0,1,1,0,887.1,0,1,0,1,0,0
1686,12,41,1,0,1,1,1,1,140.5,0,1,0,1,0,0
3092,12,41,1,0,1,1,1,1,257.6666666666667,0,1,0,1,0,0
2920,12,41,1,0,1,1,1,1,243.33333333333334,0,1,0,1,0,0
2624,12,41,1,0,1,1,1,1,218.66666666666666,0,1,0,1,0,0
1283,10,41,1,0,1,1,1,1,128.3,0,1,0,1,0,0
1689,18,41,1,0,1,1,1,1,93.83333333333333,0,1,0,1,0,0
2053,21,41,1,0,1,1,1,1,97.76190476190476,0,1,0,1,0,0
2345,16,41,1,0,1,1,1,1,146.5625,0,1,0,1,0,0
1527,12,41,1,0,1,1,1,1,127.25,0,1,0,1,0,0
1241,12,41,1,0,1,1,1,1,103.41666666666667,0,1,0,1,0,0
2532,11,41,1,0,1,1,1,1,230.1818181818182,0,1,0,1,0,0
3039,8,41,1,0,1,1,1,1,379.875,0,1,0,1,0,0
6451,9,31,1,0,0,0,0,0,716.7777777777778,0,1,0,1,0,0
6118,11,31,1,0,0,0,0,0,556.1818181818181,0,1,0,1,0,0
5561,15,31,1,0,0,0,0,0,370.73333333333335,0,1,0,1,0,0
3179,8,31,1,0,0,0,0,0,397.375,0,1,0,1,0,0
2230,8,31,1,0,0,0,0,0,278.75,0,1,0,1,0,0
6885,18,31,1,0,0,0,0,0,382.5,0,1,0,1,0,0
8513,9,31,1,0,0,0,0,0,945.8888888888889,0,1,0,1,0,0
4448,12,31,1,0,0,0,0,0,370.6666666666667,0,1,0,1,0,0
7962,15,20,1,0,0,1,1,0,530.8,0,1,1,0,0,0
5055,12,20,1,0,0,1,1,0,421.25,0,1,1,0,0,0
7621,8,20,1,0,0,1,1,0,952.625,0,1,1,0,0,0
8326,14,20,1,0,0,1,1,0,594.7142857142857,0,1,1,0,0,0
8898,16,20,1,0,0,1,1,0,556.125,0,1,1,0,0,0
6934,14,20,1,0,0,1,1,0,495.2857142857143,0,1,1,0,0,0
8641,18,20,1,0,0,1,1,0,480.05555555555554,0,1,1,0,0,0
3223,14,46,1,0,0,0,1,0,230.21428571428572,0,1,0,0,1,0
5706,11,46,1,0,0,0,1,0,518.7272727272727,0,1,0,0,1,0
3317,6,46,1,0,0,0,1,0,552.8333333333334,0,1,0,0,1,0
3200,11,46,1,0,0,0,1,0,290.90909090909093,0,1,0,0,1,0
1762,12,46,1,0,0,0,1,0,146.83333333333334,0,1,0,0,1,0
3481,14,46,1,0,0,0,1,0,248.64285714285714,0,1,0,0,1,0
6282,14,46,1,0,0,0,1,0,448.7142857142857,0,1,0,0,1,0
3963,18,46,1,0,0,0,1,0,220.16666666666666,0,1,0,0,1,0
2852,15,46,1,0,0,0,1,0,190.13333333333333,0,1,0,0,1,0
6804,5,46,1,0,0,0,1,0,1360.8,0,1,0,0,1,0
5409,14,46,1,0,0,0,1,0,386.35714285714283,0,1,0,0,1,0
7373,16,46,1,0,0,0,1,0,460.8125,0,1,0,0,1,0
3112,16,24,1,0,0,1,0,0,194.5,0,1,1,0,0,0
1707,9,24,1,0,0,1,0,0,189.66666666666666,0,1,1,0,0,0
1204,9,24,1,0,0,1,0,0,133.77777777777777,0,1,1,0,0,0
4730,10,24,1,0,0,1,0,0,473.0,0,1,1,0,0,0
1710,12,24,1,0,0,1,0,0,142.5,0,1,1,0,0,0
3195,12,24,1,0,0,1,0,0,266.25,0,1,1,0,0,0
2648,13,24,1,0,0,1,0,0,203.69230769230768,0,1,1,0,0,0
2194,15,24,1,0,0,1,0,0,146.26666666666668,0,1,1,0,0,0
3976,17,24,1,0,0,1,0,0,233.88235294117646,0,1,1,0,0,0
2667,16,24,1,0,0,1,0,0,166.6875,0,1,1,0,0,0
1959,10,24,1,0,0,1,0,0,195.9,0,1,1,0,0,0
1721,13,24,1,0,0,1,0,0,132.3846153846154,0,1,1,0,0,0
6844,6,35,1,1,0,1,0,1,1140.6666666666667,0,1,0,1,0,0
6463,16,35,1,1,0,1,0,1,403.9375,0,1,0,1,0,0
7044,11,35,1,1,0,1,0,1,640.3636363636364,0,1,0,1,0,0
5885,12,35,1,1,0,1,0,1,490.4166666666667,0,1,0,1,0,0
6482,8,35,1,1,0,1,0,1,810.25,0,1,0,1,0,0
6961,12,35,1,1,0,1,0,1,580.0833333333334,0,1,0,1,0,0
6610,13,35,1,1,0,1,0,1,508.46153846153845,0,1,0,1,0,0
4971,17,45,0,0,0,0,0,0,292.4117647058824,0,1,0,0,1,0
3308,10,45,0,0,0,0,0,0,330.8,0,1,0,0,1,0
2521,14,45,0,0,0,0,0,0,180.07142857142858,0,1,0,0,1,0
4417,18,45,0,0,0,0,0,0,245.38888888888889,0,1,0,0,1,0
5284,17,45,0,0,0,0,0,0,310.8235294117647,0,1,0,0,1,0
8828,17,45,0,0,0,0,0,0,519.2941176470588,0,1,0,0,1,0
3570,11,45,0,0,0,0,0,0,324.54545454545456,0,1,0,0,1,0
3712,10,45,0,0,0,0,0,0,371.2,0,1,0,0,1,0
3458,16,45,0,0,0,0,0,0,216.125,0,1,0,0,1,0
3928,12,45,0,0,0,0,0,0,327.3333333333333,0,1,0,0,1,0
2410,12,45,0,0,0,0,0,0,200.83333333333334,0,1,0,0,1,0
3252,8,45,0,0,0,0,0,0,406.5,0,1,0,0,1,0
4317,11,57,1,0,0,0,1,0,392.45454545454544,0,1,0,0,1,0
3969,11,57,1,0,0,0,1,0,360.8181818181818,0,1,0,0,1,0
5641,10,57,1,0,0,0,1,0,564.1,0,1,0,0,1,0
6450,12,57,1,0,0,0,1,0,537.5,0,1,0,0,1,0
2999,5,57,1,0,0,0,1,0,599.8,0,1,0,0,1,0
4617,11,57,1,0,0,0,1,0,419.72727272727275,0,1,0,0,1,0
4582,16,57,1,0,0,0,1,0,286.375,0,1,0,0,1,0
4672,9,57,1,0,0,0,1,0,519.1111111111111,0,1,0,0,1,0
3691,8,57,1,0,0,0,1,0,461.375,0,1,0,0,1,0
5961,15,57,1,0,0,0,1,0,397.4,0,1,0,0,1,0
6094,12,57,1,0,0,0,1,0,507.8333333333333,0,1,0,0,1,0
1682,12,55,0,1,1,1,1,1,140.16666666666666,0,1,0,0,1,0
1241,16,55,0,1,1,1,1,1,77.5625,0,1,0,0,1,0
1080,12,55,0,1,1,1,1,1,90.0,0,1,0,0,1,0
1035,13,55,0,1,1,1,1,1,79.61538461538461,0,1,0,0,1,0
715,11,55,0,1,1,1,1,1,65.0,0,1,0,0,1,0
934,16,55,0,1,1,1,1,1,58.375,0,1,0,0,1,0
1692,18,55,0,1,1,1,1,1,94.0,0,1,0,0,1,0
2072,15,55,0,1,1,1,1,1,138.13333333333333,0,1,0,0,1,0
1122,7,55,0,1,1,1,1,1,160.28571428571428,0,1,0,0,1,0
1083,16,55,0,1,1,1,1,1,67.6875,0,1,0,0,1,0
2672,11,55,0,1,1,1,1,1,242.9090909090909,0,1,0,0,1,0
869,10,55,0,1,1,1,1,1,86.9,0,1,0,0,1,0
7000,20,18,0,0,0,0,0,0,350.0,0,1,1,0,0,0
4484,12,18,0,0,0,0,0,0,373.6666666666667,0,1,1,0,0,0
6843,15,18,0,0,0,0,0,0,456.2,0,1,1,0,0,0
6187,16,18,0,0,0,0,0,0,386.6875,0,1,1,0,0,0
4809,15,18,0,0,0,0,0,0,320.6,0,1,1,0,0,0
6674,10,18,0,0,0,0,0,0,667.4,0,1,1,0,0,0
7143,16,18,0,0,0,0,0,0,446.4375,0,1,1,0,0,0
5213,19,18,0,0,0,0,0,0,274.36842105263156,0,1,1,0,0,0
6816,16,18,0,0,0,0,0,0,426.0,0,1,1,0,0,0
6891,12,18,0,0,0,0,0,0,574.25,0,1,1,0,0,0
5774,18,18,0,0,0,0,0,0,320.77777777777777,0,1,1,0,0,0
5710,10,18,0,0,0,0,0,0,571.0,0,1,1,0,0,0
7772,16,32,0,0,0,1,0,0,485.75,0,1,0,1,0,0
6701,10,32,0,0,0,1,0,0,670.1,0,1,0,1,0,0
6214,11,32,0,0,0,1,0,0,564.9090909090909,0,1,0,1,0,0
7702,16,32,0,0,0,1,0,0,481.375,0,1,0,1,0,0
4043,11,32,0,0,0,1,0,0,367.54545454545456,0,1,0,1,0,0
5573,10,32,0,0,0,1,0,0,557.3,0,1,0,1,0,0
6360,21,69,1,1,0,0,0,1,302.85714285714283,0,1,0,0,0,1
5200,20,69,1,1,0,0,0,1,260.0,0,1,0,0,0,1
4615,13,69,1,1,0,0,0,1,355.0,0,1,0,0,0,1
3626,12,69,1,1,0,0,0,1,302.1666666666667,0,1,0,0,0,1
6319,14,69,1,1,0,0,0,1,451.35714285714283,0,1,0,0,0,1
4207,8,69,1,1,0,0,0,1,525.875,0,1,0,0,0,1
5020,14,69,1,1,0,0,0,1,358.57142857142856,0,1,0,0,0,1
5061,14,69,1,1,0,0,0,1,361.5,0,1,0,0,0,1
6677,14,69,1,1,0,0,0,1,476.92857142857144,0,1,0,0,0,1
6325,15,69,1,1,0,0,0,1,421.6666666666667,0,1,0,0,0,1
4088,9,69,1,1,0,0,0,1,454.22222222222223,0,1,0,0,0,1
6090,10,57,0,0,0,0,0,0,609.0,0,1,0,0,1,0
6225,13,57,0,0,0,0,0,0,478.84615384615387,0,1,0,0,1,0
8888,8,57,0,0,0,0,0,0,1111.0,0,1,0,0,1,0
2245,11,41,1,0,0,0,0,0,204.0909090909091,0,1,0,1,0,0
2845,13,41,1,0,0,0,0,0,218.84615384615384,0,1,0,1,0,0
1558,8,41,1,0,0,0,0,0,194.75,0,1,0,1,0,0
1658,13,41,1,0,0,0,0,0,127.53846153846153,0,1,0,1,0,0
1691,11,41,1,0,0,0,0,0,153.72727272727272,0,1,0,1,0,0
2108,14,41,1,0,0,0,0,0,150.57142857142858,0,1,0,1,0,0
1666,13,41,1,0,0,0,0,0,128.15384615384616,0,1,0,1,0,0
1968,10,41,1,0,0,0,0,0,196.8,0,1,0,1,0,0
1746,11,41,1,0,0,0,0,0,158.72727272727272,0,1,0,1,0,0
2150,18,41,1,0,0,0,0,0,119.44444444444444,0,1,0,1,0,0
2063,18,41,1,0,0,0,0,0,114.61111111111111,0,1,0,1,0,0
2652,12,41,1,0,0,0,0,0,221.0,0,1,0,1,0,0
4626,8,18,0,0,0,1,0,0,578.25,0,1,1,0,0,0
6670,15,18,0,0,0,1,0,0,444.6666666666667,0,1,1,0,0,0
5935,14,18,0,0,0,1,0,0,423.92857142857144,0,1,1,0,0,0
5965,12,18,0,0,0,1,0,0,497.0833333333333,0,1,1,0,0,0
6771,12,18,0,0,0,1,0,0,564.25,0,1,1,0,0,0
5712,11,18,0,0,0,1,0,0,519.2727272727273,0,1,1,0,0,0
5662,15,18,0,0,0,1,0,0,377.46666666666664,0,1,1,0,0,0
8485,12,18,0,0,0,1,0,0,707.0833333333334,0,1,1,0,0,0
5843,11,18,0,0,0,1,0,0,531.1818181818181,0,1,1,0,0,0
6580,12,18,0,0,0,1,0,0,548.3333333333334,0,1,1,0,0,0
4703,6,78,0,1,0,0,0,1,783.8333333333334,0,1,0,0,0,1
4476,6,78,0,1,0,0,0,1,746.0,0,1,0,0,0,1
3826,9,78,0,1,0,0,0,1,425.1111111111111,0,1,0,0,0,1
4714,13,78,0,1,0,0,0,1,362.61538461538464,0,1,0,0,0,1
2232,12,78,0,1,0,0,0,1,186.0,0,1,0,0,0,1
3712,11,78,0,1,0,0,0,1,337.45454545454544,0,1,0,0,0,1
4774,14,78,0,1,0,0,0,1,341.0,0,1,0,0,0,1
3544,13,78,0,1,0,0,0,1,272.61538461538464,0,1,0,0,0,1
6219,31,78,0,1,0,0,0,1,200.61290322580646,0,1,0,0,0,1
4132,17,78,0,1,0,0,0,1,243.05882352941177,0,1,0,0,0,1
3222,14,78,0,1,0,0,0,1,230.14285714285714,0,1,0,0,0,1
3108,13,78,0,1,0,0,0,1,239.07692307692307,0,1,0,0,0,1
8201,18,30,1,0,0,0,0,0,455.6111111111111,0,1,0,1,0,0
6524,9,30,1,0,0,0,0,0,724.8888888888889,0,1,0,1,0,0
7030,10,30,1,0,0,0,0,0,703.0,0,1,0,1,0,0
7761,17,79,1,0,0,1,0,0,456.52941176470586,0,1,0,0,0,1
4866,10,79,1,0,0,1,0,0,486.6,0,1,0,0,0,1
6803,20,79,1,0,0,1,0,0,340.15,0,1,0,0,0,1
6057,15,79,1,0,0,1,0,0,403.8,0,1,0,0,0,1
7101,12,79,1,0,0,1,0,0,591.75,0,1,0,0,0,1
3183,10,79,1,0,0,1,0,0,318.3,0,1,0,0,0,1
4451,11,79,1,0,0,1,0,0,404.6363636363636,0,1,0,0,0,1
4007,7,79,1,0,0,1,0,0,572.4285714285714,0,1,0,0,0,1
4880,15,79,1,0,0,1,0,0,325.3333333333333,0,1,0,0,0,1
5122,17,79,1,0,0,1,0,0,301.29411764705884,0,1,0,0,0,1
4214,10,19,1,1,0,1,0,1,421.4,0,1,1,0,0,0
6714,13,19,1,1,0,1,0,1,516.4615384615385,0,1,1,0,0,0
8063,18,19,1,1,0,1,0,1,447.94444444444446,0,1,1,0,0,0
5214,15,19,1,1,0,1,0,1,347.6,0,1,1,0,0,0
3206,8,19,1,1,0,1,0,1,400.75,0,1,1,0,0,0
5982,8,19,1,1,0,1,0,1,747.75,0,1,1,0,0,0
6292,9,19,1,1,0,1,0,1,699.1111111111111,0,1,1,0,0,0
7243,13,19,1,1,0,1,0,1,557.1538461538462,0,1,1,0,0,0
6747,13,19,1,1,0,1,0,1,519.0,0,1,1,0,0,0
4866,11,19,1,1,0,1,0,1,442.3636363636364,0,1,1,0,0,0
3488,11,19,1,1,0,1,0,1,317.09090909090907,0,1,1,0,0,0
4639,10,19,1,1,0,1,0,1,463.9,0,1,1,0,0,0
4425,6,80,1,0,0,1,0,0,737.5,0,1,0,0,0,1
8199,15,80,1,0,0,1,0,0,546.6,0,1,0,0,0,1
3066,9,80,1,0,0,1,0,0,340.6666666666667,0,1,0,0,0,1
4338,11,80,1,0,0,1,0,0,394.3636363636364,0,1,0,0,0,1
4278,9,80,1,0,0,1,0,0,475.3333333333333,0,1,0,0,0,1
4354,11,80,1,0,0,1,0,0,395.8181818181818,0,1,0,0,0,1
6989,15,80,1,0,0,1,0,0,465.93333333333334,0,1,0,0,0,1
6343,10,80,1,0,0,1,0,0,634.3,0,1,0,0,0,1
4556,11,80,1,0,0,1,0,0,414.1818181818182,0,1,0,0,0,1
4795,15,80,1,0,0,1,0,0,319.6666666666667,0,1,0,0,0,1
8452,25,80,1,0,0,1,0,0,338.08,0,1,0,0,0,1
4905,13,80,1,0,0,1,0,0,377.3076923076923,0,1,0,0,0,1
7619,15,44,0,0,0,1,1,0,507.93333333333334,0,1,0,1,0,0
6012,13,44,0,0,0,1,1,0,462.46153846153845,0,1,0,1,0,0
8844,11,44,0,0,0,1,1,0,804.0,0,1,0,1,0,0
7279,16,44,0,0,0,1,1,0,454.9375,0,1,0,1,0,0
8561,11,44,0,0,0,1,1,0,778.2727272727273,0,1,0,1,0,0
7155,11,44,0,0,0,1,1,0,650.4545454545455,0,1,0,1,0,0
5964,9,33,0,0,0,0,0,0,662.6666666666666,0,1,0,1,0,0
6913,5,33,0,0,0,0,0,0,1382.6,0,1,0,1,0,0
8611,10,33,0,0,0,0,0,0,861.1,0,1,0,1,0,0
6938,7,33,0,0,0,0,0,0,991.1428571428571,0,1,0,1,0,0
6356,11,33,0,0,0,0,0,0,577.8181818181819,0,1,0,1,0,0
3279,7,33,0,0,0,0,0,0,468.42857142857144,0,1,0,1,0,0
8940,15,33,0,0,0,0,0,0,596.0,0,1,0,1,0,0
5296,15,33,0,0,0,0,0,0,353.06666666666666,0,1,0,1,0,0
7261,19,33,0,0,0,0,0,0,382.1578947368421,0,1,0,1,0,0
5737,16,32,1,0,0,0,0,0,358.5625,0,1,0,1,0,0
5240,12,32,1,0,0,0,0,0,436.6666666666667,0,1,0,1,0,0
2904,6,32,1,0,0,0,0,0,484.0,0,1,0,1,0,0
6915,10,32,1,0,0,0,0,0,691.5,0,1,0,1,0,0
4859,16,32,1,0,0,0,0,0,303.6875,0,1,0,1,0,0
6746,16,32,1,0,0,0,0,0,421.625,0,1,0,1,0,0
4811,12,32,1,0,0,0,0,0,400.9166666666667,0,1,0,1,0,0
3694,11,32,1,0,0,0,0,0,335.8181818181818,0,1,0,1,0,0
5116,16,32,1,0,0,0,0,0,319.75,0,1,0,1,0,0
5519,11,32,1,0,0,0,0,0,501.72727272727275,0,1,0,1,0,0
2630,7,32,1,0,0,0,0,0,375.7142857142857,0,1,0,1,0,0
4033,11,32,1,0,0,0,0,0,366.6363636363636,0,1,0,1,0,0
2219,7,74,0,0,1,0,0,1,317.0,0,1,0,0,0,1
6764,10,74,0,0,1,0,0,1,676.4,0,1,0,0,0,1
4339,21,74,0,0,1,0,0,1,206.61904761904762,0,1,0,0,0,1
4796,11,74,0,0,1,0,0,1,436.0,0,1,0,0,0,1
7316,15,74,0,0,1,0,0,1,487.73333333333335,0,1,0,0,0,1
3718,21,74,0,0,1,0,0,1,177.04761904761904,0,1,0,0,0,1
7056,12,74,0,0,1,0,0,1,588.0,0,1,0,0,0,1
7537,14,74,0,0,1,0,0,1,538.3571428571429,0,1,0,0,0,1
8652,18,77,1,0,0,0,1,0,480.6666666666667,0,1,0,0,0,1
6325,5,77,1,0,0,0,1,0,1265.0,0,1,0,0,0,1
6760,19,77,1,0,0,0,1,0,355.7894736842105,0,1,0,0,0,1
8500,14,77,1,0,0,0,1,0,607.1428571428571,0,1,0,0,0,1
7574,22,77,1,0,0,0,1,0,344.27272727272725,0,1,0,0,0,1
8997,15,77,1,0,0,0,1,0,599.8,0,1,0,0,0,1
8908,20,59,0,0,0,1,0,0,445.4,0,1,0,0,1,0
7296,12,59,0,0,0,1,0,0,608.0,0,1,0,0,1,0
6884,12,59,0,0,0,1,0,0,573.6666666666666,0,1,0,0,1,0
8849,18,59,0,0,0,1,0,0,491.6111111111111,0,1,0,0,1,0
7692,13,59,0,0,0,1,0,0,591.6923076923077,0,1,0,0,1,0
7213,12,59,0,0,0,1,0,0,601.0833333333334,0,1,0,0,1,0
7807,10,72,0,0,0,0,0,0,780.7,0,1,0,0,0,1
4373,8,72,0,0,0,0,0,0,546.625,0,1,0,0,0,1
4082,11,72,0,0,0,0,0,0,371.09090909090907,0,1,0,0,0,1
6953,14,72,0,0,0,0,0,0,496.64285714285717,0,1,0,0,0,1
8595,17,72,0,0,0,0,0,0,505.5882352941176,0,1,0,0,0,1
8520,16,72,0,0,0,0,0,0,532.5,0,1,0,0,0,1
4359,12,72,0,0,0,0,0,0,363.25,0,1,0,0,0,1
8227,10,72,0,0,0,0,0,0,822.7,0,1,0,0,0,1
6303,12,72,0,0,0,0,0,0,525.25,0,1,0,0,0,1
7458,14,72,0,0,0,0,0,0,532.7142857142857,0,1,0,0,0,1
8766,11,75,1,0,0,1,0,0,796.9090909090909,0,1,0,0,0,1
8746,9,75,1,0,0,1,0,0,971.7777777777778,0,1,0,0,0,1
8519,17,75,1,0,0,1,0,0,501.11764705882354,0,1,0,0,0,1
7358,16,75,1,0,0,1,0,0,459.875,0,1,0,0,0,1
8234,18,51,0,0,0,1,1,0,457.44444444444446,0,1,0,0,1,0
5493,12,51,0,0,0,1,1,0,457.75,0,1,0,0,1,0
2321,14,51,0,0,0,1,1,0,165.78571428571428,0,1,0,0,1,0
6231,14,51,0,0,0,1,1,0,445.07142857142856,0,1,0,0,1,0
3166,9,51,0,0,0,1,1,0,351.77777777777777,0,1,0,0,1,0
8592,16,51,0,0,0,1,1,0,537.0,0,1,0,0,1,0
5115,17,51,0,0,0,1,1,0,300.88235294117646,0,1,0,0,1,0
5940,14,51,0,0,0,1,1,0,424.2857142857143,0,1,0,0,1,0
5369,20,51,0,0,0,1,1,0,268.45,0,1,0,0,1,0
3409,12,30,0,0,0,0,0,0,284.0833333333333,0,1,0,1,0,0
4731,12,30,0,0,0,0,0,0,394.25,0,1,0,1,0,0
3389,14,30,0,0,0,0,0,0,242.07142857142858,0,1,0,1,0,0
4172,11,30,0,0,0,0,0,0,379.27272727272725,0,1,0,1,0,0
4049,16,30,0,0,0,0,0,0,253.0625,0,1,0,1,0,0
4758,8,30,0,0,0,0,0,0,594.75,0,1,0,1,0,0
3129,14,30,0,0,0,0,0,0,223.5,0,1,0,1,0,0
3518,10,30,0,0,0,0,0,0,351.8,0,1,0,1,0,0
5127,14,30,0,0,0,0,0,0,366.2142857142857,0,1,0,1,0,0
3641,17,30,0,0,0,0,0,0,214.1764705882353,0,1,0,1,0,0
4357,12,30,0,0,0,0,0,0,363.0833333333333,0,1,0,1,0,0
5942,15,30,0,0,0,0,0,0,396.1333333333333,0,1,0,1,0,0
3610,12,29,0,0,0,1,0,0,300.8333333333333,0,1,0,1,0,0
3143,12,29,0,0,0,1,0,0,261.9166666666667,0,1,0,1,0,0
2878,15,29,0,0,0,1,0,0,191.86666666666667,0,1,0,1,0,0
5568,9,29,0,0,0,1,0,0,618.6666666666666,0,1,0,1,0,0
3990,14,29,0,0,0,1,0,0,285.0,0,1,0,1,0,0
6980,12,29,0,0,0,1,0,0,581.6666666666666,0,1,0,1,0,0
4352,11,29,0,0,0,1,0,0,395.6363636363636,0,1,0,1,0,0
3825,13,29,0,0,0,1,0,0,294.2307692307692,0,1,0,1,0,0
4571,15,29,0,0,0,1,0,0,304.73333333333335,0,1,0,1,0,0
2527,10,29,0,0,0,1,0,0,252.7,0,1,0,1,0,0
4340,14,29,0,0,0,1,0,0,310.0,0,1,0,1,0,0
2892,10,22,1,0,0,1,0,0,289.2,0,1,1,0,0,0
2519,10,22,1,0,0,1,0,0,251.9,0,1,1,0,0,0
3339,13,22,1,0,0,1,0,0,256.84615384615387,0,1,1,0,0,0
3789,10,22,1,0,0,1,0,0,378.9,0,1,1,0,0,0
3838,19,22,1,0,0,1,0,0,202.0,0,1,1,0,0,0
1578,6,22,1,0,0,1,0,0,263.0,0,1,1,0,0,0
6910,11,22,1,0,0,1,0,0,628.1818181818181,0,1,1,0,0,0
6390,16,22,1,0,0,1,0,0,399.375,0,1,1,0,0,0
3264,11,22,1,0,0,1,0,0,296.72727272727275,0,1,1,0,0,0
5184,10,22,1,0,0,1,0,0,518.4,0,1,1,0,0,0
5237,13,22,1,0,0,1,0,0,402.84615384615387,0,1,1,0,0,0
5770,13,32,0,0,1,0,0,1,443.84615384615387,0,1,0,1,0,0
6049,11,32,0,0,1,0,0,1,549.9090909090909,0,1,0,1,0,0
8164,16,32,0,0,1,0,0,1,510.25,0,1,0,1,0,0
7939,18,32,0,0,1,0,0,1,441.05555555555554,0,1,0,1,0,0
3728,11,32,0,0,1,0,0,1,338.90909090909093,0,1,0,1,0,0
5573,11,32,0,0,1,0,0,1,506.6363636363636,0,1,0,1,0,0
8485,12,32,0,0,1,0,0,1,707.0833333333334,0,1,0,1,0,0
5597,19,32,0,0,1,0,0,1,294.57894736842104,0,1,0,1,0,0
5835,11,32,0,0,1,0,0,1,530.4545454545455,0,1,0,1,0,0
8958,12,32,0,0,1,0,0,1,746.5,0,1,0,1,0,0
6794,13,32,0,0,1,0,0,1,522.6153846153846,0,1,0,1,0,0
7114,16,65,1,0,0,0,0,0,444.625,0,1,0,0,0,1
6974,13,65,1,0,0,0,0,0,536.4615384615385,0,1,0,0,0,1
7632,19,54,1,0,0,0,1,0,401.6842105263158,0,1,0,0,1,0
5363,19,54,1,0,0,0,1,0,282.2631578947368,0,1,0,0,1,0
8341,16,54,1,0,0,0,1,0,521.3125,0,1,0,0,1,0
5363,16,54,1,0,0,0,1,0,335.1875,0,1,0,0,1,0
6696,10,54,1,0,0,0,1,0,669.6,0,1,0,0,1,0
7065,11,54,1,0,0,0,1,0,642.2727272727273,0,1,0,0,1,0
8087,13,54,1,0,0,0,1,0,622.0769230769231,0,1,0,0,1,0
6040,9,23,0,0,0,0,0,0,671.1111111111111,0,1,1,0,0,0
7602,14,23,0,0,0,0,0,0,543.0,0,1,1,0,0,0
8906,3,23,0,0,0,0,0,0,2968.6666666666665,0,1,1,0,0,0
6244,14,23,0,0,0,0,0,0,446.0,0,1,1,0,0,0
7795,15,23,0,0,0,0,0,0,519.6666666666666,0,1,1,0,0,0
7818,13,23,0,0,0,0,0,0,601.3846153846154,0,1,1,0,0,0
4234,17,35,1,1,0,1,0,1,249.05882352941177,0,1,0,1,0,0
6083,9,35,1,1,0,1,0,1,675.8888888888889,0,1,0,1,0,0
853,7,35,1,1,0,1,0,1,121.85714285714286,0,1,0,1,0,0
7329,17,35,1,1,0,1,0,1,431.11764705882354,0,1,0,1,0,0
6989,15,35,1,1,0,1,0,1,465.93333333333334,0,1,0,1,0,0
6837,9,35,1,1,0,1,0,1,759.6666666666666,0,1,0,1,0,0
7142,13,35,1,1,0,1,0,1,549.3846153846154,0,1,0,1,0,0
6749,12,35,1,1,0,1,0,1,562.4166666666666,0,1,0,1,0,0
6999,11,35,1,1,0,1,0,1,636.2727272727273,0,1,0,1,0,0
6744,11,35,1,1,0,1,0,1,613.0909090909091,0,1,0,1,0,0
4916,10,35,1,1,0,1,0,1,491.6,0,1,0,1,0,0
1116,12,67,1,0,1,1,1,1,93.0,0,1,0,0,0,1
1689,16,67,1,0,1,1,1,1,105.5625,0,1,0,0,0,1
2258,16,67,1,0,1,1,1,1,141.125,0,1,0,0,0,1
2963,10,67,1,0,1,1,1,1,296.3,0,1,0,0,0,1
2888,14,67,1,0,1,1,1,1,206.28571428571428,0,1,0,0,0,1
1479,13,67,1,0,1,1,1,1,113.76923076923077,0,1,0,0,0,1
5112,17,67,1,0,1,1,1,1,300.70588235294116,0,1,0,0,0,1
1710,10,67,1,0,1,1,1,1,171.0,0,1,0,0,0,1
1964,14,67,1,0,1,1,1,1,140.28571428571428,0,1,0,0,0,1
2491,11,67,1,0,1,1,1,1,226.45454545454547,0,1,0,0,0,1
1594,12,67,1,0,1,1,1,1,132.83333333333334,0,1,0,0,0,1
3111,16,67,1,0,1,1,1,1,194.4375,0,1,0,0,0,1
7847,14,37,0,0,0,0,0,0,560.5,0,1,0,1,0,0
8867,18,37,0,0,0,0,0,0,492.6111111111111,0,1,0,1,0,0
7196,9,37,0,0,0,0,0,0,799.5555555555555,0,1,0,1,0,0
8882,11,37,0,0,0,0,0,0,807.4545454545455,0,1,0,1,0,0
5452,12,37,0,0,0,0,0,0,454.3333333333333,0,1,0,1,0,0
5325,9,37,0,0,0,0,0,0,591.6666666666666,0,1,0,1,0,0
5787,7,37,0,0,0,0,0,0,826.7142857142857,0,1,0,1,0,0
8809,20,26,0,0,1,1,0,1,440.45,0,1,0,1,0,0
2230,10,26,0,0,1,1,0,1,223.0,0,1,0,1,0,0
4753,18,26,0,0,1,1,0,1,264.05555555555554,0,1,0,1,0,0
4215,17,26,0,0,1,1,0,1,247.94117647058823,0,1,0,1,0,0
4199,15,26,0,0,1,1,0,1,279.93333333333334,0,1,0,1,0,0
6630,13,26,0,0,1,1,0,1,510.0,0,1,0,1,0,0
4776,19,26,0,0,1,1,0,1,251.3684210526316,0,1,0,1,0,0
7696,18,26,0,0,1,1,0,1,427.55555555555554,0,1,0,1,0,0
5052,15,26,0,0,1,1,0,1,336.8,0,1,0,1,0,0
4723,9,26,0,0,1,1,0,1,524.7777777777778,0,1,0,1,0,0
4931,14,26,0,0,1,1,0,1,352.2142857142857,0,1,0,1,0,0
4822,11,26,0,0,1,1,0,1,438.3636363636364,0,1,0,1,0,0
7263,6,68,0,0,1,1,0,1,1210.5,0,1,0,0,0,1
8661,13,68,0,0,1,1,0,1,666.2307692307693,0,1,0,0,0,1
8363,10,68,0,0,1,1,0,1,836.3,0,1,0,0,0,1
4772,8,68,0,0,1,1,0,1,596.5,0,1,0,0,0,1
6954,13,68,0,0,1,1,0,1,534.9230769230769,0,1,0,0,0,1
6160,14,49,0,0,0,1,0,0,440.0,0,1,0,0,1,0
3336,18,49,0,0,0,1,0,0,185.33333333333334,0,1,0,0,1,0
5612,9,49,0,0,0,1,0,0,623.5555555555555,0,1,0,0,1,0
5555,10,49,0,0,0,1,0,0,555.5,0,1,0,0,1,0
2510,8,49,0,0,0,1,0,0,313.75,0,1,0,0,1,0
3971,10,49,0,0,0,1,0,0,397.1,0,1,0,0,1,0
4695,13,49,0,0,0,1,0,0,361.15384615384613,0,1,0,0,1,0
7973,17,49,0,0,0,1,0,0,469.0,0,1,0,0,1,0
6124,12,49,0,0,0,1,0,0,510.3333333333333,0,1,0,0,1,0
5953,9,60,0,0,1,0,0,1,661.4444444444445,0,1,0,0,1,0
5217,11,60,0,0,1,0,0,1,474.27272727272725,0,1,0,0,1,0
7302,17,60,0,0,1,0,0,1,429.52941176470586,0,1,0,0,1,0
5629,14,60,0,0,1,0,0,1,402.07142857142856,0,1,0,0,1,0
5776,15,60,0,0,1,0,0,1,385.06666666666666,0,1,0,0,1,0
7550,7,60,0,0,1,0,0,1,1078.5714285714287,0,1,0,0,1,0
6923,13,60,0,0,1,0,0,1,532.5384615384615,0,1,0,0,1,0
5527,13,60,0,0,1,0,0,1,425.15384615384613,0,1,0,0,1,0
5026,16,60,0,0,1,0,0,1,314.125,0,1,0,0,1,0
4482,13,60,0,0,1,0,0,1,344.7692307692308,0,1,0,0,1,0
4760,12,60,0,0,1,0,0,1,396.6666666666667,0,1,0,0,1,0
8553,14,39,1,1,0,0,0,1,610.9285714285714,0,1,0,1,0,0
6812,10,39,1,1,0,0,0,1,681.2,0,1,0,1,0,0
8868,21,39,1,1,0,0,0,1,422.2857142857143,0,1,0,1,0,0
4656,14,39,1,1,0,0,0,1,332.57142857142856,0,1,0,1,0,0
6533,12,39,1,1,0,0,0,1,544.4166666666666,0,1,0,1,0,0
7260,6,39,1,1,0,0,0,1,1210.0,0,1,0,1,0,0
7773,10,39,1,1,0,0,0,1,777.3,0,1,0,1,0,0
8132,12,50,0,0,0,0,0,0,677.6666666666666,0,1,0,0,1,0
8389,10,50,0,0,0,0,0,0,838.9,0,1,0,0,1,0
8648,9,50,0,0,0,0,0,0,960.8888888888889,0,1,0,0,1,0
7766,7,50,0,0,0,0,0,0,1109.4285714285713,0,1,0,0,1,0
7845,15,50,0,0,0,0,0,0,523.0,0,1,0,0,1,0
7097,16,50,0,0,0,0,0,0,443.5625,0,1,0,0,1,0
7171,12,50,0,0,0,0,0,0,597.5833333333334,0,1,0,0,1,0
3327,10,74,0,1,0,1,0,1,332.7,0,1,0,0,0,1
4196,13,74,0,1,0,1,0,1,322.7692307692308,0,1,0,0,0,1
3632,8,74,0,1,0,1,0,1,454.0,0,1,0,0,0,1
6256,13,74,0,1,0,1,0,1,481.2307692307692,0,1,0,0,0,1
2785,12,74,0,1,0,1,0,1,232.08333333333334,0,1,0,0,0,1
2602,11,74,0,1,0,1,0,1,236.54545454545453,0,1,0,0,0,1
1317,6,74,0,1,0,1,0,1,219.5,0,1,0,0,0,1
4121,12,74,0,1,0,1,0,1,343.4166666666667,0,1,0,0,0,1
3369,11,74,0,1,0,1,0,1,306.27272727272725,0,1,0,0,0,1
3303,10,37,0,0,0,0,0,0,330.3,0,1,0,1,0,0
4791,16,37,0,0,0,0,0,0,299.4375,0,1,0,1,0,0
6152,12,37,0,0,0,0,0,0,512.6666666666666,0,1,0,1,0,0
7467,12,37,0,0,0,0,0,0,622.25,0,1,0,1,0,0
7009,14,37,0,0,0,0,0,0,500.64285714285717,0,1,0,1,0,0
5938,15,37,0,0,0,0,0,0,395.8666666666667,0,1,0,1,0,0
7028,20,37,0,0,0,0,0,0,351.4,0,1,0,1,0,0
7934,17,37,0,0,0,0,0,0,466.70588235294116,0,1,0,1,0,0
8453,12,85,1,0,0,1,1,0,704.4166666666666,0,1,0,0,0,1
7848,13,85,1,0,0,1,1,0,603.6923076923077,0,1,0,0,0,1
5828,8,85,1,0,0,1,1,0,728.5,0,1,0,0,0,1
6801,21,57,0,0,0,0,0,0,323.85714285714283,0,1,0,0,1,0
8126,12,57,0,0,0,0,0,0,677.1666666666666,0,1,0,0,1,0
8896,6,57,0,0,0,0,0,0,1482.6666666666667,0,1,0,0,1,0
8139,22,57,0,0,0,0,0,0,369.95454545454544,0,1,0,0,1,0
6309,14,53,1,0,0,0,0,0,450.64285714285717,0,1,0,0,1,0
3449,11,53,1,0,0,0,0,0,313.54545454545456,0,1,0,0,1,0
5658,15,53,1,0,0,0,0,0,377.2,0,1,0,0,1,0
2454,6,53,1,0,0,0,0,0,409.0,0,1,0,0,1,0
5764,15,53,1,0,0,0,0,0,384.26666666666665,0,1,0,0,1,0
2974,8,53,1,0,0,0,0,0,371.75,0,1,0,0,1,0
5680,9,53,1,0,0,0,0,0,631.1111111111111,0,1,0,0,1,0
2444,15,53,1,0,0,0,0,0,162.93333333333334,0,1,0,0,1,0
5759,11,53,1,0,0,0,0,0,523.5454545454545,0,1,0,0,1,0
4535,8,53,1,0,0,0,0,0,566.875,0,1,0,0,1,0
5139,18,53,1,0,0,0,0,0,285.5,0,1,0,0,1,0
4220,13,53,1,0,0,0,0,0,324.61538461538464,0,1,0,0,1,0
7350,10,69,1,1,0,1,0,1,735.0,0,1,0,0,0,1
7240,15,44,1,1,0,1,1,1,482.6666666666667,0,1,0,1,0,0
6007,7,44,1,1,0,1,1,1,858.1428571428571,0,1,0,1,0,0
6918,19,44,1,1,0,1,1,1,364.10526315789474,0,1,0,1,0,0
8698,10,44,1,1,0,1,1,1,869.8,0,1,0,1,0,0
8628,10,44,1,1,0,1,1,1,862.8,0,1,0,1,0,0
5727,12,60,1,0,0,0,0,0,477.25,0,1,0,0,1,0
5816,8,60,1,0,0,0,0,0,727.0,0,1,0,0,1,0
8143,14,60,1,0,0,0,0,0,581.6428571428571,0,1,0,0,1,0
5792,13,60,1,0,0,0,0,0,445.53846153846155,0,1,0,0,1,0
3815,11,60,1,0,0,0,0,0,346.8181818181818,0,1,0,0,1,0
4903,16,60,1,0,0,0,0,0,306.4375,0,1,0,0,1,0
6546,25,60,1,0,0,0,0,0,261.84,0,1,0,0,1,0
4041,8,60,1,0,0,0,0,0,505.125,0,1,0,0,1,0
5126,20,60,1,0,0,0,0,0,256.3,0,1,0,0,1,0
6305,14,60,1,0,0,0,0,0,450.35714285714283,0,1,0,0,1,0
5279,19,40,1,0,0,0,0,0,277.8421052631579,0,1,0,1,0,0
2824,13,40,1,0,0,0,0,0,217.23076923076923,0,1,0,1,0,0
4873,13,40,1,0,0,0,0,0,374.84615384615387,0,1,0,1,0,0
4171,11,40,1,0,0,0,0,0,379.1818181818182,0,1,0,1,0,0
4876,11,40,1,0,0,0,0,0,443.27272727272725,0,1,0,1,0,0
7933,11,40,1,0,0,0,0,0,721.1818181818181,0,1,0,1,0,0
2899,12,40,1,0,0,0,0,0,241.58333333333334,0,1,0,1,0,0
7551,7,40,1,0,0,0,0,0,1078.7142857142858,0,1,0,1,0,0
5318,13,40,1,0,0,0,0,0,409.0769230769231,0,1,0,1,0,0
5984,16,40,1,0,0,0,0,0,374.0,0,1,0,1,0,0
3851,14,40,1,0,0,0,0,0,275.07142857142856,0,1,0,1,0,0
2710,10,40,1,0,0,0,0,0,271.0,0,1,0,1,0,0
6357,4,28,1,1,0,0,0,1,1589.25,0,1,0,1,0,0
2211,8,28,1,1,0,0,0,1,276.375,0,1,0,1,0,0
3356,10,28,1,1,0,0,0,1,335.6,0,1,0,1,0,0
4455,11,28,1,1,0,0,0,1,405.0,0,1,0,1,0,0
2114,9,28,1,1,0,0,0,1,234.88888888888889,0,1,0,1,0,0
3049,7,28,1,1,0,0,0,1,435.57142857142856,0,1,0,1,0,0
4487,13,28,1,1,0,0,0,1,345.15384615384613,0,1,0,1,0,0
3411,13,28,1,1,0,0,0,1,262.38461538461536,0,1,0,1,0,0
5057,19,28,1,1,0,0,0,1,266.1578947368421,0,1,0,1,0,0
4124,9,28,1,1,0,0,0,1,458.22222222222223,0,1,0,1,0,0
4564,12,28,1,1,0,0,0,1,380.3333333333333,0,1,0,1,0,0
3224,8,27,1,0,0,1,0,0,403.0,0,1,0,1,0,0
2763,15,27,1,0,0,1,0,0,184.2,0,1,0,1,0,0
5089,13,27,1,0,0,1,0,0,391.46153846153845,0,1,0,1,0,0
4096,11,27,1,0,0,1,0,0,372.3636363636364,0,1,0,1,0,0
4740,9,27,1,0,0,1,0,0,526.6666666666666,0,1,0,1,0,0
1702,10,27,1,0,0,1,0,0,170.2,0,1,0,1,0,0
4548,4,27,1,0,0,1,0,0,1137.0,0,1,0,1,0,0
3848,22,27,1,0,0,1,0,0,174.9090909090909,0,1,0,1,0,0
3386,15,27,1,0,0,1,0,0,225.73333333333332,0,1,0,1,0,0
4502,14,27,1,0,0,1,0,0,321.57142857142856,0,1,0,1,0,0
3986,15,27,1,0,0,1,0,0,265.73333333333335,0,1,0,1,0,0
8290,18,27,1,0,0,1,0,0,460.55555555555554,0,1,0,1,0,0
7700,18,35,0,0,0,0,0,0,427.77777777777777,0,1,0,1,0,0
5763,16,35,0,0,0,0,0,0,360.1875,0,1,0,1,0,0
5283,15,35,0,0,0,0,0,0,352.2,0,1,0,1,0,0
6347,15,35,0,0,0,0,0,0,423.1333333333333,0,1,0,1,0,0
2975,8,35,0,0,0,0,0,0,371.875,0,1,0,1,0,0
5261,15,35,0,0,0,0,0,0,350.73333333333335,0,1,0,1,0,0
6853,20,35,0,0,0,0,0,0,342.65,0,1,0,1,0,0
4896,10,35,0,0,0,0,0,0,489.6,0,1,0,1,0,0
6381,12,35,0,0,0,0,0,0,531.75,0,1,0,1,0,0
6661,14,41,0,0,0,0,0,0,475.7857142857143,0,1,0,1,0,0
3664,12,41,0,0,0,0,0,0,305.3333333333333,0,1,0,1,0,0
6014,12,41,0,0,0,0,0,0,501.1666666666667,0,1,0,1,0,0
6428,18,41,0,0,0,0,0,0,357.1111111111111,0,1,0,1,0,0
3961,13,41,0,0,0,0,0,0,304.6923076923077,0,1,0,1,0,0
3750,10,41,0,0,0,0,0,0,375.0,0,1,0,1,0,0
5487,12,41,0,0,0,0,0,0,457.25,0,1,0,1,0,0
4312,16,41,0,0,0,0,0,0,269.5,0,1,0,1,0,0
3593,14,41,0,0,0,0,0,0,256.64285714285717,0,1,0,1,0,0
5737,15,41,0,0,0,0,0,0,382.46666666666664,0,1,0,1,0,0
4812,11,41,0,0,0,0,0,0,437.45454545454544,0,1,0,1,0,0
6382,12,41,0,0,0,0,0,0,531.8333333333334,0,1,0,1,0,0
4785,12,66,0,0,0,1,0,0,398.75,0,1,0,0,0,1
4592,13,66,0,0,0,1,0,0,353.2307692307692,0,1,0,0,0,1
4224,12,66,0,0,0,1,0,0,352.0,0,1,0,0,0,1
3083,12,66,0,0,0,1,0,0,256.9166666666667,0,1,0,0,0,1
2989,8,66,0,0,0,1,0,0,373.625,0,1,0,0,0,1
4960,9,66,0,0,0,1,0,0,551.1111111111111,0,1,0,0,0,1
6444,18,66,0,0,0,1,0,0,358.0,0,1,0,0,0,1
5812,12,66,0,0,0,1,0,0,484.3333333333333,0,1,0,0,0,1
8684,17,66,0,0,0,1,0,0,510.8235294117647,0,1,0,0,0,1
3593,10,66,0,0,0,1,0,0,359.3,0,1,0,0,0,1
5976,14,66,0,0,0,1,0,0,426.85714285714283,0,1,0,0,0,1
6795,11,66,0,0,0,1,0,0,617.7272727272727,0,1,0,0,0,1
4616,15,63,0,0,0,0,1,0,307.73333333333335,0,1,0,0,1,0
4899,12,63,0,0,0,0,1,0,408.25,0,1,0,0,1,0
2813,14,63,0,0,0,0,1,0,200.92857142857142,0,1,0,0,1,0
6706,12,63,0,0,0,0,1,0,558.8333333333334,0,1,0,0,1,0
4052,8,63,0,0,0,0,1,0,506.5,0,1,0,0,1,0
4704,11,63,0,0,0,0,1,0,427.6363636363636,0,1,0,0,1,0
7592,16,63,0,0,0,0,1,0,474.5,0,1,0,0,1,0
5219,15,63,0,0,0,0,1,0,347.93333333333334,0,1,0,0,1,0
5945,13,63,0,0,0,0,1,0,457.3076923076923,0,1,0,0,1,0
5314,14,63,0,0,0,0,1,0,379.57142857142856,0,1,0,0,1,0
4742,16,63,0,0,0,0,1,0,296.375,0,1,0,0,1,0
5353,11,63,0,0,0,0,1,0,486.6363636363636,0,1,0,0,1,0
4873,17,68,1,0,0,0,0,0,286.6470588235294,0,1,0,0,0,1
6239,17,68,1,0,0,0,0,0,367.0,0,1,0,0,0,1
7896,13,68,1,0,0,0,0,0,607.3846153846154,0,1,0,0,0,1
7060,11,68,1,0,0,0,0,0,641.8181818181819,0,1,0,0,0,1
5085,9,68,1,0,0,0,0,0,565.0,0,1,0,0,0,1
6560,13,68,1,0,0,0,0,0,504.61538461538464,0,1,0,0,0,1
8993,12,68,1,0,0,0,0,0,749.4166666666666,0,1,0,0,0,1
7929,9,68,1,0,0,0,0,0,881.0,0,1,0,0,0,1
7245,13,68,1,0,0,0,0,0,557.3076923076923,0,1,0,0,0,1
6733,16,68,1,0,0,0,0,0,420.8125,0,1,0,0,0,1
5809,10,68,1,0,0,0,0,0,580.9,0,1,0,0,0,1
7254,17,81,0,0,0,1,0,0,426.70588235294116,0,1,0,0,0,1
5306,6,81,0,0,0,1,0,0,884.3333333333334,0,1,0,0,0,1
5461,8,81,0,0,0,1,0,0,682.625,0,1,0,0,0,1
5985,10,81,0,0,0,1,0,0,598.5,0,1,0,0,0,1
5529,12,81,0,0,0,1,0,0,460.75,0,1,0,0,0,1
5891,12,81,0,0,0,1,0,0,490.9166666666667,0,1,0,0,0,1
8857,21,81,0,0,0,1,0,0,421.76190476190476,0,1,0,0,0,1
5187,10,81,0,0,0,1,0,0,518.7,0,1,0,0,0,1
8886,19,81,0,0,0,1,0,0,467.6842105263158,0,1,0,0,0,1
7953,18,81,0,0,0,1,0,0,441.8333333333333,0,1,0,0,0,1
6967,13,29,1,0,0,0,0,0,535.9230769230769,0,1,0,1,0,0
6528,18,29,1,0,0,0,0,0,362.6666666666667,0,1,0,1,0,0
7252,19,29,1,0,0,0,0,0,381.6842105263158,0,1,0,1,0,0
6945,12,29,1,0,0,0,0,0,578.75,0,1,0,1,0,0
7958,7,29,1,0,0,0,0,0,1136.857142857143,0,1,0,1,0,0
4703,8,69,1,0,0,0,0,0,587.875,0,1,0,0,0,1
6233,13,69,1,0,0,0,0,0,479.46153846153845,0,1,0,0,0,1
2289,13,69,1,0,0,0,0,0,176.07692307692307,0,1,0,0,0,1
4234,18,69,1,0,0,0,0,0,235.22222222222223,0,1,0,0,0,1
3816,15,69,1,0,0,0,0,0,254.4,0,1,0,0,0,1
4561,21,69,1,0,0,0,0,0,217.1904761904762,0,1,0,0,0,1
2692,12,69,1,0,0,0,0,0,224.33333333333334,0,1,0,0,0,1
4024,10,69,1,0,0,0,0,0,402.4,0,1,0,0,0,1
2954,19,69,1,0,0,0,0,0,155.47368421052633,0,1,0,0,0,1
3438,10,69,1,0,0,0,0,0,343.8,0,1,0,0,0,1
3233,10,69,1,0,0,0,0,0,323.3,0,1,0,0,0,1
4743,13,69,1,0,0,0,0,0,364.84615384615387,0,1,0,0,0,1
5004,5,79,1,0,0,0,0,0,1000.8,0,1,0,0,0,1
8096,10,79,1,0,0,0,0,0,809.6,0,1,0,0,0,1
6925,18,79,1,0,0,0,0,0,384.72222222222223,0,1,0,0,0,1
6568,14,79,1,0,0,0,0,0,469.14285714285717,0,1,0,0,0,1
6429,15,79,1,0,0,0,0,0,428.6,0,1,0,0,0,1
5630,8,79,1,0,0,0,0,0,703.75,0,1,0,0,0,1
5685,14,79,1,0,0,0,0,0,406.07142857142856,0,1,0,0,0,1
7084,8,79,1,0,0,0,0,0,885.5,0,1,0,0,0,1
4228,11,79,1,0,0,0,0,0,384.3636363636364,0,1,0,0,0,1
4344,19,79,1,0,0,0,0,0,228.6315789473684,0,1,0,0,0,1
5866,12,79,1,0,0,0,0,0,488.8333333333333,0,1,0,0,0,1
4519,13,79,1,0,0,0,0,0,347.61538461538464,0,1,0,0,0,1
5316,11,19,1,0,0,0,0,0,483.27272727272725,0,1,1,0,0,0
6913,16,19,1,0,0,0,0,0,432.0625,0,1,1,0,0,0
6504,12,18,1,0,0,1,0,0,542.0,0,1,1,0,0,0
6210,8,18,1,0,0,1,0,0,776.25,0,1,1,0,0,0
4369,9,18,1,0,0,1,0,0,485.44444444444446,0,1,1,0,0,0
7859,11,18,1,0,0,1,0,0,714.4545454545455,0,1,1,0,0,0
5097,8,18,1,0,0,1,0,0,637.125,0,1,1,0,0,0
3716,14,18,1,0,0,1,0,0,265.42857142857144,0,1,1,0,0,0
2304,12,18,1,0,0,1,0,0,192.0,0,1,1,0,0,0
6237,23,18,1,0,0,1,0,0,271.17391304347825,0,1,1,0,0,0
4185,16,18,1,0,0,1,0,0,261.5625,0,1,1,0,0,0
4757,17,18,1,0,0,1,0,0,279.8235294117647,0,1,1,0,0,0
4864,12,18,1,0,0,1,0,0,405.3333333333333,0,1,1,0,0,0
6869,20,35,1,0,0,0,0,0,343.45,0,1,0,1,0,0
7488,14,35,1,0,0,0,0,0,534.8571428571429,0,1,0,1,0,0
6709,13,35,1,0,0,0,0,0,516.0769230769231,0,1,0,1,0,0
7209,10,35,1,0,0,0,0,0,720.9,0,1,0,1,0,0
5161,16,35,1,0,0,0,0,0,322.5625,0,1,0,1,0,0
5589,9,35,1,0,0,0,0,0,621.0,0,1,0,1,0,0
4765,12,35,1,0,0,0,0,0,397.0833333333333,0,1,0,1,0,0
5028,12,35,1,0,0,0,0,0,419.0,0,1,0,1,0,0
8980,21,35,1,0,0,0,0,0,427.6190476190476,0,1,0,1,0,0
3584,10,35,1,0,0,0,0,0,358.4,0,1,0,1,0,0
2450,5,35,1,0,0,0,0,0,490.0,0,1,0,1,0,0
8282,19,76,0,1,0,0,0,1,435.89473684210526,0,1,0,0,0,1
8752,8,76,0,1,0,0,0,1,1094.0,0,1,0,0,0,1
8896,15,76,0,1,0,0,0,1,593.0666666666667,0,1,0,0,0,1
372,5,76,0,1,0,0,0,1,74.4,0,1,0,0,0,1
4270,7,76,0,1,0,0,0,1,610.0,0,1,0,0,0,1
7994,11,76,0,1,0,0,0,1,726.7272727272727,0,1,0,0,0,1
6388,14,76,0,1,0,0,0,1,456.2857142857143,0,1,0,0,0,1
7320,11,76,0,1,0,0,0,1,665.4545454545455,0,1,0,0,0,1
5172,12,44,0,0,0,0,0,0,431.0,0,1,0,1,0,0
6943,11,44,0,0,0,0,0,0,631.1818181818181,0,1,0,1,0,0
7986,11,44,0,0,0,0,0,0,726.0,0,1,0,1,0,0
6590,9,44,0,0,0,0,0,0,732.2222222222222,0,1,0,1,0,0
7899,16,44,0,0,0,0,0,0,493.6875,0,1,0,1,0,0
7094,14,44,0,0,0,0,0,0,506.7142857142857,0,1,0,1,0,0
2056,17,24,0,0,0,1,0,0,120.94117647058823,0,1,1,0,0,0
1149,10,24,0,0,0,1,0,0,114.9,0,1,1,0,0,0
2277,6,24,0,0,0,1,0,0,379.5,0,1,1,0,0,0
1259,13,24,0,0,0,1,0,0,96.84615384615384,0,1,1,0,0,0
1756,9,24,0,0,0,1,0,0,195.11111111111111,0,1,1,0,0,0
1620,10,24,0,0,0,1,0,0,162.0,0,1,1,0,0,0
1156,8,24,0,0,0,1,0,0,144.5,0,1,1,0,0,0
4658,16,24,0,0,0,1,0,0,291.125,0,1,1,0,0,0
2535,16,24,0,0,0,1,0,0,158.4375,0,1,1,0,0,0
2108,20,24,0,0,0,1,0,0,105.4,0,1,1,0,0,0
2612,15,24,0,0,0,1,0,0,174.13333333333333,0,1,1,0,0,0
2173,13,24,0,0,0,1,0,0,167.15384615384616,0,1,1,0,0,0
6185,11,32,0,0,0,0,0,0,562.2727272727273,0,1,0,1,0,0
4872,16,32,0,0,0,0,0,0,304.5,0,1,0,1,0,0
8789,15,32,0,0,0,0,0,0,585.9333333333333,0,1,0,1,0,0
6813,10,32,0,0,0,0,0,0,681.3,0,1,0,1,0,0
6250,25,32,0,0,0,0,0,0,250.0,0,1,0,1,0,0
2285,11,24,1,1,0,0,0,1,207.72727272727272,0,1,1,0,0,0
8552,9,24,1,1,0,0,0,1,950.2222222222222,0,1,1,0,0,0
8733,10,24,1,1,0,0,0,1,873.3,0,1,1,0,0,0
6131,10,24,1,1,0,0,0,1,613.1,0,1,1,0,0,0
2786,8,24,1,1,0,0,0,1,348.25,0,1,1,0,0,0
8823,19,24,1,1,0,0,0,1,464.36842105263156,0,1,1,0,0,0
7914,17,63,1,0,0,0,0,0,465.52941176470586,0,1,0,0,1,0
7708,14,63,1,0,0,0,0,0,550.5714285714286,0,1,0,0,1,0
4419,6,63,1,0,0,0,0,0,736.5,0,1,0,0,1,0
6953,11,63,1,0,0,0,0,0,632.0909090909091,0,1,0,0,1,0
7595,10,63,1,0,0,0,0,0,759.5,0,1,0,0,1,0
7820,13,63,1,0,0,0,0,0,601.5384615384615,0,1,0,0,1,0
4440,12,24,1,0,0,0,0,0,370.0,0,1,1,0,0,0
7363,9,24,1,0,0,0,0,0,818.1111111111111,0,1,1,0,0,0
7165,7,24,1,0,0,0,0,0,1023.5714285714286,0,1,1,0,0,0
8293,11,24,1,0,0,0,0,0,753.9090909090909,0,1,1,0,0,0
6611,7,24,1,0,0,0,0,0,944.4285714285714,0,1,1,0,0,0
3845,13,24,1,0,0,0,0,0,295.7692307692308,0,1,1,0,0,0
3852,9,34,0,0,1,1,0,1,428.0,0,1,0,1,0,0
8736,20,34,0,0,1,1,0,1,436.8,0,1,0,1,0,0
7013,14,34,0,0,1,1,0,1,500.92857142857144,0,1,0,1,0,0
4876,15,41,0,0,1,1,0,1,325.06666666666666,0,1,0,1,0,0
6751,9,41,0,0,1,1,0,1,750.1111111111111,0,1,0,1,0,0
3669,4,63,1,0,0,1,0,0,917.25,0,1,0,0,1,0
5735,17,63,1,0,0,1,0,0,337.3529411764706,0,1,0,0,1,0
6361,13,63,1,0,0,1,0,0,489.3076923076923,0,1,0,0,1,0
6530,17,63,1,0,0,1,0,0,384.11764705882354,0,1,0,0,1,0
4100,14,63,1,0,0,1,0,0,292.85714285714283,0,1,0,0,1,0
3218,12,63,1,0,0,1,0,0,268.1666666666667,0,1,0,0,1,0
3236,8,63,1,0,0,1,0,0,404.5,0,1,0,0,1,0
5957,16,63,1,0,0,1,0,0,372.3125,0,1,0,0,1,0
4631,20,63,1,0,0,1,0,0,231.55,0,1,0,0,1,0
3005,17,63,1,0,0,1,0,0,176.76470588235293,0,1,0,0,1,0
7382,11,63,1,0,0,1,0,0,671.0909090909091,0,1,0,0,1,0
4022,13,63,1,0,0,1,0,0,309.38461538461536,0,1,0,0,1,0
6667,9,80,0,0,0,0,0,0,740.7777777777778,0,1,0,0,0,1
8207,13,80,0,0,0,0,0,0,631.3076923076923,0,1,0,0,0,1
6291,15,80,0,0,0,0,0,0,419.4,0,1,0,0,0,1
6284,11,80,0,0,0,0,0,0,571.2727272727273,0,1,0,0,0,1
5761,15,80,0,0,0,0,0,0,384.06666666666666,0,1,0,0,0,1
6530,8,80,0,0,0,0,0,0,816.25,0,1,0,0,0,1
8722,11,80,0,0,0,0,0,0,792.9090909090909,0,1,0,0,0,1
5541,14,80,0,0,0,0,0,0,395.7857142857143,0,1,0,0,0,1
5962,16,80,0,0,0,0,0,0,372.625,0,1,0,0,0,1
4049,9,57,1,0,0,1,0,0,449.8888888888889,0,1,0,0,1,0
8076,17,57,1,0,0,1,0,0,475.05882352941177,0,1,0,0,1,0
6004,11,57,1,0,0,1,0,0,545.8181818181819,0,1,0,0,1,0
7998,15,57,1,0,0,1,0,0,533.2,0,1,0,0,1,0
6519,20,57,1,0,0,1,0,0,325.95,0,1,0,0,1,0
5963,11,57,1,0,0,1,0,0,542.0909090909091,0,1,0,0,1,0
6664,5,57,1,0,0,1,0,0,1332.8,0,1,0,0,1,0
5944,8,57,1,0,0,1,0,0,743.0,0,1,0,0,1,0
8564,5,57,1,0,0,1,0,0,1712.8,0,1,0,0,1,0
8465,10,61,0,0,0,0,1,0,846.5,0,1,0,0,1,0
8204,10,61,0,0,0,0,1,0,820.4,0,1,0,0,1,0
8933,12,61,0,0,0,0,1,0,744.4166666666666,0,1,0,0,1,0
7666,10,61,0,0,0,0,1,0,766.6,0,1,0,0,1,0
5848,8,61,0,0,0,0,1,0,731.0,0,1,0,0,1,0
8217,14,61,0,0,0,0,1,0,586.9285714285714,0,1,0,0,1,0
6152,14,32,1,0,0,0,0,0,439.42857142857144,0,1,0,1,0,0
8185,19,32,1,0,0,0,0,0,430.7894736842105,0,1,0,1,0,0
8077,15,32,1,0,0,0,0,0,538.4666666666667,0,1,0,1,0,0
8718,9,32,1,0,0,0,0,0,968.6666666666666,0,1,0,1,0,0
8193,16,32,1,0,0,0,0,0,512.0625,0,1,0,1,0,0
3843,13,32,1,0,0,0,0,0,295.61538461538464,0,1,0,1,0,0
7346,16,32,1,0,0,0,0,0,459.125,0,1,0,1,0,0
6850,18,32,1,0,0,0,0,0,380.55555555555554,0,1,0,1,0,0
8997,13,32,1,0,0,0,0,0,692.0769230769231,0,1,0,1,0,0
1964,11,32,1,0,0,0,0,0,178.54545454545453,0,1,0,1,0,0
6549,14,32,1,0,0,0,0,0,467.7857142857143,0,1,0,1,0,0
7184,13,78,1,0,0,1,1,0,552.6153846153846,0,1,0,0,0,1
4875,13,78,1,0,0,1,1,0,375.0,0,1,0,0,0,1
3436,7,78,1,0,0,1,1,0,490.85714285714283,0,1,0,0,0,1
4681,11,78,1,0,0,1,1,0,425.54545454545456,0,1,0,0,0,1
5986,15,78,1,0,0,1,1,0,399.06666666666666,0,1,0,0,0,1
6561,12,78,1,0,0,1,1,0,546.75,0,1,0,0,0,1
5719,9,78,1,0,0,1,1,0,635.4444444444445,0,1,0,0,0,1
6567,7,78,1,0,0,1,1,0,938.1428571428571,0,1,0,0,0,1
7044,10,78,1,0,0,1,1,0,704.4,0,1,0,0,0,1
5027,15,78,1,0,0,1,1,0,335.1333333333333,0,1,0,0,0,1
6331,8,78,1,0,0,1,1,0,791.375,0,1,0,0,0,1
5661,13,78,1,0,0,1,1,0,435.46153846153845,0,1,0,0,0,1
1939,19,66,1,0,0,0,1,0,102.05263157894737,0,1,0,0,0,1
3670,19,66,1,0,0,0,1,0,193.1578947368421,0,1,0,0,0,1
2463,17,66,1,0,0,0,1,0,144.88235294117646,0,1,0,0,0,1
1320,9,66,1,0,0,0,1,0,146.66666666666666,0,1,0,0,0,1
3728,13,66,1,0,0,0,1,0,286.7692307692308,0,1,0,0,0,1
3275,13,66,1,0,0,0,1,0,251.92307692307693,0,1,0,0,0,1
3574,14,66,1,0,0,0,1,0,255.28571428571428,0,1,0,0,0,1
1366,12,66,1,0,0,0,1,0,113.83333333333333,0,1,0,0,0,1
2832,18,66,1,0,0,0,1,0,157.33333333333334,0,1,0,0,0,1
4185,11,66,1,0,0,0,1,0,380.45454545454544,0,1,0,0,0,1
2534,11,66,1,0,0,0,1,0,230.36363636363637,0,1,0,0,0,1
3580,19,66,1,0,0,0,1,0,188.42105263157896,0,1,0,0,0,1
8561,11,81,1,0,0,1,0,0,778.2727272727273,0,1,0,0,0,1
8543,13,81,1,0,0,1,0,0,657.1538461538462,0,1,0,0,0,1
6170,7,81,1,0,0,1,0,0,881.4285714285714,0,1,0,0,0,1
6102,14,81,1,0,0,1,0,0,435.85714285714283,0,1,0,0,0,1
4128,12,81,1,0,0,1,0,0,344.0,0,1,0,0,0,1
1135,14,30,1,0,0,0,0,0,81.07142857142857,0,1,0,1,0,0
1979,20,30,1,0,0,0,0,0,98.95,0,1,0,1,0,0
1904,8,30,1,0,0,0,0,0,238.0,0,1,0,1,0,0
1841,15,30,1,0,0,0,0,0,122.73333333333333,0,1,0,1,0,0
1505,16,30,1,0,0,0,0,0,94.0625,0,1,0,1,0,0
1322,16,30,1,0,0,0,0,0,82.625,0,1,0,1,0,0
4318,12,30,1,0,0,0,0,0,359.8333333333333,0,1,0,1,0,0
2248,19,30,1,0,0,0,0,0,118.3157894736842,0,1,0,1,0,0
1743,15,30,1,0,0,0,0,0,116.2,0,1,0,1,0,0
1709,14,30,1,0,0,0,0,0,122.07142857142857,0,1,0,1,0,0
1536,12,30,1,0,0,0,0,0,128.0,0,1,0,1,0,0
1264,16,30,1,0,0,0,0,0,79.0,0,1,0,1,0,0
6682,22,55,1,0,0,0,0,0,303.72727272727275,0,1,0,0,1,0
4334,20,55,1,0,0,0,0,0,216.7,0,1,0,0,1,0
3585,12,55,1,0,0,0,0,0,298.75,0,1,0,0,1,0
6570,13,55,1,0,0,0,0,0,505.38461538461536,0,1,0,0,1,0
8049,13,55,1,0,0,0,0,0,619.1538461538462,0,1,0,0,1,0
5072,18,55,1,0,0,0,0,0,281.77777777777777,0,1,0,0,1,0
6465,15,55,1,0,0,0,0,0,431.0,0,1,0,0,1,0
5567,21,55,1,0,0,0,0,0,265.0952380952381,0,1,0,0,1,0
8212,13,55,1,0,0,0,0,0,631.6923076923077,0,1,0,0,1,0
2545,10,55,1,0,0,0,0,0,254.5,0,1,0,0,1,0
4974,19,55,1,0,0,0,0,0,261.7894736842105,0,1,0,0,1,0
8396,16,55,1,0,0,0,0,0,524.75,0,1,0,0,1,0
1887,9,48,0,0,0,1,0,0,209.66666666666666,0,1,0,0,1,0
2085,6,48,0,0,0,1,0,0,347.5,0,1,0,0,1,0
1938,8,48,0,0,0,1,0,0,242.25,0,1,0,0,1,0
5330,23,48,0,0,0,1,0,0,231.7391304347826,0,1,0,0,1,0
2510,15,48,0,0,0,1,0,0,167.33333333333334,0,1,0,0,1,0
6963,15,48,0,0,0,1,0,0,464.2,0,1,0,0,1,0
1882,15,48,0,0,0,1,0,0,125.46666666666667,0,1,0,0,1,0
1897,15,48,0,0,0,1,0,0,126.46666666666667,0,1,0,0,1,0
5286,13,48,0,0,0,1,0,0,406.61538461538464,0,1,0,0,1,0
7898,13,48,0,0,0,1,0,0,607.5384615384615,0,1,0,0,1,0
2577,14,48,0,0,0,1,0,0,184.07142857142858,0,1,0,0,1,0
4166,16,48,0,0,0,1,0,0,260.375,0,1,0,0,1,0
3680,8,31,1,0,1,0,0,1,460.0,0,1,0,1,0,0
5324,12,31,1,0,1,0,0,1,443.6666666666667,0,1,0,1,0,0
5443,12,31,1,0,1,0,0,1,453.5833333333333,0,1,0,1,0,0
4992,16,31,1,0,1,0,0,1,312.0,0,1,0,1,0,0
5751,24,31,1,0,1,0,0,1,239.625,0,1,0,1,0,0
3412,9,31,1,0,1,0,0,1,379.1111111111111,0,1,0,1,0,0
6024,16,31,1,0,1,0,0,1,376.5,0,1,0,1,0,0
6035,10,31,1,0,1,0,0,1,603.5,0,1,0,1,0,0
4204,10,31,1,0,1,0,0,1,420.4,0,1,0,1,0,0
4544,15,31,1,0,1,0,0,1,302.93333333333334,0,1,0,1,0,0
3422,15,31,1,0,1,0,0,1,228.13333333333333,0,1,0,1,0,0
3450,13,28,0,0,0,1,0,0,265.38461538461536,0,1,0,1,0,0
3368,6,28,0,0,0,1,0,0,561.3333333333334,0,1,0,1,0,0
4974,10,28,0,0,0,1,0,0,497.4,0,1,0,1,0,0
4810,8,28,0,0,0,1,0,0,601.25,0,1,0,1,0,0
4808,16,28,0,0,0,1,0,0,300.5,0,1,0,1,0,0
5424,15,28,0,0,0,1,0,0,361.6,0,1,0,1,0,0
3979,18,28,0,0,0,1,0,0,221.05555555555554,0,1,0,1,0,0
2600,9,28,0,0,0,1,0,0,288.8888888888889,0,1,0,1,0,0
3414,18,28,0,0,0,1,0,0,189.66666666666666,0,1,0,1,0,0
6364,14,28,0,0,0,1,0,0,454.57142857142856,0,1,0,1,0,0
2136,11,28,0,0,0,1,0,0,194.1818181818182,0,1,0,1,0,0
1997,10,55,1,0,0,0,0,0,199.7,0,1,0,0,1,0
5076,16,55,1,0,0,0,0,0,317.25,0,1,0,0,1,0
6349,13,55,1,0,0,0,0,0,488.38461538461536,0,1,0,0,1,0
5959,15,55,1,0,0,0,0,0,397.26666666666665,0,1,0,0,1,0
5502,12,55,1,0,0,0,0,0,458.5,0,1,0,0,1,0
5648,25,55,1,0,0,0,0,0,225.92,0,1,0,0,1,0
4306,19,55,1,0,0,0,0,0,226.6315789473684,0,1,0,0,1,0
4305,11,55,1,0,0,0,0,0,391.3636363636364,0,1,0,0,1,0
6358,17,55,1,0,0,0,0,0,374.0,0,1,0,0,1,0
3145,9,55,1,0,0,0,0,0,349.44444444444446,0,1,0,0,1,0
7411,16,55,1,0,0,0,0,0,463.1875,0,1,0,0,1,0
5773,13,55,1,0,0,0,0,0,444.0769230769231,0,1,0,0,1,0
5404,14,78,0,0,0,0,0,0,386.0,0,1,0,0,0,1
5505,11,78,0,0,0,0,0,0,500.45454545454544,0,1,0,0,0,1
4248,8,78,0,0,0,0,0,0,531.0,0,1,0,0,0,1
6088,13,78,0,0,0,0,0,0,468.3076923076923,0,1,0,0,0,1
4813,17,78,0,0,0,0,0,0,283.11764705882354,0,1,0,0,0,1
5748,8,78,0,0,0,0,0,0,718.5,0,1,0,0,0,1
2996,8,78,0,0,0,0,0,0,374.5,0,1,0,0,0,1
3138,10,78,0,0,0,0,0,0,313.8,0,1,0,0,0,1
5709,10,78,0,0,0,0,0,0,570.9,0,1,0,0,0,1
5462,18,78,0,0,0,0,0,0,303.44444444444446,0,1,0,0,0,1
6722,17,78,0,0,0,0,0,0,395.4117647058824,0,1,0,0,0,1
5880,7,78,0,0,0,0,0,0,840.0,0,1,0,0,0,1
6234,19,27,1,0,0,1,0,0,328.10526315789474,0,1,0,1,0,0
8010,11,27,1,0,0,1,0,0,728.1818181818181,0,1,0,1,0,0
5472,11,27,1,0,0,1,0,0,497.45454545454544,0,1,0,1,0,0
8277,15,27,1,0,0,1,0,0,551.8,0,1,0,1,0,0
3755,12,27,1,0,0,1,0,0,312.9166666666667,0,1,0,1,0,0
4600,10,27,1,0,0,1,0,0,460.0,0,1,0,1,0,0
4446,9,27,1,0,0,1,0,0,494.0,0,1,0,1,0,0
8640,13,27,1,0,0,1,0,0,664.6153846153846,0,1,0,1,0,0
3234,8,27,1,0,0,1,0,0,404.25,0,1,0,1,0,0
7907,11,27,1,0,0,1,0,0,718.8181818181819,0,1,0,1,0,0
7362,17,36,1,0,0,0,0,0,433.05882352941177,0,1,0,1,0,0
7985,16,36,1,0,0,0,0,0,499.0625,0,1,0,1,0,0
6236,9,36,1,0,0,0,0,0,692.8888888888889,0,1,0,1,0,0
8361,12,36,1,0,0,0,0,0,696.75,0,1,0,1,0,0
3760,12,36,1,0,0,0,0,0,313.3333333333333,0,1,0,1,0,0
7960,12,36,1,0,0,0,0,0,663.3333333333334,0,1,0,1,0,0
5681,15,36,1,0,0,0,0,0,378.73333333333335,0,1,0,1,0,0
6222,11,69,1,0,0,1,0,0,565.6363636363636,0,1,0,0,0,1
5902,10,69,1,0,0,1,0,0,590.2,0,1,0,0,0,1
8121,13,69,1,0,0,1,0,0,624.6923076923077,0,1,0,0,0,1
8035,12,69,1,0,0,1,0,0,669.5833333333334,0,1,0,0,0,1
6676,10,69,1,0,0,1,0,0,667.6,0,1,0,0,0,1
7737,10,69,1,0,0,1,0,0,773.7,0,1,0,0,0,1
5724,6,69,1,0,0,1,0,0,954.0,0,1,0,0,0,1
7259,9,69,1,0,0,1,0,0,806.5555555555555,0,1,0,0,0,1
4603,8,69,1,0,0,1,0,0,575.375,0,1,0,0,0,1
7254,13,71,0,1,1,1,1,1,558.0,0,1,0,0,0,1
4091,8,71,0,1,1,1,1,1,511.375,0,1,0,0,0,1
6291,11,71,0,1,1,1,1,1,571.9090909090909,0,1,0,0,0,1
5737,13,71,0,1,1,1,1,1,441.3076923076923,0,1,0,0,0,1
5628,11,71,0,1,1,1,1,1,511.6363636363636,0,1,0,0,0,1
4603,12,71,0,1,1,1,1,1,383.5833333333333,0,1,0,0,0,1
5606,7,71,0,1,1,1,1,1,800.8571428571429,0,1,0,0,0,1
7447,9,71,0,1,1,1,1,1,827.4444444444445,0,1,0,0,0,1
4909,15,71,0,1,1,1,1,1,327.26666666666665,0,1,0,0,0,1
4007,11,71,0,1,1,1,1,1,364.27272727272725,0,1,0,0,0,1
7678,14,71,0,1,1,1,1,1,548.4285714285714,0,1,0,0,0,1
3093,15,71,0,1,1,1,1,1,206.2,0,1,0,0,0,1
6591,16,21,0,0,0,1,0,0,411.9375,0,1,1,0,0,0
4183,8,21,0,0,0,1,0,0,522.875,0,1,1,0,0,0
7375,16,21,0,0,0,1,0,0,460.9375,0,1,1,0,0,0
7513,6,21,0,0,0,1,0,0,1252.1666666666667,0,1,1,0,0,0
4576,8,21,0,0,0,1,0,0,572.0,0,1,1,0,0,0
4123,12,21,0,0,0,1,0,0,343.5833333333333,0,1,1,0,0,0
7141,15,21,0,0,0,1,0,0,476.06666666666666,0,1,1,0,0,0
6918,13,21,0,0,0,1,0,0,532.1538461538462,0,1,1,0,0,0
3627,11,21,0,0,0,1,0,0,329.72727272727275,0,1,1,0,0,0
5439,11,21,0,0,0,1,0,0,494.45454545454544,0,1,1,0,0,0
3553,10,21,0,0,0,1,0,0,355.3,0,1,1,0,0,0
3188,11,21,0,0,0,1,0,0,289.8181818181818,0,1,1,0,0,0
4154,14,46,1,0,0,1,0,0,296.7142857142857,0,1,0,0,1,0
4901,16,46,1,0,0,1,0,0,306.3125,0,1,0,0,1,0
2240,13,46,1,0,0,1,0,0,172.30769230769232,0,1,0,0,1,0
3176,6,46,1,0,0,1,0,0,529.3333333333334,0,1,0,0,1,0
5918,17,46,1,0,0,1,0,0,348.11764705882354,0,1,0,0,1,0
4328,13,46,1,0,0,1,0,0,332.9230769230769,0,1,0,0,1,0
3358,15,46,1,0,0,1,0,0,223.86666666666667,0,1,0,0,1,0
3812,14,46,1,0,0,1,0,0,272.2857142857143,0,1,0,0,1,0
3045,17,46,1,0,0,1,0,0,179.11764705882354,0,1,0,0,1,0
5118,12,46,1,0,0,1,0,0,426.5,0,1,0,0,1,0
4752,10,46,1,0,0,1,0,0,475.2,0,1,0,0,1,0
4842,9,46,1,0,0,1,0,0,538.0,0,1,0,0,1,0
7963,12,67,1,1,0,0,0,1,663.5833333333334,0,1,0,0,0,1
7421,11,67,1,1,0,0,0,1,674.6363636363636,0,1,0,0,0,1
8135,12,67,1,1,0,0,0,1,677.9166666666666,0,1,0,0,0,1
5394,7,67,1,1,0,0,0,1,770.5714285714286,0,1,0,0,0,1
4686,16,67,1,1,0,0,0,1,292.875,0,1,0,0,0,1
4171,13,67,1,1,0,0,0,1,320.84615384615387,0,1,0,0,0,1
5018,16,67,1,1,0,0,0,1,313.625,0,1,0,0,0,1
4547,14,67,1,1,0,0,0,1,324.7857142857143,0,1,0,0,0,1
3610,13,67,1,1,0,0,0,1,277.6923076923077,0,1,0,0,0,1
3519,16,67,1,1,0,0,0,1,219.9375,0,1,0,0,0,1
7233,9,67,1,1,0,0,0,1,803.6666666666666,0,1,0,0,0,1
7681,13,18,0,1,0,0,0,1,590.8461538461538,0,1,1,0,0,0
5651,7,18,0,1,0,0,0,1,807.2857142857143,0,1,1,0,0,0
8873,20,18,0,1,0,0,0,1,443.65,0,1,1,0,0,0
6453,11,18,0,1,0,0,0,1,586.6363636363636,0,1,1,0,0,0
3260,9,18,0,1,0,0,0,1,362.22222222222223,0,1,1,0,0,0
6326,8,18,0,1,0,0,0,1,790.75,0,1,1,0,0,0
5584,9,18,0,1,0,0,0,1,620.4444444444445,0,1,1,0,0,0
8911,15,18,0,1,0,0,0,1,594.0666666666667,0,1,1,0,0,0
6448,11,18,0,1,0,0,0,1,586.1818181818181,0,1,1,0,0,0
6128,15,53,0,0,0,1,0,0,408.53333333333336,0,1,0,0,1,0
6756,13,53,0,0,0,1,0,0,519.6923076923077,0,1,0,0,1,0
6679,15,53,0,0,0,1,0,0,445.26666666666665,0,1,0,0,1,0
6894,14,53,0,0,0,1,0,0,492.42857142857144,0,1,0,0,1,0
7828,17,53,0,0,0,1,0,0,460.47058823529414,0,1,0,0,1,0
6604,13,53,0,0,0,1,0,0,508.0,0,1,0,0,1,0
8839,15,53,0,0,0,1,0,0,589.2666666666667,0,1,0,0,1,0
1033,10,41,0,0,0,0,0,0,103.3,0,1,0,1,0,0
1177,13,41,0,0,0,0,0,0,90.53846153846153,0,1,0,1,0,0
1376,17,41,0,0,0,0,0,0,80.94117647058823,0,1,0,1,0,0
1823,13,41,0,0,0,0,0,0,140.23076923076923,0,1,0,1,0,0
1286,10,41,0,0,0,0,0,0,128.6,0,1,0,1,0,0
1054,18,41,0,0,0,0,0,0,58.55555555555556,0,1,0,1,0,0
1947,9,41,0,0,0,0,0,0,216.33333333333334,0,1,0,1,0,0
1432,10,41,0,0,0,0,0,0,143.2,0,1,0,1,0,0
589,12,41,0,0,0,0,0,0,49.083333333333336,0,1,0,1,0,0
3098,17,41,0,0,0,0,0,0,182.23529411764707,0,1,0,1,0,0
934,16,41,0,0,0,0,0,0,58.375,0,1,0,1,0,0
1617,18,41,0,0,0,0,0,0,89.83333333333333,0,1,0,1,0,0
5151,9,81,0,0,0,0,0,0,572.3333333333334,0,1,0,0,0,1
6641,13,81,0,0,0,0,0,0,510.84615384615387,0,1,0,0,0,1
5820,8,81,0,0,0,0,0,0,727.5,0,1,0,0,0,1
6301,15,81,0,0,0,0,0,0,420.06666666666666,0,1,0,0,0,1
6569,12,81,0,0,0,0,0,0,547.4166666666666,0,1,0,0,0,1
3949,16,42,1,1,0,0,0,1,246.8125,0,1,0,1,0,0
2907,6,42,1,1,0,0,0,1,484.5,0,1,0,1,0,0
5471,15,42,1,1,0,0,0,1,364.73333333333335,0,1,0,1,0,0
5601,15,42,1,1,0,0,0,1,373.4,0,1,0,1,0,0
6550,18,42,1,1,0,0,0,1,363.8888888888889,0,1,0,1,0,0
2565,11,42,1,1,0,0,0,1,233.1818181818182,0,1,0,1,0,0
3902,11,42,1,1,0,0,0,1,354.72727272727275,0,1,0,1,0,0
4789,11,42,1,1,0,0,0,1,435.3636363636364,0,1,0,1,0,0
6814,9,42,1,1,0,0,0,1,757.1111111111111,0,1,0,1,0,0
5488,12,42,1,1,0,0,0,1,457.3333333333333,0,1,0,1,0,0
6723,11,36,1,0,0,0,0,0,611.1818181818181,0,1,0,1,0,0
5559,13,36,1,0,0,0,0,0,427.61538461538464,0,1,0,1,0,0
7192,16,36,1,0,0,0,0,0,449.5,0,1,0,1,0,0
5419,7,36,1,0,0,0,0,0,774.1428571428571,0,1,0,1,0,0
8525,17,36,1,0,0,0,0,0,501.47058823529414,0,1,0,1,0,0
3705,11,36,1,0,0,0,0,0,336.8181818181818,0,1,0,1,0,0
8434,18,36,1,0,0,0,0,0,468.55555555555554,0,1,0,1,0,0
8652,20,36,1,0,0,0,0,0,432.6,0,1,0,1,0,0
6970,7,36,1,0,0,0,0,0,995.7142857142857,0,1,0,1,0,0
8366,13,36,1,0,0,0,0,0,643.5384615384615,0,1,0,1,0,0
6609,13,36,1,0,0,0,0,0,508.38461538461536,0,1,0,1,0,0
3810,17,25,0,0,0,0,1,0,224.11764705882354,0,1,0,1,0,0
4512,12,25,0,0,0,0,1,0,376.0,0,1,0,1,0,0
4520,13,25,0,0,0,0,1,0,347.6923076923077,0,1,0,1,0,0
4371,13,25,0,0,0,0,1,0,336.2307692307692,0,1,0,1,0,0
6284,13,25,0,0,0,0,1,0,483.38461538461536,0,1,0,1,0,0
6337,14,25,0,0,0,0,1,0,452.64285714285717,0,1,0,1,0,0
7531,16,25,0,0,0,0,1,0,470.6875,0,1,0,1,0,0
3936,8,25,0,0,0,0,1,0,492.0,0,1,0,1,0,0
6500,13,25,0,0,0,0,1,0,500.0,0,1,0,1,0,0
8920,10,25,0,0,0,0,1,0,892.0,0,1,0,1,0,0
4832,11,25,0,0,0,0,1,0,439.27272727272725,0,1,0,1,0,0
6923,14,45,0,0,0,0,0,0,494.5,0,1,0,0,1,0
7962,19,45,0,0,0,0,0,0,419.05263157894734,0,1,0,0,1,0
5244,9,45,0,0,0,0,0,0,582.6666666666666,0,1,0,0,1,0
8306,11,45,0,0,0,0,0,0,755.0909090909091,0,1,0,0,1,0
6240,10,45,0,0,0,0,0,0,624.0,0,1,0,0,1,0
7258,12,45,0,0,0,0,0,0,604.8333333333334,0,1,0,0,1,0
5299,15,45,0,0,0,0,0,0,353.26666666666665,0,1,0,0,1,0
5507,3,45,0,0,0,0,0,0,1835.6666666666667,0,1,0,0,1,0
3644,7,80,1,0,0,1,0,0,520.5714285714286,0,1,0,0,0,1
1002,9,80,1,0,0,1,0,0,111.33333333333333,0,1,0,0,0,1
1991,10,80,1,0,0,1,0,0,199.1,0,1,0,0,0,1
1550,14,80,1,0,0,1,0,0,110.71428571428571,0,1,0,0,0,1
2457,8,80,1,0,0,1,0,0,307.125,0,1,0,0,0,1
1369,14,80,1,0,0,1,0,0,97.78571428571429,0,1,0,0,0,1
2078,12,80,1,0,0,1,0,0,173.16666666666666,0,1,0,0,0,1
714,7,80,1,0,0,1,0,0,102.0,0,1,0,0,0,1
3426,20,80,1,0,0,1,0,0,171.3,0,1,0,0,0,1
1378,12,80,1,0,0,1,0,0,114.83333333333333,0,1,0,0,0,1
4739,22,80,1,0,0,1,0,0,215.4090909090909,0,1,0,0,0,1
2095,11,80,1,0,0,1,0,0,190.45454545454547,0,1,0,0,0,1
8112,15,22,1,0,0,1,0,0,540.8,0,1,1,0,0,0
4951,19,22,1,0,0,1,0,0,260.57894736842104,0,1,1,0,0,0
6175,15,22,1,0,0,1,0,0,411.6666666666667,0,1,1,0,0,0
7778,11,22,1,0,0,1,0,0,707.0909090909091,0,1,1,0,0,0
5574,10,22,1,0,0,1,0,0,557.4,0,1,1,0,0,0
5160,10,22,1,0,0,1,0,0,516.0,0,1,1,0,0,0
7827,13,22,1,0,0,1,0,0,602.0769230769231,0,1,1,0,0,0
7697,12,22,1,0,0,1,0,0,641.4166666666666,0,1,1,0,0,0
5644,18,22,1,0,0,1,0,0,313.55555555555554,0,1,1,0,0,0
4316,8,22,1,0,0,1,0,0,539.5,0,1,1,0,0,0
4780,9,22,1,0,0,1,0,0,531.1111111111111,0,1,1,0,0,0
7697,9,40,1,0,0,0,0,0,855.2222222222222,0,1,0,1,0,0
8041,13,40,1,0,0,0,0,0,618.5384615384615,0,1,0,1,0,0
6776,12,40,1,0,0,0,0,0,564.6666666666666,0,1,0,1,0,0
6951,12,40,1,0,0,0,0,0,579.25,0,1,0,1,0,0
6997,12,40,1,0,0,0,0,0,583.0833333333334,0,1,0,1,0,0
7947,11,40,1,0,0,0,0,0,722.4545454545455,0,1,0,1,0,0
1413,13,60,1,0,0,0,0,0,108.6923076923077,0,1,0,0,1,0
2628,11,60,1,0,0,0,0,0,238.9090909090909,0,1,0,0,1,0
1473,8,60,1,0,0,0,0,0,184.125,0,1,0,0,1,0
3919,14,60,1,0,0,0,0,0,279.92857142857144,0,1,0,0,1,0
1281,12,60,1,0,0,0,0,0,106.75,0,1,0,0,1,0
1614,13,60,1,0,0,0,0,0,124.15384615384616,0,1,0,0,1,0
6373,14,60,1,0,0,0,0,0,455.2142857142857,0,1,0,0,1,0
2498,15,60,1,0,0,0,0,0,166.53333333333333,0,1,0,0,1,0
1404,13,60,1,0,0,0,0,0,108.0,0,1,0,0,1,0
1029,20,60,1,0,0,0,0,0,51.45,0,1,0,0,1,0
1085,12,60,1,0,0,0,0,0,90.41666666666667,0,1,0,0,1,0
5403,16,60,1,0,0,0,0,0,337.6875,0,1,0,0,1,0
3359,6,35,1,0,0,0,0,0,559.8333333333334,0,1,0,1,0,0
3781,14,35,1,0,0,0,0,0,270.07142857142856,0,1,0,1,0,0
3571,8,35,1,0,0,0,0,0,446.375,0,1,0,1,0,0
3515,15,35,1,0,0,0,0,0,234.33333333333334,0,1,0,1,0,0
2069,7,35,1,0,0,0,0,0,295.57142857142856,0,1,0,1,0,0
3557,19,35,1,0,0,0,0,0,187.21052631578948,0,1,0,1,0,0
5238,11,35,1,0,0,0,0,0,476.1818181818182,0,1,0,1,0,0
5191,15,35,1,0,0,0,0,0,346.06666666666666,0,1,0,1,0,0
2579,11,35,1,0,0,0,0,0,234.45454545454547,0,1,0,1,0,0
6161,16,35,1,0,0,0,0,0,385.0625,0,1,0,1,0,0
4844,8,35,1,0,0,0,0,0,605.5,0,1,0,1,0,0
6338,14,35,1,0,0,0,0,0,452.7142857142857,0,1,0,1,0,0
2875,11,29,1,0,0,0,0,0,261.3636363636364,0,1,0,1,0,0
6602,15,29,1,0,0,0,0,0,440.1333333333333,0,1,0,1,0,0
5318,10,29,1,0,0,0,0,0,531.8,0,1,0,1,0,0
5062,11,29,1,0,0,0,0,0,460.1818181818182,0,1,0,1,0,0
3966,14,29,1,0,0,0,0,0,283.2857142857143,0,1,0,1,0,0
7638,18,29,1,0,0,0,0,0,424.3333333333333,0,1,0,1,0,0
6126,18,29,1,0,0,0,0,0,340.3333333333333,0,1,0,1,0,0
3722,15,29,1,0,0,0,0,0,248.13333333333333,0,1,0,1,0,0
4213,12,29,1,0,0,0,0,0,351.0833333333333,0,1,0,1,0,0
4085,13,29,1,0,0,0,0,0,314.2307692307692,0,1,0,1,0,0
3455,7,29,1,0,0,0,0,0,493.57142857142856,0,1,0,1,0,0
6829,7,29,1,0,0,0,0,0,975.5714285714286,0,1,0,1,0,0
3854,13,63,0,0,0,0,0,0,296.46153846153845,0,1,0,0,1,0
5497,20,63,0,0,0,0,0,0,274.85,0,1,0,0,1,0
5079,11,63,0,0,0,0,0,0,461.72727272727275,0,1,0,0,1,0
2096,7,63,0,0,0,0,0,0,299.42857142857144,0,1,0,0,1,0
142,3,63,0,0,0,0,0,0,47.333333333333336,0,1,0,0,1,0
3199,9,63,0,0,0,0,0,0,355.44444444444446,0,1,0,0,1,0
4717,8,63,0,0,0,0,0,0,589.625,0,1,0,0,1,0
8190,19,63,0,0,0,0,0,0,431.05263157894734,0,1,0,0,1,0
4861,13,63,0,0,0,0,0,0,373.9230769230769,0,1,0,0,1,0
5906,15,63,0,0,0,0,0,0,393.73333333333335,0,1,0,0,1,0
6922,13,63,0,0,0,0,0,0,532.4615384615385,0,1,0,0,1,0
4159,11,63,0,0,0,0,0,0,378.09090909090907,0,1,0,0,1,0
3722,9,30,0,1,0,0,0,1,413.55555555555554,0,1,0,1,0,0
4779,21,30,0,1,0,0,0,1,227.57142857142858,0,1,0,1,0,0
5343,10,30,0,1,0,0,0,1,534.3,0,1,0,1,0,0
7248,21,30,0,1,0,0,0,1,345.14285714285717,0,1,0,1,0,0
6372,15,30,0,1,0,0,0,1,424.8,0,1,0,1,0,0
7483,14,30,0,1,0,0,0,1,534.5,0,1,0,1,0,0
5868,16,30,0,1,0,0,0,1,366.75,0,1,0,1,0,0
6694,19,30,0,1,0,0,0,1,352.3157894736842,0,1,0,1,0,0
7292,12,30,0,1,0,0,0,1,607.6666666666666,0,1,0,1,0,0
5822,13,30,0,1,0,0,0,1,447.84615384615387,0,1,0,1,0,0
8449,20,74,0,0,0,0,0,0,422.45,0,1,0,0,0,1
8510,11,74,0,0,0,0,0,0,773.6363636363636,0,1,0,0,0,1
8188,16,74,0,0,0,0,0,0,511.75,0,1,0,0,0,1
5854,13,74,0,0,0,0,0,0,450.3076923076923,0,1,0,0,0,1
5450,10,74,0,0,0,0,0,0,545.0,0,1,0,0,0,1
5829,11,74,0,0,0,0,0,0,529.9090909090909,0,1,0,0,0,1
7318,14,74,0,0,0,0,0,0,522.7142857142857,0,1,0,0,0,1
4799,10,74,0,0,0,0,0,0,479.9,0,1,0,0,0,1
8639,12,74,0,0,0,0,0,0,719.9166666666666,0,1,0,0,0,1
8367,13,55,0,0,0,1,0,0,643.6153846153846,0,1,0,0,1,0
3811,8,55,0,0,0,1,0,0,476.375,0,1,0,0,1,0
7042,21,55,0,0,0,1,0,0,335.3333333333333,0,1,0,0,1,0
8041,18,55,0,0,0,1,0,0,446.72222222222223,0,1,0,0,1,0
5549,14,55,0,0,0,1,0,0,396.35714285714283,0,1,0,0,1,0
6167,21,55,0,0,0,1,0,0,293.6666666666667,0,1,0,0,1,0
6258,14,55,0,0,0,1,0,0,447.0,0,1,0,0,1,0
7428,12,55,0,0,0,1,0,0,619.0,0,1,0,0,1,0
7790,17,55,0,0,0,1,0,0,458.2352941176471,0,1,0,0,1,0
4548,11,58,0,0,0,0,0,0,413.45454545454544,0,1,0,0,1,0
2495,12,58,0,0,0,0,0,0,207.91666666666666,0,1,0,0,1,0
4006,8,58,0,0,0,0,0,0,500.75,0,1,0,0,1,0
4010,9,58,0,0,0,0,0,0,445.55555555555554,0,1,0,0,1,0
3381,10,58,0,0,0,0,0,0,338.1,0,1,0,0,1,0
6582,7,58,0,0,0,0,0,0,940.2857142857143,0,1,0,0,1,0
2899,8,58,0,0,0,0,0,0,362.375,0,1,0,0,1,0
2617,10,58,0,0,0,0,0,0,261.7,0,1,0,0,1,0
3512,11,58,0,0,0,0,0,0,319.27272727272725,0,1,0,0,1,0
5762,17,58,0,0,0,0,0,0,338.94117647058823,0,1,0,0,1,0
2976,9,58,0,0,0,0,0,0,330.6666666666667,0,1,0,0,1,0
4956,7,58,0,0,0,0,0,0,708.0,0,1,0,0,1,0
7283,11,79,0,1,0,0,0,1,662.0909090909091,0,1,0,0,0,1
5837,14,79,0,1,0,0,0,1,416.92857142857144,0,1,0,0,0,1
7221,17,79,0,1,0,0,0,1,424.7647058823529,0,1,0,0,0,1
6342,9,79,0,1,0,0,0,1,704.6666666666666,0,1,0,0,0,1
5618,12,79,0,1,0,0,0,1,468.1666666666667,0,1,0,0,0,1
7131,12,79,0,1,0,0,0,1,594.25,0,1,0,0,0,1
4497,6,79,0,1,0,0,0,1,749.5,0,1,0,0,0,1
8063,19,79,0,1,0,0,0,1,424.36842105263156,0,1,0,0,0,1
5038,8,79,0,1,0,0,0,1,629.75,0,1,0,0,0,1
4241,13,79,0,1,0,0,0,1,326.2307692307692,0,1,0,0,0,1
7814,8,79,0,1,0,0,0,1,976.75,0,1,0,0,0,1
7685,18,83,0,1,0,0,1,1,426.94444444444446,0,1,0,0,0,1
6611,13,83,0,1,0,0,1,1,508.53846153846155,0,1,0,0,0,1
7748,11,83,0,1,0,0,1,1,704.3636363636364,0,1,0,0,0,1
8604,15,83,0,1,0,0,1,1,573.6,0,1,0,0,0,1
5683,11,83,0,1,0,0,1,1,516.6363636363636,0,1,0,0,0,1
7079,10,83,0,1,0,0,1,1,707.9,0,1,0,0,0,1
6686,13,83,0,1,0,0,1,1,514.3076923076923,0,1,0,0,0,1
7153,16,83,0,1,0,0,1,1,447.0625,0,1,0,0,0,1
6197,10,83,0,1,0,0,1,1,619.7,0,1,0,0,0,1
6477,16,83,0,1,0,0,1,1,404.8125,0,1,0,0,0,1
7115,18,83,0,1,0,0,1,1,395.27777777777777,0,1,0,0,0,1
7150,7,21,1,0,0,0,0,0,1021.4285714285714,0,1,1,0,0,0
7074,8,21,1,0,0,0,0,0,884.25,0,1,1,0,0,0
6952,11,21,1,0,0,0,0,0,632.0,0,1,1,0,0,0
7849,15,21,1,0,0,0,0,0,523.2666666666667,0,1,1,0,0,0
5193,12,21,1,0,0,0,0,0,432.75,0,1,1,0,0,0
8132,17,21,1,0,0,0,0,0,478.3529411764706,0,1,1,0,0,0
7275,14,21,1,0,0,0,0,0,519.6428571428571,0,1,1,0,0,0
6744,11,21,1,0,0,0,0,0,613.0909090909091,0,1,1,0,0,0
6351,14,21,1,0,0,0,0,0,453.64285714285717,0,1,1,0,0,0
5118,12,21,1,0,0,0,0,0,426.5,0,1,1,0,0,0
7671,12,21,1,0,0,0,0,0,639.25,0,1,1,0,0,0
4866,8,65,1,0,0,1,0,0,608.25,0,1,0,0,0,1
5750,12,65,1,0,0,1,0,0,479.1666666666667,0,1,0,0,0,1
2710,15,65,1,0,0,1,0,0,180.66666666666666,0,1,0,0,0,1
3322,22,65,1,0,0,1,0,0,151.0,0,1,0,0,0,1
2691,14,65,1,0,0,1,0,0,192.21428571428572,0,1,0,0,0,1
3919,18,65,1,0,0,1,0,0,217.72222222222223,0,1,0,0,0,1
3818,11,65,1,0,0,1,0,0,347.09090909090907,0,1,0,0,0,1
1716,12,65,1,0,0,1,0,0,143.0,0,1,0,0,0,1
5783,13,65,1,0,0,1,0,0,444.84615384615387,0,1,0,0,0,1
2477,6,65,1,0,0,1,0,0,412.8333333333333,0,1,0,0,0,1
5458,13,65,1,0,0,1,0,0,419.84615384615387,0,1,0,0,0,1
3510,8,65,1,0,0,1,0,0,438.75,0,1,0,0,0,1
1964,10,25,0,0,0,1,0,0,196.4,0,1,0,1,0,0
2655,10,25,0,0,0,1,0,0,265.5,0,1,0,1,0,0
2141,13,25,0,0,0,1,0,0,164.69230769230768,0,1,0,1,0,0
3345,10,25,0,0,0,1,0,0,334.5,0,1,0,1,0,0
2851,11,25,0,0,0,1,0,0,259.1818181818182,0,1,0,1,0,0
3181,19,25,0,0,0,1,0,0,167.42105263157896,0,1,0,1,0,0
3858,12,25,0,0,0,1,0,0,321.5,0,1,0,1,0,0
7663,13,25,0,0,0,1,0,0,589.4615384615385,0,1,0,1,0,0
2225,17,25,0,0,0,1,0,0,130.88235294117646,0,1,0,1,0,0
1546,12,25,0,0,0,1,0,0,128.83333333333334,0,1,0,1,0,0
1586,12,25,0,0,0,1,0,0,132.16666666666666,0,1,0,1,0,0
3613,6,25,0,0,0,1,0,0,602.1666666666666,0,1,0,1,0,0
8755,11,63,1,0,0,1,0,0,795.9090909090909,0,1,0,0,1,0
8185,10,63,1,0,0,1,0,0,818.5,0,1,0,0,1,0
6385,14,63,1,0,0,1,0,0,456.07142857142856,0,1,0,0,1,0
5547,8,63,1,0,0,1,0,0,693.375,0,1,0,0,1,0
8063,9,63,1,0,0,1,0,0,895.8888888888889,0,1,0,0,1,0
5028,8,63,1,0,0,1,0,0,628.5,0,1,0,0,1,0
8561,10,63,1,0,0,1,0,0,856.1,0,1,0,0,1,0
8206,12,77,1,0,0,1,1,0,683.8333333333334,0,1,0,0,0,1
7281,16,77,1,0,0,1,1,0,455.0625,0,1,0,0,0,1
6720,18,77,1,0,0,1,1,0,373.3333333333333,0,1,0,0,0,1
4680,9,77,1,0,0,1,1,0,520.0,0,1,0,0,0,1
6330,15,77,1,0,0,1,1,0,422.0,0,1,0,0,0,1
7301,17,77,1,0,0,1,1,0,429.47058823529414,0,1,0,0,0,1
6101,15,77,1,0,0,1,1,0,406.73333333333335,0,1,0,0,0,1
4792,14,77,1,0,0,1,1,0,342.2857142857143,0,1,0,0,0,1
8979,23,77,1,0,0,1,1,0,390.39130434782606,0,1,0,0,0,1
6457,19,68,1,0,0,0,0,0,339.8421052631579,0,1,0,0,0,1
1179,21,68,1,0,0,0,0,0,56.142857142857146,0,1,0,0,0,1
1175,11,68,1,0,0,0,0,0,106.81818181818181,0,1,0,0,0,1
3557,16,68,1,0,0,0,0,0,222.3125,0,1,0,0,0,1
1429,9,68,1,0,0,0,0,0,158.77777777777777,0,1,0,0,0,1
1665,13,68,1,0,0,0,0,0,128.07692307692307,0,1,0,0,0,1
1663,18,68,1,0,0,0,0,0,92.38888888888889,0,1,0,0,0,1
1299,6,68,1,0,0,0,0,0,216.5,0,1,0,0,0,1
960,13,68,1,0,0,0,0,0,73.84615384615384,0,1,0,0,0,1
1021,11,68,1,0,0,0,0,0,92.81818181818181,0,1,0,0,0,1
835,12,68,1,0,0,0,0,0,69.58333333333333,0,1,0,0,0,1
1080,15,68,1,0,0,0,0,0,72.0,0,1,0,0,0,1
2741,9,44,0,0,0,1,0,0,304.55555555555554,0,1,0,1,0,0
1657,10,44,0,0,0,1,0,0,165.7,0,1,0,1,0,0
2247,11,44,0,0,0,1,0,0,204.27272727272728,0,1,0,1,0,0
2276,12,44,0,0,0,1,0,0,189.66666666666666,0,1,0,1,0,0
2203,11,44,0,0,0,1,0,0,200.27272727272728,0,1,0,1,0,0
3974,11,44,0,0,0,1,0,0,361.27272727272725,0,1,0,1,0,0
3685,12,44,0,0,0,1,0,0,307.0833333333333,0,1,0,1,0,0
2091,11,44,0,0,0,1,0,0,190.0909090909091,0,1,0,1,0,0
2361,18,44,0,0,0,1,0,0,131.16666666666666,0,1,0,1,0,0
4189,14,44,0,0,0,1,0,0,299.2142857142857,0,1,0,1,0,0
2700,14,44,0,0,0,1,0,0,192.85714285714286,0,1,0,1,0,0
2361,11,44,0,0,0,1,0,0,214.63636363636363,0,1,0,1,0,0
2076,16,75,0,0,0,0,0,0,129.75,0,1,0,0,0,1
4468,22,75,0,0,0,0,0,0,203.0909090909091,0,1,0,0,0,1
3009,12,75,0,0,0,0,0,0,250.75,0,1,0,0,0,1
4191,18,75,0,0,0,0,0,0,232.83333333333334,0,1,0,0,0,1
2994,11,75,0,0,0,0,0,0,272.1818181818182,0,1,0,0,0,1
2927,13,75,0,0,0,0,0,0,225.15384615384616,0,1,0,0,0,1
4588,14,75,0,0,0,0,0,0,327.7142857142857,0,1,0,0,0,1
4552,13,75,0,0,0,0,0,0,350.15384615384613,0,1,0,0,0,1
7791,11,75,0,0,0,0,0,0,708.2727272727273,0,1,0,0,0,1
1931,15,75,0,0,0,0,0,0,128.73333333333332,0,1,0,0,0,1
5094,13,75,0,0,0,0,0,0,391.84615384615387,0,1,0,0,0,1
2984,17,75,0,0,0,0,0,0,175.52941176470588,0,1,0,0,0,1
4836,12,41,0,0,0,1,0,0,403.0,0,1,0,1,0,0
4414,11,41,0,0,0,1,0,0,401.27272727272725,0,1,0,1,0,0
5544,6,41,0,0,0,1,0,0,924.0,0,1,0,1,0,0
8993,14,41,0,0,0,1,0,0,642.3571428571429,0,1,0,1,0,0
4498,17,41,0,0,0,1,0,0,264.5882352941176,0,1,0,1,0,0
5043,11,41,0,0,0,1,0,0,458.45454545454544,0,1,0,1,0,0
4770,15,41,0,0,0,1,0,0,318.0,0,1,0,1,0,0
4634,20,41,0,0,0,1,0,0,231.7,0,1,0,1,0,0
4566,11,41,0,0,0,1,0,0,415.09090909090907,0,1,0,1,0,0
3495,12,41,0,0,0,1,0,0,291.25,0,1,0,1,0,0
5417,5,41,0,0,0,1,0,0,1083.4,0,1,0,1,0,0
4327,14,41,0,0,0,1,0,0,309.07142857142856,0,1,0,1,0,0
2815,15,71,1,0,0,0,0,0,187.66666666666666,0,1,0,0,0,1
5742,11,71,1,0,0,0,0,0,522.0,0,1,0,0,0,1
1405,14,71,1,0,0,0,0,0,100.35714285714286,0,1,0,0,0,1
5260,11,71,1,0,0,0,0,0,478.1818181818182,0,1,0,0,0,1
2089,17,71,1,0,0,0,0,0,122.88235294117646,0,1,0,0,0,1
3306,8,71,1,0,0,0,0,0,413.25,0,1,0,0,0,1
1597,4,71,1,0,0,0,0,0,399.25,0,1,0,0,0,1
4066,12,71,1,0,0,0,0,0,338.8333333333333,0,1,0,0,0,1
2240,17,71,1,0,0,0,0,0,131.76470588235293,0,1,0,0,0,1
2118,11,71,1,0,0,0,0,0,192.54545454545453,0,1,0,0,0,1
2875,12,71,1,0,0,0,0,0,239.58333333333334,0,1,0,0,0,1
3320,13,71,1,0,0,0,0,0,255.3846153846154,0,1,0,0,0,1
4153,11,31,0,0,0,1,0,0,377.54545454545456,0,1,0,1,0,0
4625,10,31,0,0,0,1,0,0,462.5,0,1,0,1,0,0
3218,17,31,0,0,0,1,0,0,189.2941176470588,0,1,0,1,0,0
6781,15,31,0,0,0,1,0,0,452.06666666666666,0,1,0,1,0,0
4937,10,31,0,0,0,1,0,0,493.7,0,1,0,1,0,0
3457,12,31,0,0,0,1,0,0,288.0833333333333,0,1,0,1,0,0
2331,12,31,0,0,0,1,0,0,194.25,0,1,0,1,0,0
2729,14,31,0,0,0,1,0,0,194.92857142857142,0,1,0,1,0,0
2019,13,31,0,0,0,1,0,0,155.30769230769232,0,1,0,1,0,0
1411,7,31,0,0,0,1,0,0,201.57142857142858,0,1,0,1,0,0
2166,9,31,0,0,0,1,0,0,240.66666666666666,0,1,0,1,0,0
2896,12,31,0,0,0,1,0,0,241.33333333333334,0,1,0,1,0,0
3320,9,70,1,1,0,0,0,1,368.8888888888889,0,1,0,0,0,1
5895,11,70,1,1,0,0,0,1,535.9090909090909,0,1,0,0,0,1
5454,13,70,1,1,0,0,0,1,419.53846153846155,0,1,0,0,0,1
4158,11,70,1,1,0,0,0,1,378.0,0,1,0,0,0,1
1360,11,70,1,1,0,0,0,1,123.63636363636364,0,1,0,0,0,1
6134,14,70,1,1,0,0,0,1,438.14285714285717,0,1,0,0,0,1
2771,7,70,1,1,0,0,0,1,395.85714285714283,0,1,0,0,0,1
5110,20,70,1,1,0,0,0,1,255.5,0,1,0,0,0,1
3790,10,70,1,1,0,0,0,1,379.0,0,1,0,0,0,1
4444,7,70,1,1,0,0,0,1,634.8571428571429,0,1,0,0,0,1
6299,14,70,1,1,0,0,0,1,449.92857142857144,0,1,0,0,0,1
6790,12,70,1,1,0,0,0,1,565.8333333333334,0,1,0,0,0,1
7825,11,74,1,0,0,1,0,0,711.3636363636364,0,1,0,0,0,1
6388,7,74,1,0,0,1,0,0,912.5714285714286,0,1,0,0,0,1
6850,11,74,1,0,0,1,0,0,622.7272727272727,0,1,0,0,0,1
6956,13,74,1,0,0,1,0,0,535.0769230769231,0,1,0,0,0,1
5434,7,74,1,0,0,1,0,0,776.2857142857143,0,1,0,0,0,1
3985,7,74,1,0,0,1,0,0,569.2857142857143,0,1,0,0,0,1
5308,11,74,1,0,0,1,0,0,482.54545454545456,0,1,0,0,0,1
8170,18,74,1,0,0,1,0,0,453.8888888888889,0,1,0,0,0,1
7666,11,74,1,0,0,1,0,0,696.9090909090909,0,1,0,0,0,1
6544,15,74,1,0,0,1,0,0,436.26666666666665,0,1,0,0,0,1
4983,12,74,1,0,0,1,0,0,415.25,0,1,0,0,0,1
6736,13,60,0,0,0,1,0,0,518.1538461538462,0,1,0,0,1,0
6400,18,60,0,0,0,1,0,0,355.55555555555554,0,1,0,0,1,0
6978,16,60,0,0,0,1,0,0,436.125,0,1,0,0,1,0
5179,14,60,0,0,0,1,0,0,369.92857142857144,0,1,0,0,1,0
6476,22,60,0,0,0,1,0,0,294.3636363636364,0,1,0,0,1,0
8758,16,60,0,0,0,1,0,0,547.375,0,1,0,0,1,0
5016,9,32,1,1,0,0,1,1,557.3333333333334,0,1,0,1,0,0
5514,12,32,1,1,0,0,1,1,459.5,0,1,0,1,0,0
3716,13,32,1,1,0,0,1,1,285.84615384615387,0,1,0,1,0,0
8116,12,32,1,1,0,0,1,1,676.3333333333334,0,1,0,1,0,0
3953,11,32,1,1,0,0,1,1,359.3636363636364,0,1,0,1,0,0
6999,16,32,1,1,0,0,1,1,437.4375,0,1,0,1,0,0
7337,10,32,1,1,0,0,1,1,733.7,0,1,0,1,0,0
4583,12,32,1,1,0,0,1,1,381.9166666666667,0,1,0,1,0,0
4519,16,32,1,1,0,0,1,1,282.4375,0,1,0,1,0,0
6762,9,32,1,1,0,0,1,1,751.3333333333334,0,1,0,1,0,0
4375,17,32,1,1,0,0,1,1,257.3529411764706,0,1,0,1,0,0
5918,16,26,0,0,0,1,0,0,369.875,0,1,0,1,0,0
4120,10,26,0,0,0,1,0,0,412.0,0,1,0,1,0,0
5444,7,26,0,0,0,1,0,0,777.7142857142857,0,1,0,1,0,0
5080,9,26,0,0,0,1,0,0,564.4444444444445,0,1,0,1,0,0
7226,14,26,0,0,0,1,0,0,516.1428571428571,0,1,0,1,0,0
4277,11,26,0,0,0,1,0,0,388.8181818181818,0,1,0,1,0,0
3520,18,26,0,0,0,1,0,0,195.55555555555554,0,1,0,1,0,0
4732,15,26,0,0,0,1,0,0,315.46666666666664,0,1,0,1,0,0
4172,19,26,0,0,0,1,0,0,219.57894736842104,0,1,0,1,0,0
5547,10,26,0,0,0,1,0,0,554.7,0,1,0,1,0,0
4829,15,26,0,0,0,1,0,0,321.93333333333334,0,1,0,1,0,0
2171,11,26,0,0,0,1,0,0,197.36363636363637,0,1,0,1,0,0
6906,8,51,0,1,1,0,0,1,863.25,0,1,0,0,1,0
5221,16,51,0,1,1,0,0,1,326.3125,0,1,0,0,1,0
8637,17,51,0,1,1,0,0,1,508.05882352941177,0,1,0,0,1,0
7289,13,51,0,1,1,0,0,1,560.6923076923077,0,1,0,0,1,0
7993,6,51,0,1,1,0,0,1,1332.1666666666667,0,1,0,0,1,0
4478,9,47,1,0,0,0,0,0,497.55555555555554,0,1,0,0,1,0
5006,10,47,1,0,0,0,0,0,500.6,0,1,0,0,1,0
3435,9,47,1,0,0,0,0,0,381.6666666666667,0,1,0,0,1,0
5555,11,47,1,0,0,0,0,0,505.0,0,1,0,0,1,0
3536,10,47,1,0,0,0,0,0,353.6,0,1,0,0,1,0
5026,14,47,1,0,0,0,0,0,359.0,0,1,0,0,1,0
4368,14,47,1,0,0,0,0,0,312.0,0,1,0,0,1,0
5478,17,47,1,0,0,0,0,0,322.2352941176471,0,1,0,0,1,0
3600,12,47,1,0,0,0,0,0,300.0,0,1,0,0,1,0
4020,16,47,1,0,0,0,0,0,251.25,0,1,0,0,1,0
2841,11,47,1,0,0,0,0,0,258.27272727272725,0,1,0,0,1,0
6608,14,55,0,0,0,0,0,0,472.0,0,1,0,0,1,0
8887,11,55,0,0,0,0,0,0,807.9090909090909,0,1,0,0,1,0
7037,15,55,0,0,0,0,0,0,469.1333333333333,0,1,0,0,1,0
5422,6,55,0,0,0,0,0,0,903.6666666666666,0,1,0,0,1,0
7183,15,55,0,0,0,0,0,0,478.8666666666667,0,1,0,0,1,0
8644,21,66,1,0,0,0,1,0,411.6190476190476,0,1,0,0,0,1
8893,9,66,1,0,0,0,1,0,988.1111111111111,0,1,0,0,0,1
789,8,66,1,0,0,0,1,0,98.625,0,1,0,0,0,1
8398,11,66,1,0,0,0,1,0,763.4545454545455,0,1,0,0,0,1
8644,11,66,1,0,0,0,1,0,785.8181818181819,0,1,0,0,0,1
1623,13,65,0,0,1,0,0,1,124.84615384615384,0,1,0,0,0,1
1270,10,65,0,0,1,0,0,1,127.0,0,1,0,0,0,1
1840,14,65,0,0,1,0,0,1,131.42857142857142,0,1,0,0,0,1
2289,14,65,0,0,1,0,0,1,163.5,0,1,0,0,0,1
1643,17,65,0,0,1,0,0,1,96.6470588235294,0,1,0,0,0,1
1596,13,65,0,0,1,0,0,1,122.76923076923077,0,1,0,0,0,1
1174,8,65,0,0,1,0,0,1,146.75,0,1,0,0,0,1
4982,12,65,0,0,1,0,0,1,415.1666666666667,0,1,0,0,0,1
1806,15,65,0,0,1,0,0,1,120.4,0,1,0,0,0,1
2069,7,65,0,0,1,0,0,1,295.57142857142856,0,1,0,0,0,1
1631,12,65,0,0,1,0,0,1,135.91666666666666,0,1,0,0,0,1
551,8,65,0,0,1,0,0,1,68.875,0,1,0,0,0,1
2496,17,78,0,0,0,1,0,0,146.8235294117647,0,1,0,0,0,1
7050,7,78,0,0,0,1,0,0,1007.1428571428571,0,1,0,0,0,1
4121,7,78,0,0,0,1,0,0,588.7142857142857,0,1,0,0,0,1
3881,15,78,0,0,0,1,0,0,258.73333333333335,0,1,0,0,0,1
2196,17,78,0,0,0,1,0,0,129.1764705882353,0,1,0,0,0,1
5119,7,78,0,0,0,1,0,0,731.2857142857143,0,1,0,0,0,1
4533,10,78,0,0,0,1,0,0,453.3,0,1,0,0,0,1
2243,9,78,0,0,0,1,0,0,249.22222222222223,0,1,0,0,0,1
2694,10,78,0,0,0,1,0,0,269.4,0,1,0,0,0,1
1662,9,78,0,0,0,1,0,0,184.66666666666666,0,1,0,0,0,1
7753,20,78,0,0,0,1,0,0,387.65,0,1,0,0,0,1
2815,8,41,1,0,0,0,0,0,351.875,0,1,0,1,0,0
5539,6,41,1,0,0,0,0,0,923.1666666666666,0,1,0,1,0,0
4072,9,31,1,1,0,0,0,1,452.44444444444446,0,1,0,1,0,0
7030,16,31,1,1,0,0,0,1,439.375,0,1,0,1,0,0
3544,7,31,1,1,0,0,0,1,506.2857142857143,0,1,0,1,0,0
4113,6,31,1,1,0,0,0,1,685.5,0,1,0,1,0,0
3120,8,31,1,1,0,0,0,1,390.0,0,1,0,1,0,0
4019,10,31,1,1,0,0,0,1,401.9,0,1,0,1,0,0
3369,14,31,1,1,0,0,0,1,240.64285714285714,0,1,0,1,0,0
4433,15,31,1,1,0,0,0,1,295.53333333333336,0,1,0,1,0,0
5840,13,31,1,1,0,0,0,1,449.2307692307692,0,1,0,1,0,0
2874,13,31,1,1,0,0,0,1,221.07692307692307,0,1,0,1,0,0
2105,11,31,1,1,0,0,0,1,191.36363636363637,0,1,0,1,0,0
6641,16,31,1,1,0,0,0,1,415.0625,0,1,0,1,0,0
6276,13,55,1,0,0,1,0,0,482.7692307692308,0,1,0,0,1,0
8677,8,55,1,0,0,1,0,0,1084.625,0,1,0,0,1,0
8274,17,55,1,0,0,1,0,0,486.70588235294116,0,1,0,0,1,0
7211,16,67,1,0,0,0,1,0,450.6875,0,1,0,0,0,1
5933,9,67,1,0,0,0,1,0,659.2222222222222,0,1,0,0,0,1
4396,14,67,1,0,0,0,1,0,314.0,0,1,0,0,0,1
2644,11,67,1,0,0,0,1,0,240.36363636363637,0,1,0,0,0,1
4987,12,67,1,0,0,0,1,0,415.5833333333333,0,1,0,0,0,1
5796,11,67,1,0,0,0,1,0,526.9090909090909,0,1,0,0,0,1
5123,20,67,1,0,0,0,1,0,256.15,0,1,0,0,0,1
4461,7,67,1,0,0,0,1,0,637.2857142857143,0,1,0,0,0,1
4843,15,67,1,0,0,0,1,0,322.8666666666667,0,1,0,0,0,1
5664,15,67,1,0,0,0,1,0,377.6,0,1,0,0,0,1
6030,17,67,1,0,0,0,1,0,354.70588235294116,0,1,0,0,0,1
8512,16,33,1,0,1,0,0,1,532.0,0,1,0,1,0,0
7356,9,33,1,0,1,0,0,1,817.3333333333334,0,1,0,1,0,0
6513,7,33,1,0,1,0,0,1,930.4285714285714,0,1,0,1,0,0
5893,10,54,1,0,0,1,1,0,589.3,0,1,0,0,1,0
2140,13,54,1,0,0,1,1,0,164.6153846153846,0,1,0,0,1,0
2757,18,54,1,0,0,1,1,0,153.16666666666666,0,1,0,0,1,0
2663,7,54,1,0,0,1,1,0,380.42857142857144,0,1,0,0,1,0
2795,7,54,1,0,0,1,1,0,399.2857142857143,0,1,0,0,1,0
2013,11,54,1,0,0,1,1,0,183.0,0,1,0,0,1,0
2030,17,54,1,0,0,1,1,0,119.41176470588235,0,1,0,0,1,0
2062,15,54,1,0,0,1,1,0,137.46666666666667,0,1,0,0,1,0
4003,17,54,1,0,0,1,1,0,235.47058823529412,0,1,0,0,1,0
2366,17,54,1,0,0,1,1,0,139.1764705882353,0,1,0,0,1,0
3576,10,54,1,0,0,1,1,0,357.6,0,1,0,0,1,0
2469,8,54,1,0,0,1,1,0,308.625,0,1,0,0,1,0
3316,11,73,1,1,1,0,0,1,301.45454545454544,0,1,0,0,0,1
3219,20,73,1,1,1,0,0,1,160.95,0,1,0,0,0,1
4197,17,73,1,1,1,0,0,1,246.88235294117646,0,1,0,0,0,1
2736,11,73,1,1,1,0,0,1,248.72727272727272,0,1,0,0,0,1
5346,12,73,1,1,1,0,0,1,445.5,0,1,0,0,0,1
4096,7,73,1,1,1,0,0,1,585.1428571428571,0,1,0,0,0,1
3027,15,73,1,1,1,0,0,1,201.8,0,1,0,0,0,1
3758,8,73,1,1,1,0,0,1,469.75,0,1,0,0,0,1
4763,7,73,1,1,1,0,0,1,680.4285714285714,0,1,0,0,0,1
4475,18,73,1,1,1,0,0,1,248.61111111111111,0,1,0,0,0,1
4913,22,73,1,1,1,0,0,1,223.3181818181818,0,1,0,0,0,1
4397,11,73,1,1,1,0,0,1,399.72727272727275,0,1,0,0,0,1
2063,11,85,1,0,0,0,0,0,187.54545454545453,0,1,0,0,0,1
1642,16,85,1,0,0,0,0,0,102.625,0,1,0,0,0,1
1140,12,85,1,0,0,0,0,0,95.0,0,1,0,0,0,1
1272,5,85,1,0,0,0,0,0,254.4,0,1,0,0,0,1
1934,15,85,1,0,0,0,0,0,128.93333333333334,0,1,0,0,0,1
1805,11,85,1,0,0,0,0,0,164.0909090909091,0,1,0,0,0,1
545,5,85,1,0,0,0,0,0,109.0,0,1,0,0,0,1
1436,6,85,1,0,0,0,0,0,239.33333333333334,0,1,0,0,0,1
1806,16,85,1,0,0,0,0,0,112.875,0,1,0,0,0,1
1834,17,85,1,0,0,0,0,0,107.88235294117646,0,1,0,0,0,1
2057,12,85,1,0,0,0,0,0,171.41666666666666,0,1,0,0,0,1
1514,13,85,1,0,0,0,0,0,116.46153846153847,0,1,0,0,0,1
2360,8,45,0,0,0,0,0,0,295.0,0,1,0,0,1,0
1368,13,45,0,0,0,0,0,0,105.23076923076923,0,1,0,0,1,0
1072,13,45,0,0,0,0,0,0,82.46153846153847,0,1,0,0,1,0
2512,13,45,0,0,0,0,0,0,193.23076923076923,0,1,0,0,1,0
1289,9,45,0,0,0,0,0,0,143.22222222222223,0,1,0,0,1,0
8380,15,45,0,0,0,0,0,0,558.6666666666666,0,1,0,0,1,0
3300,10,45,0,0,0,0,0,0,330.0,0,1,0,0,1,0
2361,10,45,0,0,0,0,0,0,236.1,0,1,0,0,1,0
1375,7,45,0,0,0,0,0,0,196.42857142857142,0,1,0,0,1,0
3715,18,45,0,0,0,0,0,0,206.38888888888889,0,1,0,0,1,0
2680,10,45,0,0,0,0,0,0,268.0,0,1,0,0,1,0
3131,14,45,0,0,0,0,0,0,223.64285714285714,0,1,0,0,1,0
8821,15,60,1,0,0,0,0,0,588.0666666666667,0,1,0,0,1,0
8677,11,60,1,0,0,0,0,0,788.8181818181819,0,1,0,0,1,0
6656,21,60,1,0,0,0,0,0,316.95238095238096,0,1,0,0,1,0
7373,16,60,1,0,0,0,0,0,460.8125,0,1,0,0,1,0
8624,7,60,1,0,0,0,0,0,1232.0,0,1,0,0,1,0
8510,16,60,1,0,0,0,0,0,531.875,0,1,0,0,1,0
8410,18,60,1,0,0,0,0,0,467.22222222222223,0,1,0,0,1,0
8570,14,60,1,0,0,0,0,0,612.1428571428571,0,1,0,0,1,0
8796,17,28,1,0,0,1,1,0,517.4117647058823,0,1,0,1,0,0
6398,17,28,1,0,0,1,1,0,376.3529411764706,0,1,0,1,0,0
7526,10,28,1,0,0,1,1,0,752.6,0,1,0,1,0,0
5800,14,28,1,0,0,1,1,0,414.2857142857143,0,1,0,1,0,0
4611,7,28,1,0,0,1,1,0,658.7142857142857,0,1,0,1,0,0
6130,11,28,1,0,0,1,1,0,557.2727272727273,0,1,0,1,0,0
8942,20,41,0,0,0,1,1,0,447.1,0,1,0,1,0,0
8967,17,41,0,0,0,1,1,0,527.4705882352941,0,1,0,1,0,0
8707,11,41,0,0,0,1,1,0,791.5454545454545,0,1,0,1,0,0
7623,14,41,0,0,0,1,1,0,544.5,0,1,0,1,0,0
8075,15,27,0,0,0,0,0,0,538.3333333333334,0,1,0,1,0,0
6201,17,27,0,0,0,0,0,0,364.7647058823529,0,1,0,1,0,0
7779,13,27,0,0,0,0,0,0,598.3846153846154,0,1,0,1,0,0
6738,15,27,0,0,0,0,0,0,449.2,0,1,0,1,0,0
6790,5,27,0,0,0,0,0,0,1358.0,0,1,0,1,0,0
7067,13,27,0,0,0,0,0,0,543.6153846153846,0,1,0,1,0,0
5073,12,27,0,0,0,0,0,0,422.75,0,1,0,1,0,0
8111,14,27,0,0,0,0,0,0,579.3571428571429,0,1,0,1,0,0
6513,16,27,0,0,0,0,0,0,407.0625,0,1,0,1,0,0
6402,16,27,0,0,0,0,0,0,400.125,0,1,0,1,0,0
7003,11,27,0,0,0,0,0,0,636.6363636363636,0,1,0,1,0,0
643,13,20,1,0,0,0,0,0,49.46153846153846,0,1,1,0,0,0
1663,13,20,1,0,0,0,0,0,127.92307692307692,0,1,1,0,0,0
962,11,20,1,0,0,0,0,0,87.45454545454545,0,1,1,0,0,0
1367,19,20,1,0,0,0,0,0,71.94736842105263,0,1,1,0,0,0
1201,10,20,1,0,0,0,0,0,120.1,0,1,1,0,0,0
961,14,20,1,0,0,0,0,0,68.64285714285714,0,1,1,0,0,0
478,10,20,1,0,0,0,0,0,47.8,0,1,1,0,0,0
1457,17,20,1,0,0,0,0,0,85.70588235294117,0,1,1,0,0,0
1436,12,20,1,0,0,0,0,0,119.66666666666667,0,1,1,0,0,0
1718,14,20,1,0,0,0,0,0,122.71428571428571,0,1,1,0,0,0
2297,15,20,1,0,0,0,0,0,153.13333333333333,0,1,1,0,0,0
1796,6,20,1,0,0,0,0,0,299.3333333333333,0,1,1,0,0,0
7752,13,43,0,0,0,0,1,0,596.3076923076923,0,1,0,1,0,0
7591,12,43,0,0,0,0,1,0,632.5833333333334,0,1,0,1,0,0
7724,11,43,0,0,0,0,1,0,702.1818181818181,0,1,0,1,0,0
1894,15,46,0,0,0,0,0,0,126.26666666666667,0,1,0,0,1,0
1159,11,46,0,0,0,0,0,0,105.36363636363636,0,1,0,0,1,0
2550,12,46,0,0,0,0,0,0,212.5,0,1,0,0,1,0
3079,11,46,0,0,0,0,0,0,279.90909090909093,0,1,0,0,1,0
1912,12,46,0,0,0,0,0,0,159.33333333333334,0,1,0,0,1,0
2308,12,46,0,0,0,0,0,0,192.33333333333334,0,1,0,0,1,0
3354,15,46,0,0,0,0,0,0,223.6,0,1,0,0,1,0
2084,15,46,0,0,0,0,0,0,138.93333333333334,0,1,0,0,1,0
1636,11,46,0,0,0,0,0,0,148.72727272727272,0,1,0,0,1,0
2870,14,46,0,0,0,0,0,0,205.0,0,1,0,0,1,0
2216,14,46,0,0,0,0,0,0,158.28571428571428,0,1,0,0,1,0
2213,13,46,0,0,0,0,0,0,170.23076923076923,0,1,0,0,1,0
7766,20,36,0,1,1,0,0,1,388.3,0,1,0,1,0,0
2194,6,36,0,1,1,0,0,1,365.6666666666667,0,1,0,1,0,0
7780,5,36,0,1,1,0,0,1,1556.0,0,1,0,1,0,0
6963,13,36,0,1,1,0,0,1,535.6153846153846,0,1,0,1,0,0
2574,8,35,0,0,0,0,0,0,321.75,0,1,0,1,0,0
5668,17,35,0,0,0,0,0,0,333.4117647058824,0,1,0,1,0,0
4490,12,35,0,0,0,0,0,0,374.1666666666667,0,1,0,1,0,0
3743,14,35,0,0,0,0,0,0,267.35714285714283,0,1,0,1,0,0
2785,12,35,0,0,0,0,0,0,232.08333333333334,0,1,0,1,0,0
3919,9,35,0,0,0,0,0,0,435.44444444444446,0,1,0,1,0,0
4400,11,35,0,0,0,0,0,0,400.0,0,1,0,1,0,0
2936,10,35,0,0,0,0,0,0,293.6,0,1,0,1,0,0
7143,13,35,0,0,0,0,0,0,549.4615384615385,0,1,0,1,0,0
3293,12,35,0,0,0,0,0,0,274.4166666666667,0,1,0,1,0,0
3316,13,35,0,0,0,0,0,0,255.07692307692307,0,1,0,1,0,0
3322,14,35,0,0,0,0,0,0,237.28571428571428,0,1,0,1,0,0
4582,17,59,0,0,0,1,0,0,269.52941176470586,0,1,0,0,1,0
5463,17,59,0,0,0,1,0,0,321.3529411764706,0,1,0,0,1,0
3447,12,59,0,0,0,1,0,0,287.25,0,1,0,0,1,0
5959,16,59,0,0,0,1,0,0,372.4375,0,1,0,0,1,0
4965,9,59,0,0,0,1,0,0,551.6666666666666,0,1,0,0,1,0
7378,7,59,0,0,0,1,0,0,1054.0,0,1,0,0,1,0
5443,13,59,0,0,0,1,0,0,418.6923076923077,0,1,0,0,1,0
5674,9,59,0,0,0,1,0,0,630.4444444444445,0,1,0,0,1,0
5274,8,59,0,0,0,1,0,0,659.25,0,1,0,0,1,0
5255,15,59,0,0,0,1,0,0,350.3333333333333,0,1,0,0,1,0
2630,9,59,0,0,0,1,0,0,292.22222222222223,0,1,0,0,1,0
7018,8,69,0,0,0,1,0,0,877.25,0,1,0,0,0,1
4639,13,69,0,0,0,1,0,0,356.84615384615387,0,1,0,0,0,1
7666,18,69,0,0,0,1,0,0,425.8888888888889,0,1,0,0,0,1
8260,16,69,0,0,0,1,0,0,516.25,0,1,0,0,0,1
6643,8,69,0,0,0,1,0,0,830.375,0,1,0,0,0,1
8513,10,69,0,0,0,1,0,0,851.3,0,1,0,0,0,1
8239,15,69,0,0,0,1,0,0,549.2666666666667,0,1,0,0,0,1
4305,9,69,0,0,0,1,0,0,478.3333333333333,0,1,0,0,0,1
6870,11,69,0,0,0,1,0,0,624.5454545454545,0,1,0,0,0,1
6026,11,69,0,0,0,1,0,0,547.8181818181819,0,1,0,0,0,1
1652,9,82,1,1,1,1,0,1,183.55555555555554,0,1,0,0,0,1
1638,16,82,1,1,1,1,0,1,102.375,0,1,0,0,0,1
1777,11,82,1,1,1,1,0,1,161.54545454545453,0,1,0,0,0,1
1702,13,82,1,1,1,1,0,1,130.92307692307693,0,1,0,0,0,1
2141,5,82,1,1,1,1,0,1,428.2,0,1,0,0,0,1
1149,15,82,1,1,1,1,0,1,76.6,0,1,0,0,0,1
1826,16,82,1,1,1,1,0,1,114.125,0,1,0,0,0,1
2110,17,82,1,1,1,1,0,1,124.11764705882354,0,1,0,0,0,1
1131,7,82,1,1,1,1,0,1,161.57142857142858,0,1,0,0,0,1
2055,9,82,1,1,1,1,0,1,228.33333333333334,0,1,0,0,0,1
6869,14,82,1,1,1,1,0,1,490.64285714285717,0,1,0,0,0,1
1230,12,82,1,1,1,1,0,1,102.5,0,1,0,0,0,1
8342,13,40,1,1,0,1,0,1,641.6923076923077,0,1,0,1,0,0
6062,10,40,1,1,0,1,0,1,606.2,0,1,0,1,0,0
5605,12,40,1,1,0,1,0,1,467.0833333333333,0,1,0,1,0,0
5544,13,40,1,1,0,1,0,1,426.46153846153845,0,1,0,1,0,0
5910,12,40,1,1,0,1,0,1,492.5,0,1,0,1,0,0
7524,11,40,1,1,0,1,0,1,684.0,0,1,0,1,0,0
5263,7,40,1,1,0,1,0,1,751.8571428571429,0,1,0,1,0,0
4935,12,40,1,1,0,1,0,1,411.25,0,1,0,1,0,0
5743,14,40,1,1,0,1,0,1,410.2142857142857,0,1,0,1,0,0
7505,20,40,1,1,0,1,0,1,375.25,0,1,0,1,0,0
8816,17,40,1,1,0,1,0,1,518.5882352941177,0,1,0,1,0,0
7915,13,40,1,1,0,1,0,1,608.8461538461538,0,1,0,1,0,0
3666,9,20,0,0,0,0,0,0,407.3333333333333,0,1,1,0,0,0
6684,5,20,0,0,0,0,0,0,1336.8,0,1,1,0,0,0
7791,14,20,0,0,0,0,0,0,556.5,0,1,1,0,0,0
5488,13,20,0,0,0,0,0,0,422.15384615384613,0,1,1,0,0,0
4486,14,20,0,0,0,0,0,0,320.42857142857144,0,1,1,0,0,0
5136,14,20,0,0,0,0,0,0,366.85714285714283,0,1,1,0,0,0
5888,12,20,0,0,0,0,0,0,490.6666666666667,0,1,1,0,0,0
6360,23,20,0,0,0,0,0,0,276.5217391304348,0,1,1,0,0,0
5265,11,20,0,0,0,0,0,0,478.6363636363636,0,1,1,0,0,0
8605,12,20,0,0,0,0,0,0,717.0833333333334,0,1,1,0,0,0
4272,13,20,0,0,0,0,0,0,328.61538461538464,0,1,1,0,0,0
7185,13,20,0,0,0,0,0,0,552.6923076923077,0,1,1,0,0,0
8431,13,76,1,0,0,1,0,0,648.5384615384615,0,1,0,0,0,1
4498,15,76,1,0,0,1,0,0,299.8666666666667,0,1,0,0,0,1
6903,15,76,1,0,0,1,0,0,460.2,0,1,0,0,0,1
5561,8,32,0,0,0,0,0,0,695.125,0,1,0,1,0,0
1991,11,75,0,0,0,1,0,0,181.0,0,1,0,0,0,1
1732,11,75,0,0,0,1,0,0,157.45454545454547,0,1,0,0,0,1
1334,8,75,0,0,0,1,0,0,166.75,0,1,0,0,0,1
1670,13,75,0,0,0,1,0,0,128.46153846153845,0,1,0,0,0,1
719,13,75,0,0,0,1,0,0,55.30769230769231,0,1,0,0,0,1
1131,16,75,0,0,0,1,0,0,70.6875,0,1,0,0,0,1
2308,14,75,0,0,0,1,0,0,164.85714285714286,0,1,0,0,0,1
1445,15,75,0,0,0,1,0,0,96.33333333333333,0,1,0,0,0,1
3629,15,75,0,0,0,1,0,0,241.93333333333334,0,1,0,0,0,1
1347,15,75,0,0,0,1,0,0,89.8,0,1,0,0,0,1
1569,11,75,0,0,0,1,0,0,142.63636363636363,0,1,0,0,0,1
1424,11,75,0,0,0,1,0,0,129.45454545454547,0,1,0,0,0,1
7955,15,20,1,0,0,0,0,0,530.3333333333334,0,1,1,0,0,0
6449,13,20,1,0,0,0,0,0,496.0769230769231,0,1,1,0,0,0
8783,12,20,1,0,0,0,0,0,731.9166666666666,0,1,1,0,0,0
3885,9,20,1,0,0,0,0,0,431.6666666666667,0,1,1,0,0,0
8427,16,20,1,0,0,0,0,0,526.6875,0,1,1,0,0,0
4409,14,20,1,0,0,0,0,0,314.92857142857144,0,1,1,0,0,0
8744,9,20,1,0,0,0,0,0,971.5555555555555,0,1,1,0,0,0
4886,10,20,1,0,0,0,0,0,488.6,0,1,1,0,0,0
2629,17,57,0,0,0,1,0,0,154.64705882352942,0,1,0,0,1,0
1596,9,57,0,0,0,1,0,0,177.33333333333334,0,1,0,0,1,0
5507,11,57,0,0,0,1,0,0,500.6363636363636,0,1,0,0,1,0
1519,12,57,0,0,0,1,0,0,126.58333333333333,0,1,0,0,1,0
3926,18,57,0,0,0,1,0,0,218.11111111111111,0,1,0,0,1,0
7189,16,57,0,0,0,1,0,0,449.3125,0,1,0,0,1,0
2940,11,57,0,0,0,1,0,0,267.27272727272725,0,1,0,0,1,0
4340,16,57,0,0,0,1,0,0,271.25,0,1,0,0,1,0
2261,10,57,0,0,0,1,0,0,226.1,0,1,0,0,1,0
6018,25,57,0,0,0,1,0,0,240.72,0,1,0,0,1,0
2751,13,57,0,0,0,1,0,0,211.6153846153846,0,1,0,0,1,0
3050,15,57,0,0,0,1,0,0,203.33333333333334,0,1,0,0,1,0
5811,10,46,1,0,0,1,0,0,581.1,0,1,0,0,1,0
6882,11,46,1,0,0,1,0,0,625.6363636363636,0,1,0,0,1,0
4456,21,46,1,0,0,1,0,0,212.1904761904762,0,1,0,0,1,0
6095,15,46,1,0,0,1,0,0,406.3333333333333,0,1,0,0,1,0
5349,21,46,1,0,0,1,0,0,254.71428571428572,0,1,0,0,1,0
5247,11,46,1,0,0,1,0,0,477.0,0,1,0,0,1,0
2991,5,46,1,0,0,1,0,0,598.2,1,0,0,0,1,0
5106,7,46,1,0,0,1,0,0,729.4285714285714,0,1,0,0,1,0
6151,15,46,1,0,0,1,0,0,410.06666666666666,0,1,0,0,1,0
4998,9,46,1,0,0,1,0,0,555.3333333333334,0,1,0,0,1,0
6234,10,46,1,0,0,1,0,0,623.4,0,1,0,0,1,0
5744,14,75,1,1,0,0,0,1,410.2857142857143,0,1,0,0,0,1
7584,9,75,1,1,0,0,0,1,842.6666666666666,0,1,0,0,0,1
6193,8,75,1,1,0,0,0,1,774.125,0,1,0,0,0,1
7994,14,75,1,1,0,0,0,1,571.0,0,1,0,0,0,1
5852,13,75,1,1,0,0,0,1,450.15384615384613,0,1,0,0,0,1
6137,11,75,1,1,0,0,0,1,557.9090909090909,0,1,0,0,0,1
7379,11,75,1,1,0,0,0,1,670.8181818181819,0,1,0,0,0,1
3833,14,47,0,0,0,1,0,0,273.7857142857143,0,1,0,0,1,0
4225,12,47,0,0,0,1,0,0,352.0833333333333,0,1,0,0,1,0
7431,16,47,0,0,0,1,0,0,464.4375,0,1,0,0,1,0
6634,6,47,0,0,0,1,0,0,1105.6666666666667,0,1,0,0,1,0
4844,10,47,0,0,0,1,0,0,484.4,0,1,0,0,1,0
6391,15,47,0,0,0,1,0,0,426.06666666666666,0,1,0,0,1,0
4517,18,47,0,0,0,1,0,0,250.94444444444446,0,1,0,0,1,0
5193,15,47,0,0,0,1,0,0,346.2,0,1,0,0,1,0
6901,18,47,0,0,0,1,0,0,383.3888888888889,0,1,0,0,1,0
7404,10,47,0,0,0,1,0,0,740.4,0,1,0,0,1,0
3798,7,47,0,0,0,1,0,0,542.5714285714286,0,1,0,0,1,0
4973,19,47,0,0,0,1,0,0,261.7368421052632,0,1,0,0,1,0
7658,15,39,1,0,0,1,0,0,510.53333333333336,0,1,0,1,0,0
7578,10,39,1,0,0,1,0,0,757.8,0,1,0,1,0,0
5658,12,39,1,0,0,1,0,0,471.5,0,1,0,1,0,0
7443,14,39,1,0,0,1,0,0,531.6428571428571,0,1,0,1,0,0
2276,9,39,1,0,0,1,0,0,252.88888888888889,0,1,0,1,0,0
8608,16,39,1,0,0,1,0,0,538.0,0,1,0,1,0,0
5108,9,39,1,0,0,1,0,0,567.5555555555555,0,1,0,1,0,0
5338,12,39,1,0,0,1,0,0,444.8333333333333,0,1,0,1,0,0
2208,7,84,1,1,0,0,0,1,315.42857142857144,0,1,0,0,0,1
3537,13,84,1,1,0,0,0,1,272.0769230769231,0,1,0,0,0,1
3517,10,84,1,1,0,0,0,1,351.7,0,1,0,0,0,1
3813,9,84,1,1,0,0,0,1,423.6666666666667,0,1,0,0,0,1
2340,15,84,1,1,0,0,0,1,156.0,0,1,0,0,0,1
3158,16,84,1,1,0,0,0,1,197.375,0,1,0,0,0,1
3100,13,84,1,1,0,0,0,1,238.46153846153845,0,1,0,0,0,1
2125,16,84,1,1,0,0,0,1,132.8125,0,1,0,0,0,1
3250,10,84,1,1,0,0,0,1,325.0,0,1,0,0,0,1
4120,16,84,1,1,0,0,0,1,257.5,0,1,0,0,0,1
1973,8,84,1,1,0,0,0,1,246.625,0,1,0,0,0,1
1564,10,84,1,1,0,0,0,1,156.4,0,1,0,0,0,1
8297,12,32,1,1,0,0,1,1,691.4166666666666,0,1,0,1,0,0
5107,8,32,1,1,0,0,1,1,638.375,0,1,0,1,0,0
5876,9,32,1,1,0,0,1,1,652.8888888888889,0,1,0,1,0,0
5808,9,32,1,1,0,0,1,1,645.3333333333334,0,1,0,1,0,0
6411,18,83,1,0,0,0,0,0,356.1666666666667,0,1,0,0,0,1
7197,11,83,1,0,0,0,0,0,654.2727272727273,0,1,0,0,0,1
5902,12,83,1,0,0,0,0,0,491.8333333333333,0,1,0,0,0,1
2740,9,83,1,0,0,0,0,0,304.44444444444446,0,1,0,0,0,1
7878,21,83,1,0,0,0,0,0,375.14285714285717,0,1,0,0,0,1
7995,12,58,1,0,0,1,0,0,666.25,0,1,0,0,1,0
8966,12,58,1,0,0,1,0,0,747.1666666666666,0,1,0,0,1,0
5994,8,58,1,0,0,1,0,0,749.25,0,1,0,0,1,0
1210,12,60,1,0,0,0,0,0,100.83333333333333,0,1,0,0,1,0
1716,9,60,1,0,0,0,0,0,190.66666666666666,0,1,0,0,1,0
1557,20,60,1,0,0,0,0,0,77.85,0,1,0,0,1,0
5011,17,60,1,0,0,0,0,0,294.7647058823529,0,1,0,0,1,0
1322,9,60,1,0,0,0,0,0,146.88888888888889,0,1,0,0,1,0
1371,11,60,1,0,0,0,0,0,124.63636363636364,0,1,0,0,1,0
1479,15,60,1,0,0,0,0,0,98.6,0,1,0,0,1,0
1081,11,60,1,0,0,0,0,0,98.27272727272727,0,1,0,0,1,0
2363,14,60,1,0,0,0,0,0,168.78571428571428,0,1,0,0,1,0
1598,17,60,1,0,0,0,0,0,94.0,0,1,0,0,1,0
1940,11,60,1,0,0,0,0,0,176.36363636363637,0,1,0,0,1,0
1097,16,60,1,0,0,0,0,0,68.5625,0,1,0,0,1,0
5415,13,40,1,0,0,0,1,0,416.53846153846155,0,1,0,1,0,0
2324,14,40,1,0,0,0,1,0,166.0,0,1,0,1,0,0
4233,16,40,1,0,0,0,1,0,264.5625,0,1,0,1,0,0
5329,16,40,1,0,0,0,1,0,333.0625,0,1,0,1,0,0
3157,21,40,1,0,0,0,1,0,150.33333333333334,0,1,0,1,0,0
4885,11,40,1,0,0,0,1,0,444.09090909090907,0,1,0,1,0,0
6205,19,40,1,0,0,0,1,0,326.57894736842104,0,1,0,1,0,0
7604,15,40,1,0,0,0,1,0,506.93333333333334,0,1,0,1,0,0
5877,13,40,1,0,0,0,1,0,452.0769230769231,0,1,0,1,0,0
3061,5,40,1,0,0,0,1,0,612.2,0,1,0,1,0,0
3654,11,40,1,0,0,0,1,0,332.1818181818182,0,1,0,1,0,0
3719,15,40,1,0,0,0,1,0,247.93333333333334,0,1,0,1,0,0
6666,6,79,0,0,0,1,0,0,1111.0,0,1,0,0,0,1
7974,11,79,0,0,0,1,0,0,724.9090909090909,0,1,0,0,0,1
5380,11,79,0,0,0,1,0,0,489.09090909090907,0,1,0,0,0,1
8473,12,79,0,0,0,1,0,0,706.0833333333334,0,1,0,0,0,1
6762,9,79,0,0,0,1,0,0,751.3333333333334,0,1,0,0,0,1
6966,13,79,0,0,0,1,0,0,535.8461538461538,0,1,0,0,0,1
5617,11,79,0,0,0,1,0,0,510.6363636363636,0,1,0,0,0,1
7060,13,79,0,0,0,1,0,0,543.0769230769231,0,1,0,0,0,1
8372,15,79,0,0,0,1,0,0,558.1333333333333,0,1,0,0,0,1
6146,15,51,1,0,0,1,0,0,409.73333333333335,0,1,0,0,1,0
4131,13,51,1,0,0,1,0,0,317.7692307692308,0,1,0,0,1,0
3689,11,51,1,0,0,1,0,0,335.3636363636364,0,1,0,0,1,0
5417,12,51,1,0,0,1,0,0,451.4166666666667,0,1,0,0,1,0
6466,19,51,1,0,0,1,0,0,340.3157894736842,0,1,0,0,1,0
3122,8,51,1,0,0,1,0,0,390.25,0,1,0,0,1,0
2813,15,51,1,0,0,1,0,0,187.53333333333333,0,1,0,0,1,0
2482,10,51,1,0,0,1,0,0,248.2,0,1,0,0,1,0
3037,16,51,1,0,0,1,0,0,189.8125,0,1,0,0,1,0
5851,12,51,1,0,0,1,0,0,487.5833333333333,0,1,0,0,1,0
4294,18,51,1,0,0,1,0,0,238.55555555555554,0,1,0,0,1,0
7960,8,51,1,0,0,1,0,0,995.0,0,1,0,0,1,0
1979,8,44,0,0,0,0,1,0,247.375,0,1,0,1,0,0
2362,20,44,0,0,0,0,1,0,118.1,0,1,0,1,0,0
2297,16,44,0,0,0,0,1,0,143.5625,0,1,0,1,0,0
1767,13,44,0,0,0,0,1,0,135.92307692307693,0,1,0,1,0,0
3498,9,44,0,0,0,0,1,0,388.6666666666667,0,1,0,1,0,0
1375,10,44,0,0,0,0,1,0,137.5,0,1,0,1,0,0
565,7,44,0,0,0,0,1,0,80.71428571428571,0,1,0,1,0,0
1676,11,44,0,0,0,0,1,0,152.36363636363637,0,1,0,1,0,0
3369,14,44,0,0,0,0,1,0,240.64285714285714,0,1,0,1,0,0
2472,14,44,0,0,0,0,1,0,176.57142857142858,0,1,0,1,0,0
3718,13,44,0,0,0,0,1,0,286.0,0,1,0,1,0,0
2710,12,44,0,0,0,0,1,0,225.83333333333334,0,1,0,1,0,0
7686,14,24,1,0,0,0,0,0,549.0,0,1,1,0,0,0
8249,12,24,1,0,0,0,0,0,687.4166666666666,0,1,1,0,0,0
8423,12,24,1,0,0,0,0,0,701.9166666666666,0,1,1,0,0,0
6520,12,24,1,0,0,0,0,0,543.3333333333334,0,1,1,0,0,0
5870,7,24,1,0,0,0,0,0,838.5714285714286,0,1,1,0,0,0
8297,7,20,0,0,0,0,0,0,1185.2857142857142,0,1,1,0,0,0
5373,6,20,0,0,0,0,0,0,895.5,0,1,1,0,0,0
6432,6,20,0,0,0,0,0,0,1072.0,0,1,1,0,0,0
8859,9,20,0,0,0,0,0,0,984.3333333333334,0,1,1,0,0,0
7501,11,57,1,0,0,1,0,0,681.9090909090909,0,1,0,0,1,0
3849,9,57,1,0,0,1,0,0,427.6666666666667,0,1,0,0,1,0
8060,10,57,1,0,0,1,0,0,806.0,0,1,0,0,1,0
7230,16,57,1,0,0,1,0,0,451.875,0,1,0,0,1,0
7943,13,57,1,0,0,1,0,0,611.0,0,1,0,0,1,0
7268,17,57,1,0,0,1,0,0,427.52941176470586,0,1,0,0,1,0
4326,12,57,1,0,0,1,0,0,360.5,0,1,0,0,1,0
6771,13,57,1,0,0,1,0,0,520.8461538461538,0,1,0,0,1,0
5171,11,57,1,0,0,1,0,0,470.09090909090907,0,1,0,0,1,0
7573,19,57,1,0,0,1,0,0,398.57894736842104,0,1,0,0,1,0
5279,21,25,1,0,0,1,0,0,251.38095238095238,0,1,0,1,0,0
1940,9,25,1,0,0,1,0,0,215.55555555555554,0,1,0,1,0,0
5620,9,25,1,0,0,1,0,0,624.4444444444445,0,1,0,1,0,0
7422,11,25,1,0,0,1,0,0,674.7272727272727,0,1,0,1,0,0
8298,11,25,1,0,0,1,0,0,754.3636363636364,0,1,0,1,0,0
4534,12,25,1,0,0,1,0,0,377.8333333333333,0,1,0,1,0,0
5367,16,25,1,0,0,1,0,0,335.4375,0,1,0,1,0,0
3887,15,25,1,0,0,1,0,0,259.1333333333333,0,1,0,1,0,0
3932,14,25,1,0,0,1,0,0,280.85714285714283,0,1,0,1,0,0
4950,14,25,1,0,0,1,0,0,353.57142857142856,0,1,0,1,0,0
5300,17,25,1,0,0,1,0,0,311.7647058823529,0,1,0,1,0,0
3752,16,25,1,0,0,1,0,0,234.5,0,1,0,1,0,0
8383,18,56,1,1,0,1,0,1,465.72222222222223,0,1,0,0,1,0
6648,14,56,1,1,0,1,0,1,474.85714285714283,0,1,0,0,1,0
6413,11,56,1,1,0,1,0,1,583.0,0,1,0,0,1,0
8741,12,56,1,1,0,1,0,1,728.4166666666666,0,1,0,0,1,0
5170,13,53,1,1,0,1,0,1,397.6923076923077,0,1,0,0,1,0
5857,13,53,1,1,0,1,0,1,450.53846153846155,0,1,0,0,1,0
7573,11,53,1,1,0,1,0,1,688.4545454545455,0,1,0,0,1,0
8285,10,53,1,1,0,1,0,1,828.5,0,1,0,0,1,0
6374,13,32,0,1,0,1,0,1,490.3076923076923,0,1,0,1,0,0
6714,12,32,0,1,0,1,0,1,559.5,0,1,0,1,0,0
8462,16,32,0,1,0,1,0,1,528.875,0,1,0,1,0,0
7509,21,32,0,1,0,1,0,1,357.57142857142856,0,1,0,1,0,0
6338,9,32,0,1,0,1,0,1,704.2222222222222,0,1,0,1,0,0
5243,17,32,0,1,0,1,0,1,308.4117647058824,0,1,0,1,0,0
8556,15,32,0,1,0,1,0,1,570.4,0,1,0,1,0,0
8436,12,32,0,1,0,1,0,1,703.0,0,1,0,1,0,0
5400,11,56,1,1,0,1,0,1,490.90909090909093,0,1,0,0,1,0
2784,15,56,1,1,0,1,0,1,185.6,0,1,0,0,1,0
5655,17,56,1,1,0,1,0,1,332.6470588235294,0,1,0,0,1,0
3164,15,56,1,1,0,1,0,1,210.93333333333334,0,1,0,0,1,0
2981,14,56,1,1,0,1,0,1,212.92857142857142,0,1,0,0,1,0
3158,8,56,1,1,0,1,0,1,394.75,0,1,0,0,1,0
1997,10,56,1,1,0,1,0,1,199.7,0,1,0,0,1,0
2684,8,56,1,1,0,1,0,1,335.5,0,1,0,0,1,0
2567,12,56,1,1,0,1,0,1,213.91666666666666,0,1,0,0,1,0
2709,13,56,1,1,0,1,0,1,208.3846153846154,0,1,0,0,1,0
3793,16,56,1,1,0,1,0,1,237.0625,0,1,0,0,1,0
8330,8,56,1,1,0,1,0,1,1041.25,0,1,0,0,1,0
1501,15,31,1,0,0,0,0,0,100.06666666666666,0,1,0,1,0,0
3345,17,31,1,0,0,0,0,0,196.76470588235293,0,1,0,1,0,0
1811,14,31,1,0,0,0,0,0,129.35714285714286,0,1,0,1,0,0
1347,14,31,1,0,0,0,0,0,96.21428571428571,0,1,0,1,0,0
4384,14,31,1,0,0,0,0,0,313.14285714285717,0,1,0,1,0,0
1110,7,31,1,0,0,0,0,0,158.57142857142858,0,1,0,1,0,0
1745,17,31,1,0,0,0,0,0,102.6470588235294,0,1,0,1,0,0
1197,13,31,1,0,0,0,0,0,92.07692307692308,0,1,0,1,0,0
1550,9,31,1,0,0,0,0,0,172.22222222222223,0,1,0,1,0,0
3150,10,31,1,0,0,0,0,0,315.0,0,1,0,1,0,0
3089,7,31,1,0,0,0,0,0,441.2857142857143,0,1,0,1,0,0
2127,10,31,1,0,0,0,0,0,212.7,0,1,0,1,0,0
5036,14,22,1,0,0,1,1,0,359.7142857142857,0,1,1,0,0,0
7153,17,22,1,0,0,1,1,0,420.7647058823529,0,1,1,0,0,0
6007,8,22,1,0,0,1,1,0,750.875,0,1,1,0,0,0
8921,21,22,1,0,0,1,1,0,424.8095238095238,0,1,1,0,0,0
5494,11,22,1,0,0,1,1,0,499.45454545454544,0,1,1,0,0,0
5252,13,22,1,0,0,1,1,0,404.0,0,1,1,0,0,0
8003,14,22,1,0,0,1,1,0,571.6428571428571,0,1,1,0,0,0
4648,12,22,1,0,0,1,1,0,387.3333333333333,0,1,1,0,0,0
6762,15,22,1,0,0,1,1,0,450.8,0,1,1,0,0,0
6910,8,22,1,0,0,1,1,0,863.75,0,1,1,0,0,0
4102,13,51,1,0,1,1,0,1,315.53846153846155,0,1,0,0,1,0
2720,12,51,1,0,1,1,0,1,226.66666666666666,0,1,0,0,1,0
3505,20,51,1,0,1,1,0,1,175.25,0,1,0,0,1,0
2723,11,51,1,0,1,1,0,1,247.54545454545453,0,1,0,0,1,0
3728,14,51,1,0,1,1,0,1,266.2857142857143,0,1,0,0,1,0
3489,16,51,1,0,1,1,0,1,218.0625,0,1,0,0,1,0
3782,15,51,1,0,1,1,0,1,252.13333333333333,0,1,0,0,1,0
2066,11,51,1,0,1,1,0,1,187.8181818181818,0,1,0,0,1,0
1924,9,51,1,0,1,1,0,1,213.77777777777777,0,1,0,0,1,0
2156,6,51,1,0,1,1,0,1,359.3333333333333,0,1,0,0,1,0
3230,9,51,1,0,1,1,0,1,358.8888888888889,0,1,0,0,1,0
5253,9,51,1,0,1,1,0,1,583.6666666666666,0,1,0,0,1,0
4536,16,34,0,1,0,1,0,1,283.5,0,1,0,1,0,0
3464,9,34,0,1,0,1,0,1,384.8888888888889,0,1,0,1,0,0
4801,14,34,0,1,0,1,0,1,342.92857142857144,0,1,0,1,0,0
3962,10,34,0,1,0,1,0,1,396.2,0,1,0,1,0,0
3764,8,34,0,1,0,1,0,1,470.5,0,1,0,1,0,0
6508,11,34,0,1,0,1,0,1,591.6363636363636,0,1,0,1,0,0
5139,20,34,0,1,0,1,0,1,256.95,0,1,0,1,0,0
1491,10,34,0,1,0,1,0,1,149.1,0,1,0,1,0,0
4246,14,34,0,1,0,1,0,1,303.2857142857143,0,1,0,1,0,0
5925,11,34,0,1,0,1,0,1,538.6363636363636,0,1,0,1,0,0
4198,8,34,0,1,0,1,0,1,524.75,0,1,0,1,0,0
3003,9,34,0,1,0,1,0,1,333.6666666666667,0,1,0,1,0,0
5158,6,24,1,0,0,0,0,0,859.6666666666666,0,1,1,0,0,0
4715,14,24,1,0,0,0,0,0,336.7857142857143,0,1,1,0,0,0
8628,14,24,1,0,0,0,0,0,616.2857142857143,0,1,1,0,0,0
8061,11,24,1,0,0,0,0,0,732.8181818181819,0,1,1,0,0,0
6949,12,24,1,0,0,0,0,0,579.0833333333334,0,1,1,0,0,0
2353,11,22,1,0,0,0,0,0,213.9090909090909,0,1,1,0,0,0
2226,12,22,1,0,0,0,0,0,185.5,0,1,1,0,0,0
2582,10,22,1,0,0,0,0,0,258.2,0,1,1,0,0,0
3438,11,22,1,0,0,0,0,0,312.54545454545456,0,1,1,0,0,0
3337,20,22,1,0,0,0,0,0,166.85,0,1,1,0,0,0
3271,11,22,1,0,0,0,0,0,297.3636363636364,0,1,1,0,0,0
2307,9,22,1,0,0,0,0,0,256.3333333333333,0,1,1,0,0,0
1894,7,22,1,0,0,0,0,0,270.57142857142856,0,1,1,0,0,0
1678,13,22,1,0,0,0,0,0,129.07692307692307,0,1,1,0,0,0
2978,11,22,1,0,0,0,0,0,270.72727272727275,0,1,1,0,0,0
1519,6,22,1,0,0,0,0,0,253.16666666666666,0,1,1,0,0,0
2521,22,70,1,0,0,0,0,0,114.5909090909091,0,1,0,0,0,1
5424,16,70,1,0,0,0,0,0,339.0,0,1,0,0,0,1
1426,8,70,1,0,0,0,0,0,178.25,0,1,0,0,0,1
2224,15,70,1,0,0,0,0,0,148.26666666666668,0,1,0,0,0,1
4193,14,70,1,0,0,0,0,0,299.5,0,1,0,0,0,1
2532,13,70,1,0,0,0,0,0,194.76923076923077,0,1,0,0,0,1
4528,9,70,1,0,0,0,0,0,503.1111111111111,0,1,0,0,0,1
3903,8,70,1,0,0,0,0,0,487.875,0,1,0,0,0,1
4255,13,70,1,0,0,0,0,0,327.3076923076923,0,1,0,0,0,1
2865,9,70,1,0,0,0,0,0,318.3333333333333,0,1,0,0,0,1
2856,15,70,1,0,0,0,0,0,190.4,0,1,0,0,0,1
6006,20,70,1,0,0,0,0,0,300.3,0,1,0,0,0,1
7673,16,56,0,0,0,1,0,0,479.5625,0,1,0,0,1,0
6915,11,30,1,0,0,0,0,0,628.6363636363636,0,1,0,1,0,0
6798,5,30,1,0,0,0,0,0,1359.6,0,1,0,1,0,0
8501,12,30,1,0,0,0,0,0,708.4166666666666,0,1,0,1,0,0
6425,9,30,1,0,0,0,0,0,713.8888888888889,0,1,0,1,0,0
8987,12,30,1,0,0,0,0,0,748.9166666666666,0,1,0,1,0,0
5016,5,81,1,0,0,1,1,0,1003.2,0,1,0,0,0,1
8093,10,81,1,0,0,1,1,0,809.3,0,1,0,0,0,1
8711,13,81,1,0,0,1,1,0,670.0769230769231,0,1,0,0,0,1
6711,12,28,0,0,0,0,1,0,559.25,0,1,0,1,0,0
8568,17,28,0,0,0,0,1,0,504.0,0,1,0,1,0,0
3918,12,28,0,0,0,0,1,0,326.5,0,1,0,1,0,0
6207,12,28,0,0,0,0,1,0,517.25,0,1,0,1,0,0
5250,18,28,0,0,0,0,1,0,291.6666666666667,0,1,0,1,0,0
7979,12,28,0,0,0,0,1,0,664.9166666666666,0,1,0,1,0,0
4067,6,28,0,0,0,0,1,0,677.8333333333334,0,1,0,1,0,0
4969,12,28,0,0,0,0,1,0,414.0833333333333,0,1,0,1,0,0
5813,13,28,0,0,0,0,1,0,447.15384615384613,0,1,0,1,0,0
5040,11,28,0,0,0,0,1,0,458.1818181818182,0,1,0,1,0,0
4962,17,28,0,0,0,0,1,0,291.88235294117646,0,1,0,1,0,0
4887,12,61,0,1,0,0,0,1,407.25,0,1,0,0,1,0
4887,18,61,0,1,0,0,0,1,271.5,0,1,0,0,1,0
5402,13,61,0,1,0,0,0,1,415.53846153846155,0,1,0,0,1,0
7444,17,61,0,1,0,0,0,1,437.88235294117646,0,1,0,0,1,0
4821,12,61,0,1,0,0,0,1,401.75,0,1,0,0,1,0
2495,12,61,0,1,0,0,0,1,207.91666666666666,0,1,0,0,1,0
4348,8,61,0,1,0,0,0,1,543.5,0,1,0,0,1,0
5762,13,61,0,1,0,0,0,1,443.2307692307692,0,1,0,0,1,0
2497,11,61,0,1,0,0,0,1,227.0,0,1,0,0,1,0
4333,13,61,0,1,0,0,0,1,333.3076923076923,0,1,0,0,1,0
3412,8,61,0,1,0,0,0,1,426.5,0,1,0,0,1,0
4524,10,25,1,0,0,0,0,0,452.4,0,1,0,1,0,0
2912,17,25,1,0,0,0,0,0,171.2941176470588,0,1,0,1,0,0
2262,4,25,1,0,0,0,0,0,565.5,0,1,0,1,0,0
2809,12,25,1,0,0,0,0,0,234.08333333333334,0,1,0,1,0,0
3056,14,25,1,0,0,0,0,0,218.28571428571428,0,1,0,1,0,0
1980,12,25,1,0,0,0,0,0,165.0,0,1,0,1,0,0
2917,9,25,1,0,0,0,0,0,324.1111111111111,0,1,0,1,0,0
6371,15,25,1,0,0,0,0,0,424.73333333333335,0,1,0,1,0,0
2341,16,25,1,0,0,0,0,0,146.3125,0,1,0,1,0,0
3609,19,25,1,0,0,0,0,0,189.94736842105263,0,1,0,1,0,0
3159,12,25,1,0,0,0,0,0,263.25,0,1,0,1,0,0
5343,13,25,1,0,0,0,0,0,411.0,0,1,0,1,0,0
6940,10,74,0,0,0,0,0,0,694.0,0,1,0,0,0,1
6102,18,74,0,0,0,0,0,0,339.0,0,1,0,0,0,1
8124,10,74,0,0,0,0,0,0,812.4,0,1,0,0,0,1
3897,7,74,0,0,0,0,0,0,556.7142857142857,0,1,0,0,0,1
6395,16,74,0,0,0,0,0,0,399.6875,0,1,0,0,0,1
7360,13,79,1,0,0,1,0,0,566.1538461538462,0,1,0,0,0,1
7687,16,79,1,0,0,1,0,0,480.4375,0,1,0,0,0,1
7188,13,79,1,0,0,1,0,0,552.9230769230769,0,1,0,0,0,1
6132,11,79,1,0,0,1,0,0,557.4545454545455,0,1,0,0,0,1
8106,21,79,1,0,0,1,0,0,386.0,0,1,0,0,0,1
5373,19,79,1,0,0,1,0,0,282.7894736842105,0,1,0,0,0,1
7724,10,79,1,0,0,1,0,0,772.4,0,1,0,0,0,1
6153,14,79,1,0,0,1,0,0,439.5,0,1,0,0,0,1
8000,10,79,1,0,0,1,0,0,800.0,0,1,0,0,0,1
7132,11,79,1,0,0,1,0,0,648.3636363636364,0,1,0,0,0,1
5162,13,79,1,0,0,1,0,0,397.0769230769231,0,1,0,0,0,1
3076,17,58,0,0,0,0,0,0,180.94117647058823,0,1,0,0,1,0
5486,7,58,0,0,0,0,0,0,783.7142857142857,0,1,0,0,1,0
4875,12,58,0,0,0,0,0,0,406.25,0,1,0,0,1,0
5131,6,58,0,0,0,0,0,0,855.1666666666666,0,1,0,0,1,0
5863,11,58,0,0,0,0,0,0,533.0,0,1,0,0,1,0
5469,15,58,0,0,0,0,0,0,364.6,0,1,0,0,1,0
6987,11,58,0,0,0,0,0,0,635.1818181818181,0,1,0,0,1,0
2979,14,58,0,0,0,0,0,0,212.78571428571428,0,1,0,0,1,0
3955,11,58,0,0,0,0,0,0,359.54545454545456,0,1,0,0,1,0
4385,18,58,0,0,0,0,0,0,243.61111111111111,0,1,0,0,1,0
4537,13,58,0,0,0,0,0,0,349.0,0,1,0,0,1,0
3792,17,58,0,0,0,0,0,0,223.05882352941177,0,1,0,0,1,0
7487,11,73,0,1,0,1,0,1,680.6363636363636,0,1,0,0,0,1
5453,13,73,0,1,0,1,0,1,419.46153846153845,0,1,0,0,0,1
8138,11,73,0,1,0,1,0,1,739.8181818181819,0,1,0,0,0,1
4131,12,73,0,1,0,1,0,1,344.25,0,1,0,0,0,1
7984,5,73,0,1,0,1,0,1,1596.8,0,1,0,0,0,1
4561,11,38,1,0,0,0,0,0,414.6363636363636,0,1,0,1,0,0
2790,18,38,1,0,0,0,0,0,155.0,0,1,0,1,0,0
1968,15,38,1,0,0,0,0,0,131.2,0,1,0,1,0,0
3799,15,38,1,0,0,0,0,0,253.26666666666668,0,1,0,1,0,0
3468,11,38,1,0,0,0,0,0,315.27272727272725,0,1,0,1,0,0
2179,10,38,1,0,0,0,0,0,217.9,0,1,0,1,0,0
3609,11,38,1,0,0,0,0,0,328.09090909090907,0,1,0,1,0,0
2211,13,38,1,0,0,0,0,0,170.07692307692307,0,1,0,1,0,0
6196,14,38,1,0,0,0,0,0,442.57142857142856,0,1,0,1,0,0
3053,8,38,1,0,0,0,0,0,381.625,0,1,0,1,0,0
2550,11,38,1,0,0,0,0,0,231.8181818181818,0,1,0,1,0,0
2706,16,38,1,0,0,0,0,0,169.125,0,1,0,1,0,0
2856,12,81,1,0,1,1,1,1,238.0,0,1,0,0,0,1
1648,14,81,1,0,1,1,1,1,117.71428571428571,0,1,0,0,0,1
3714,14,81,1,0,1,1,1,1,265.2857142857143,0,1,0,0,0,1
4666,9,81,1,0,1,1,1,1,518.4444444444445,0,1,0,0,0,1
2050,7,81,1,0,1,1,1,1,292.85714285714283,0,1,0,0,0,1
1833,16,81,1,0,1,1,1,1,114.5625,0,1,0,0,0,1
2198,9,81,1,0,1,1,1,1,244.22222222222223,0,1,0,0,0,1
2104,9,81,1,0,1,1,1,1,233.77777777777777,0,1,0,0,0,1
4598,12,81,1,0,1,1,1,1,383.1666666666667,0,1,0,0,0,1
1466,13,81,1,0,1,1,1,1,112.76923076923077,0,1,0,0,0,1
3437,11,81,1,0,1,1,1,1,312.45454545454544,0,1,0,0,0,1
3661,18,81,1,0,1,1,1,1,203.38888888888889,0,1,0,0,0,1
8206,8,67,0,0,0,0,1,0,1025.75,0,1,0,0,0,1
8010,18,67,0,0,0,0,1,0,445.0,0,1,0,0,0,1
8290,15,67,0,0,0,0,1,0,552.6666666666666,0,1,0,0,0,1
7649,14,67,0,0,0,0,1,0,546.3571428571429,0,1,0,0,0,1
2824,21,37,1,0,0,0,0,0,134.47619047619048,0,1,0,1,0,0
2601,17,37,1,0,0,0,0,0,153.0,0,1,0,1,0,0
2680,13,37,1,0,0,0,0,0,206.15384615384616,0,1,0,1,0,0
2553,10,37,1,0,0,0,0,0,255.3,0,1,0,1,0,0
2364,15,37,1,0,0,0,0,0,157.6,0,1,0,1,0,0
2294,14,37,1,0,0,0,0,0,163.85714285714286,0,1,0,1,0,0
5316,19,37,1,0,0,0,0,0,279.7894736842105,0,1,0,1,0,0
3101,11,37,1,0,0,0,0,0,281.90909090909093,0,1,0,1,0,0
2356,15,37,1,0,0,0,0,0,157.06666666666666,0,1,0,1,0,0
2863,8,37,1,0,0,0,0,0,357.875,0,1,0,1,0,0
2251,9,37,1,0,0,0,0,0,250.11111111111111,0,1,0,1,0,0
1663,8,37,1,0,0,0,0,0,207.875,0,1,0,1,0,0
7188,8,24,0,0,1,0,0,1,898.5,0,1,1,0,0,0
7518,4,24,0,0,1,0,0,1,1879.5,0,1,1,0,0,0
7833,14,24,0,0,1,0,0,1,559.5,0,1,1,0,0,0
8045,16,79,0,0,0,0,0,0,502.8125,0,1,0,0,0,1
7969,21,79,0,0,0,0,0,0,379.4761904761905,0,1,0,0,0,1
6692,22,79,0,0,0,0,0,0,304.1818181818182,0,1,0,0,0,1
2590,16,20,0,0,1,1,0,1,161.875,0,1,1,0,0,0
2195,15,20,0,0,1,1,0,1,146.33333333333334,0,1,1,0,0,0
5705,12,20,0,0,1,1,0,1,475.4166666666667,0,1,1,0,0,0
1932,10,20,0,0,1,1,0,1,193.2,0,1,1,0,0,0
2157,9,20,0,0,1,1,0,1,239.66666666666666,0,1,1,0,0,0
2667,17,20,0,0,1,1,0,1,156.88235294117646,0,1,1,0,0,0
2331,14,20,0,0,1,1,0,1,166.5,0,1,1,0,0,0
2567,11,20,0,0,1,1,0,1,233.36363636363637,0,1,1,0,0,0
2601,10,20,0,0,1,1,0,1,260.1,0,1,1,0,0,0
2526,14,20,0,0,1,1,0,1,180.42857142857142,0,1,1,0,0,0
1611,7,20,0,0,1,1,0,1,230.14285714285714,0,1,1,0,0,0
2321,10,20,0,0,1,1,0,1,232.1,0,1,1,0,0,0
1907,14,61,0,1,0,0,0,1,136.21428571428572,0,1,0,0,1,0
1326,13,61,0,1,0,0,0,1,102.0,0,1,0,0,1,0
1763,12,61,0,1,0,0,0,1,146.91666666666666,0,1,0,0,1,0
3790,10,61,0,1,0,0,0,1,379.0,0,1,0,0,1,0
1097,9,61,0,1,0,0,0,1,121.88888888888889,0,1,0,0,1,0
978,9,61,0,1,0,0,0,1,108.66666666666667,0,1,0,0,1,0
1705,13,61,0,1,0,0,0,1,131.15384615384616,0,1,0,0,1,0
3109,14,61,0,1,0,0,0,1,222.07142857142858,0,1,0,0,1,0
3447,15,61,0,1,0,0,0,1,229.8,0,1,0,0,1,0
1770,14,61,0,1,0,0,0,1,126.42857142857143,0,1,0,0,1,0
1879,7,61,0,1,0,0,0,1,268.42857142857144,0,1,0,0,1,0
1506,9,61,0,1,0,0,0,1,167.33333333333334,0,1,0,0,1,0
3837,8,77,0,0,1,1,0,1,479.625,0,1,0,0,0,1
5479,16,77,0,0,1,1,0,1,342.4375,0,1,0,0,0,1
3699,15,77,0,0,1,1,0,1,246.6,0,1,0,0,0,1
2828,10,77,0,0,1,1,0,1,282.8,0,1,0,0,0,1
8233,10,77,0,0,1,1,0,1,823.3,0,1,0,0,0,1
3030,10,77,0,0,1,1,0,1,303.0,0,1,0,0,0,1
5782,21,77,0,0,1,1,0,1,275.3333333333333,0,1,0,0,0,1
4224,8,77,0,0,1,1,0,1,528.0,0,1,0,0,0,1
5149,16,77,0,0,1,1,0,1,321.8125,0,1,0,0,0,1
5925,12,77,0,0,1,1,0,1,493.75,0,1,0,0,0,1
2710,11,33,1,0,0,0,0,0,246.36363636363637,0,1,0,1,0,0
3926,12,33,1,0,0,0,0,0,327.1666666666667,0,1,0,1,0,0
3851,12,33,1,0,0,0,0,0,320.9166666666667,0,1,0,1,0,0
3261,12,33,1,0,0,0,0,0,271.75,0,1,0,1,0,0
3136,13,33,1,0,0,0,0,0,241.23076923076923,0,1,0,1,0,0
3476,11,33,1,0,0,0,0,0,316.0,0,1,0,1,0,0
4356,16,33,1,0,0,0,0,0,272.25,0,1,0,1,0,0
5275,14,33,1,0,0,0,0,0,376.7857142857143,0,1,0,1,0,0
3979,21,33,1,0,0,0,0,0,189.47619047619048,0,1,0,1,0,0
4776,9,33,1,0,0,0,0,0,530.6666666666666,0,1,0,1,0,0
5485,13,33,1,0,0,0,0,0,421.9230769230769,0,1,0,1,0,0
6772,10,33,1,0,0,0,0,0,677.2,0,1,0,1,0,0
6863,15,75,0,0,0,0,0,0,457.53333333333336,0,1,0,0,0,1
7067,14,75,0,0,0,0,0,0,504.7857142857143,0,1,0,0,0,1
8672,17,75,0,0,0,0,0,0,510.11764705882354,0,1,0,0,0,1
7469,12,75,0,0,0,0,0,0,622.4166666666666,0,1,0,0,0,1
8594,16,75,0,0,0,0,0,0,537.125,0,1,0,0,0,1
3058,11,75,0,0,0,0,0,0,278.0,0,1,0,0,0,1
4464,11,75,0,0,0,0,0,0,405.8181818181818,0,1,0,0,0,1
6939,9,75,0,0,0,0,0,0,771.0,0,1,0,0,0,1
7446,15,75,0,0,0,0,0,0,496.4,0,1,0,0,0,1
5345,11,29,0,1,0,0,0,1,485.90909090909093,0,1,0,1,0,0
8098,6,29,0,1,0,0,0,1,1349.6666666666667,0,1,0,1,0,0
7677,14,29,0,1,0,0,0,1,548.3571428571429,0,1,0,1,0,0
6003,19,29,0,1,0,0,0,1,315.94736842105266,0,1,0,1,0,0
6706,15,29,0,1,0,0,0,1,447.06666666666666,0,1,0,1,0,0
3098,13,30,0,0,1,0,0,1,238.30769230769232,0,1,0,1,0,0
3062,12,30,0,0,1,0,0,1,255.16666666666666,0,1,0,1,0,0
3160,16,30,0,0,1,0,0,1,197.5,0,1,0,1,0,0
2976,12,30,0,0,1,0,0,1,248.0,0,1,0,1,0,0
2369,9,30,0,0,1,0,0,1,263.22222222222223,0,1,0,1,0,0
3492,14,30,0,0,1,0,0,1,249.42857142857142,0,1,0,1,0,0
2412,11,30,0,0,1,0,0,1,219.27272727272728,0,1,0,1,0,0
2427,7,30,0,0,1,0,0,1,346.7142857142857,0,1,0,1,0,0
1673,16,30,0,0,1,0,0,1,104.5625,0,1,0,1,0,0
2501,10,30,0,0,1,0,0,1,250.1,0,1,0,1,0,0
3282,8,30,0,0,1,0,0,1,410.25,0,1,0,1,0,0
912,8,30,0,0,1,0,0,1,114.0,0,1,0,1,0,0
7433,10,31,1,0,0,0,0,0,743.3,0,1,0,1,0,0
5391,12,31,1,0,0,0,0,0,449.25,0,1,0,1,0,0
4408,16,31,1,0,0,0,0,0,275.5,0,1,0,1,0,0
5534,16,31,1,0,0,0,0,0,345.875,0,1,0,1,0,0
5751,7,31,1,0,0,0,0,0,821.5714285714286,0,1,0,1,0,0
5109,21,31,1,0,0,0,0,0,243.28571428571428,0,1,0,1,0,0
4919,13,31,1,0,0,0,0,0,378.38461538461536,0,1,0,1,0,0
3509,14,31,1,0,0,0,0,0,250.64285714285714,0,1,0,1,0,0
3516,12,31,1,0,0,0,0,0,293.0,0,1,0,1,0,0
5662,16,31,1,0,0,0,0,0,353.875,0,1,0,1,0,0
3906,10,31,1,0,0,0,0,0,390.6,0,1,0,1,0,0
8146,14,27,1,0,0,0,0,0,581.8571428571429,0,1,0,1,0,0
6778,15,27,1,0,0,0,0,0,451.8666666666667,0,1,0,1,0,0
8397,20,27,1,0,0,0,0,0,419.85,0,1,0,1,0,0
7367,14,27,1,0,0,0,0,0,526.2142857142857,0,1,0,1,0,0
6847,6,54,0,1,0,0,1,1,1141.1666666666667,0,1,0,0,1,0
1255,6,54,0,1,0,0,1,1,209.16666666666666,0,1,0,0,1,0
5129,14,54,0,1,0,0,1,1,366.35714285714283,0,1,0,0,1,0
8585,16,54,0,1,0,0,1,1,536.5625,0,1,0,0,1,0
8322,16,54,0,1,0,0,1,1,520.125,0,1,0,0,1,0
4392,12,54,0,1,0,0,1,1,366.0,0,1,0,0,1,0
8958,18,57,1,0,0,1,1,0,497.6666666666667,0,1,0,0,1,0
8833,10,57,1,0,0,1,1,0,883.3,0,1,0,0,1,0
7151,15,57,1,0,0,1,1,0,476.73333333333335,0,1,0,0,1,0
1780,17,55,0,0,0,0,0,0,104.70588235294117,0,1,0,0,1,0
2056,13,55,0,0,0,0,0,0,158.15384615384616,0,1,0,0,1,0
2065,8,55,0,0,0,0,0,0,258.125,0,1,0,0,1,0
2409,9,55,0,0,0,0,0,0,267.6666666666667,0,1,0,0,1,0
3721,19,55,0,0,0,0,0,0,195.8421052631579,0,1,0,0,1,0
1203,15,55,0,0,0,0,0,0,80.2,0,1,0,0,1,0
1438,12,55,0,0,0,0,0,0,119.83333333333333,0,1,0,0,1,0
1310,12,55,0,0,0,0,0,0,109.16666666666667,0,1,0,0,1,0
2231,10,55,0,0,0,0,0,0,223.1,0,1,0,0,1,0
2750,15,55,0,0,0,0,0,0,183.33333333333334,0,1,0,0,1,0
2365,10,55,0,0,0,0,0,0,236.5,0,1,0,0,1,0
2103,12,55,0,0,0,0,0,0,175.25,0,1,0,0,1,0
8591,14,20,0,1,0,0,0,1,613.6428571428571,0,1,1,0,0,0
7674,7,20,0,1,0,0,0,1,1096.2857142857142,0,1,1,0,0,0
8628,12,20,0,1,0,0,0,1,719.0,0,1,1,0,0,0
4553,6,20,0,1,0,0,0,1,758.8333333333334,0,1,1,0,0,0
5637,12,20,0,1,0,0,0,1,469.75,0,1,1,0,0,0
8224,18,20,0,1,0,0,0,1,456.8888888888889,0,1,1,0,0,0
5158,7,20,0,1,0,0,0,1,736.8571428571429,0,1,1,0,0,0
5689,12,20,0,1,0,0,0,1,474.0833333333333,0,1,1,0,0,0
5690,10,20,0,1,0,0,0,1,569.0,0,1,1,0,0,0
7741,15,20,0,1,0,0,0,1,516.0666666666667,0,1,1,0,0,0
1878,12,42,0,0,0,1,0,0,156.5,0,1,0,1,0,0
1746,16,42,0,0,0,1,0,0,109.125,0,1,0,1,0,0
1913,15,42,0,0,0,1,0,0,127.53333333333333,0,1,0,1,0,0
1999,15,42,0,0,0,1,0,0,133.26666666666668,0,1,0,1,0,0
635,5,42,0,0,0,1,0,0,127.0,0,1,0,1,0,0
2150,11,42,0,0,0,1,0,0,195.45454545454547,0,1,0,1,0,0
1465,14,42,0,0,0,1,0,0,104.64285714285714,0,1,0,1,0,0
1222,9,42,0,0,0,1,0,0,135.77777777777777,0,1,0,1,0,0
1392,6,42,0,0,0,1,0,0,232.0,0,1,0,1,0,0
2385,7,42,0,0,0,1,0,0,340.7142857142857,0,1,0,1,0,0
1612,9,42,0,0,0,1,0,0,179.11111111111111,0,1,0,1,0,0
1110,7,42,0,0,0,1,0,0,158.57142857142858,0,1,0,1,0,0
1334,12,84,0,0,0,1,0,0,111.16666666666667,0,1,0,0,0,1
1898,12,84,0,0,0,1,0,0,158.16666666666666,0,1,0,0,0,1
1541,8,84,0,0,0,1,0,0,192.625,0,1,0,0,0,1
1736,11,84,0,0,0,1,0,0,157.8181818181818,0,1,0,0,0,1
1796,13,84,0,0,0,1,0,0,138.15384615384616,0,1,0,0,0,1
1635,18,84,0,0,0,1,0,0,90.83333333333333,0,1,0,0,0,1
1545,12,84,0,0,0,1,0,0,128.75,0,1,0,0,0,1
1500,10,84,0,0,0,1,0,0,150.0,0,1,0,0,0,1
1959,14,84,0,0,0,1,0,0,139.92857142857142,0,1,0,0,0,1
1593,18,84,0,0,0,1,0,0,88.5,0,1,0,0,0,1
1119,11,84,0,0,0,1,0,0,101.72727272727273,0,1,0,0,0,1
1820,13,84,0,0,0,1,0,0,140.0,0,1,0,0,0,1
4554,9,32,1,0,0,0,1,0,506.0,0,1,0,1,0,0
5471,15,32,1,0,0,0,1,0,364.73333333333335,0,1,0,1,0,0
8291,7,32,1,0,0,0,1,0,1184.4285714285713,0,1,0,1,0,0
6062,15,32,1,0,0,0,1,0,404.1333333333333,0,1,0,1,0,0
7894,14,32,1,0,0,0,1,0,563.8571428571429,0,1,0,1,0,0
3049,10,32,1,0,0,0,1,0,304.9,0,1,0,1,0,0
6002,8,32,1,0,0,0,1,0,750.25,0,1,0,1,0,0
7512,14,32,1,0,0,0,1,0,536.5714285714286,0,1,0,1,0,0
5654,8,32,1,0,0,0,1,0,706.75,0,1,0,1,0,0
6388,11,32,1,0,0,0,1,0,580.7272727272727,0,1,0,1,0,0
4169,9,32,1,0,0,0,1,0,463.22222222222223,0,1,0,1,0,0
7735,8,47,1,0,0,0,0,0,966.875,0,1,0,0,1,0
8438,14,47,1,0,0,0,0,0,602.7142857142857,0,1,0,0,1,0
7952,11,47,1,0,0,0,0,0,722.9090909090909,0,1,0,0,1,0
6682,18,47,1,0,0,0,0,0,371.22222222222223,0,1,0,0,1,0
6260,12,25,0,1,0,0,0,1,521.6666666666666,0,1,0,1,0,0
6325,17,25,0,1,0,0,0,1,372.05882352941177,0,1,0,1,0,0
2912,14,25,0,1,0,0,0,1,208.0,0,1,0,1,0,0
5329,15,25,0,1,0,0,0,1,355.26666666666665,0,1,0,1,0,0
3058,16,25,0,1,0,0,0,1,191.125,0,1,0,1,0,0
5113,15,25,0,1,0,0,0,1,340.8666666666667,0,1,0,1,0,0
6115,18,25,0,1,0,0,0,1,339.72222222222223,0,1,0,1,0,0
4941,20,25,0,1,0,0,0,1,247.05,0,1,0,1,0,0
5682,17,25,0,1,0,0,0,1,334.2352941176471,0,1,0,1,0,0
7426,11,25,0,1,0,0,0,1,675.0909090909091,0,1,0,1,0,0
5173,7,25,0,1,0,0,0,1,739.0,0,1,0,1,0,0
2674,17,25,0,1,0,0,0,1,157.2941176470588,0,1,0,1,0,0
4911,15,21,0,0,0,1,0,0,327.4,0,1,1,0,0,0
6351,11,21,0,0,0,1,0,0,577.3636363636364,0,1,1,0,0,0
5536,7,21,0,0,0,1,0,0,790.8571428571429,0,1,1,0,0,0
3306,7,21,0,0,0,1,0,0,472.2857142857143,0,1,1,0,0,0
7157,19,21,0,0,0,1,0,0,376.6842105263158,0,1,1,0,0,0
4258,18,21,0,0,0,1,0,0,236.55555555555554,0,1,1,0,0,0
4472,9,21,0,0,0,1,0,0,496.8888888888889,0,1,1,0,0,0
4526,11,21,0,0,0,1,0,0,411.45454545454544,0,1,1,0,0,0
3929,13,21,0,0,0,1,0,0,302.2307692307692,0,1,1,0,0,0
6195,18,21,0,0,0,1,0,0,344.1666666666667,0,1,1,0,0,0
4982,13,21,0,0,0,1,0,0,383.2307692307692,0,1,1,0,0,0
5962,16,21,0,0,0,1,0,0,372.625,0,1,1,0,0,0
4088,12,47,0,0,0,1,0,0,340.6666666666667,0,1,0,0,1,0
3219,12,47,0,0,0,1,0,0,268.25,0,1,0,0,1,0
6177,14,47,0,0,0,1,0,0,441.2142857142857,0,1,0,0,1,0
6324,11,47,0,0,0,1,0,0,574.9090909090909,0,1,0,0,1,0
2004,10,47,0,0,0,1,0,0,200.4,0,1,0,0,1,0
3230,15,47,0,0,0,1,0,0,215.33333333333334,0,1,0,0,1,0
5208,10,47,0,0,0,1,0,0,520.8,0,1,0,0,1,0
2975,11,47,0,0,0,1,0,0,270.45454545454544,0,1,0,0,1,0
3002,13,47,0,0,0,1,0,0,230.92307692307693,0,1,0,0,1,0
3344,11,47,0,0,0,1,0,0,304.0,0,1,0,0,1,0
3719,13,47,0,0,0,1,0,0,286.0769230769231,0,1,0,0,1,0
3845,9,47,0,0,0,1,0,0,427.22222222222223,0,1,0,0,1,0
1324,14,57,1,0,0,0,0,0,94.57142857142857,0,1,0,0,1,0
1764,11,57,1,0,0,0,0,0,160.36363636363637,0,1,0,0,1,0
3974,13,57,1,0,0,0,0,0,305.6923076923077,0,1,0,0,1,0
1854,14,57,1,0,0,0,0,0,132.42857142857142,0,1,0,0,1,0
1286,8,57,1,0,0,0,0,0,160.75,0,1,0,0,1,0
2190,17,57,1,0,0,0,0,0,128.8235294117647,0,1,0,0,1,0
2215,12,57,1,0,0,0,0,0,184.58333333333334,0,1,0,0,1,0
1683,12,57,1,0,0,0,0,0,140.25,0,1,0,0,1,0
1144,9,57,1,0,0,0,0,0,127.11111111111111,0,1,0,0,1,0
2821,10,57,1,0,0,0,0,0,282.1,0,1,0,0,1,0
1649,12,57,1,0,0,0,0,0,137.41666666666666,0,1,0,0,1,0
2315,11,57,1,0,0,0,0,0,210.45454545454547,0,1,0,0,1,0
3872,7,79,0,0,0,1,0,0,553.1428571428571,0,1,0,0,0,1
7709,19,79,0,0,0,1,0,0,405.7368421052632,0,1,0,0,0,1
4840,15,79,0,0,0,1,0,0,322.6666666666667,0,1,0,0,0,1
8262,14,79,0,0,0,1,0,0,590.1428571428571,0,1,0,0,0,1
4042,13,79,0,0,0,1,0,0,310.9230769230769,0,1,0,0,0,1
3827,10,79,0,0,0,1,0,0,382.7,0,1,0,0,0,1
6526,17,79,0,0,0,1,0,0,383.88235294117646,0,1,0,0,0,1
5418,9,79,0,0,0,1,0,0,602.0,0,1,0,0,0,1
6425,10,79,0,0,0,1,0,0,642.5,0,1,0,0,0,1
8979,23,79,0,0,0,1,0,0,390.39130434782606,0,1,0,0,0,1
3863,12,79,0,0,0,1,0,0,321.9166666666667,0,1,0,0,0,1
4176,12,79,0,0,0,1,0,0,348.0,0,1,0,0,0,1
7172,11,39,1,0,0,1,0,0,652.0,0,1,0,1,0,0
5689,7,39,1,0,0,1,0,0,812.7142857142857,0,1,0,1,0,0
8901,17,39,1,0,0,1,0,0,523.5882352941177,0,1,0,1,0,0
7237,10,39,1,0,0,1,0,0,723.7,0,1,0,1,0,0
7579,18,39,1,0,0,1,0,0,421.05555555555554,0,1,0,1,0,0
2652,11,29,0,0,0,0,0,0,241.0909090909091,0,1,0,1,0,0
7420,11,29,0,0,0,0,0,0,674.5454545454545,0,1,0,1,0,0
6709,7,29,0,0,0,0,0,0,958.4285714285714,0,1,0,1,0,0
7612,11,29,0,0,0,0,0,0,692.0,0,1,0,1,0,0
5974,11,29,0,0,0,0,0,0,543.0909090909091,0,1,0,1,0,0
8302,10,29,0,0,0,0,0,0,830.2,0,1,0,1,0,0
8347,3,64,1,0,0,1,0,0,2782.3333333333335,0,1,0,0,1,0
8803,19,64,1,0,0,1,0,0,463.3157894736842,0,1,0,0,1,0
7696,12,64,1,0,0,1,0,0,641.3333333333334,0,1,0,0,1,0
8718,14,64,1,0,0,1,0,0,622.7142857142857,0,1,0,0,1,0
5860,11,64,1,0,0,1,0,0,532.7272727272727,0,1,0,0,1,0
7159,5,64,1,0,0,1,0,0,1431.8,0,1,0,0,1,0
8138,14,64,1,0,0,1,0,0,581.2857142857143,0,1,0,0,1,0
8302,12,69,0,0,0,0,1,0,691.8333333333334,0,1,0,0,0,1
5460,9,69,0,0,0,0,1,0,606.6666666666666,0,1,0,0,0,1
3081,7,69,0,0,0,0,1,0,440.14285714285717,0,1,0,0,0,1
5406,14,69,0,0,0,0,1,0,386.14285714285717,0,1,0,0,0,1
8168,16,69,0,0,0,0,1,0,510.5,0,1,0,0,0,1
4746,15,69,0,0,0,0,1,0,316.4,0,1,0,0,0,1
8417,10,69,0,0,0,0,1,0,841.7,0,1,0,0,0,1
5759,10,69,0,0,0,0,1,0,575.9,0,1,0,0,0,1
5238,10,51,1,0,0,0,0,0,523.8,0,1,0,0,1,0
5484,15,51,1,0,0,0,0,0,365.6,0,1,0,0,1,0
3064,7,51,1,0,0,0,0,0,437.7142857142857,0,1,0,0,1,0
4555,11,51,1,0,0,0,0,0,414.09090909090907,0,1,0,0,1,0
5238,15,51,1,0,0,0,0,0,349.2,0,1,0,0,1,0
6344,14,51,1,0,0,0,0,0,453.14285714285717,0,1,0,0,1,0
2878,12,51,1,0,0,0,0,0,239.83333333333334,0,1,0,0,1,0
3422,14,51,1,0,0,0,0,0,244.42857142857142,0,1,0,0,1,0
3300,8,51,1,0,0,0,0,0,412.5,0,1,0,0,1,0
8221,16,51,1,0,0,0,0,0,513.8125,0,1,0,0,1,0
5098,16,51,1,0,0,0,0,0,318.625,0,1,0,0,1,0
3783,7,77,1,0,0,1,0,0,540.4285714285714,0,1,0,0,0,1
6012,16,77,1,0,0,1,0,0,375.75,0,1,0,0,0,1
5917,17,77,1,0,0,1,0,0,348.05882352941177,0,1,0,0,0,1
4759,23,77,1,0,0,1,0,0,206.91304347826087,0,1,0,0,0,1
3818,12,77,1,0,0,1,0,0,318.1666666666667,0,1,0,0,0,1
5664,20,77,1,0,0,1,0,0,283.2,0,1,0,0,0,1
5595,14,77,1,0,0,1,0,0,399.64285714285717,0,1,0,0,0,1
4472,7,77,1,0,0,1,0,0,638.8571428571429,0,1,0,0,0,1
6941,17,77,1,0,0,1,0,0,408.29411764705884,0,1,0,0,0,1
4205,10,77,1,0,0,1,0,0,420.5,0,1,0,0,0,1
3107,14,77,1,0,0,1,0,0,221.92857142857142,0,1,0,0,0,1
8378,13,24,0,0,0,0,0,0,644.4615384615385,0,1,1,0,0,0
7339,13,24,0,0,0,0,0,0,564.5384615384615,0,1,1,0,0,0
7503,17,24,0,0,0,0,0,0,441.3529411764706,0,1,1,0,0,0
7296,6,24,0,0,0,0,0,0,1216.0,0,1,1,0,0,0
7678,14,24,0,0,0,0,0,0,548.4285714285714,0,1,1,0,0,0
7707,17,24,0,0,0,0,0,0,453.3529411764706,0,1,1,0,0,0
8735,14,24,0,0,0,0,0,0,623.9285714285714,0,1,1,0,0,0
7452,8,24,0,0,0,0,0,0,931.5,0,1,1,0,0,0
6279,17,24,0,0,0,0,0,0,369.3529411764706,0,1,1,0,0,0
8553,14,84,1,0,0,1,0,0,610.9285714285714,0,1,0,0,0,1
7279,18,51,1,0,0,0,0,0,404.3888888888889,0,1,0,0,1,0
2627,18,51,1,0,0,0,0,0,145.94444444444446,0,1,0,0,1,0
4256,10,51,1,0,0,0,0,0,425.6,0,1,0,0,1,0
2580,9,51,1,0,0,0,0,0,286.6666666666667,0,1,0,0,1,0
2128,19,51,1,0,0,0,0,0,112.0,0,1,0,0,1,0
2412,9,51,1,0,0,0,0,0,268.0,0,1,0,0,1,0
1220,10,51,1,0,0,0,0,0,122.0,0,1,0,0,1,0
4416,15,51,1,0,0,0,0,0,294.4,0,1,0,0,1,0
2423,10,51,1,0,0,0,0,0,242.3,0,1,0,0,1,0
2104,14,51,1,0,0,0,0,0,150.28571428571428,0,1,0,0,1,0
2915,8,51,1,0,0,0,0,0,364.375,0,1,0,0,1,0
8193,17,76,0,0,0,0,0,0,481.94117647058823,0,1,0,0,0,1
5579,8,76,0,0,0,0,0,0,697.375,0,1,0,0,0,1
7692,15,76,0,0,0,0,0,0,512.8,0,1,0,0,0,1
7593,7,76,0,0,0,0,0,0,1084.7142857142858,0,1,0,0,0,1
7683,16,76,0,0,0,0,0,0,480.1875,0,1,0,0,0,1
6766,10,76,0,0,0,0,0,0,676.6,0,1,0,0,0,1
8416,10,76,0,0,0,0,0,0,841.6,0,1,0,0,0,1
7290,14,76,0,0,0,0,0,0,520.7142857142857,0,1,0,0,0,1
5130,6,76,0,0,0,0,0,0,855.0,0,1,0,0,0,1
7145,18,54,0,0,0,1,1,0,396.94444444444446,0,1,0,0,1,0
6316,11,54,0,0,0,1,1,0,574.1818181818181,0,1,0,0,1,0
6683,8,54,0,0,0,1,1,0,835.375,0,1,0,0,1,0
5301,15,54,0,0,0,1,1,0,353.4,0,1,0,0,1,0
7168,7,54,0,0,0,1,1,0,1024.0,0,1,0,0,1,0
4926,11,54,0,0,0,1,1,0,447.8181818181818,0,1,0,0,1,0
7699,17,45,0,0,0,0,0,0,452.88235294117646,0,1,0,0,1,0
5161,13,45,0,0,0,0,0,0,397.0,0,1,0,0,1,0
7857,11,45,0,0,0,0,0,0,714.2727272727273,0,1,0,0,1,0
8047,13,45,0,0,0,0,0,0,619.0,0,1,0,0,1,0
8585,10,45,0,0,0,0,0,0,858.5,0,1,0,0,1,0
5722,15,45,0,0,0,0,0,0,381.46666666666664,0,1,0,0,1,0
8869,14,45,0,0,0,0,0,0,633.5,0,1,0,0,1,0
6996,14,45,0,0,0,0,0,0,499.7142857142857,0,1,0,0,1,0
5500,9,45,0,0,0,0,0,0,611.1111111111111,0,1,0,0,1,0
4315,11,45,0,0,0,0,0,0,392.27272727272725,0,1,0,0,1,0
7097,16,27,0,0,0,0,1,0,443.5625,0,1,0,1,0,0
4708,15,27,0,0,0,0,1,0,313.8666666666667,0,1,0,1,0,0
5064,15,27,0,0,0,0,1,0,337.6,0,1,0,1,0,0
4174,8,27,0,0,0,0,1,0,521.75,0,1,0,1,0,0
6931,18,27,0,0,0,0,1,0,385.05555555555554,0,1,0,1,0,0
3734,10,27,0,0,0,0,1,0,373.4,0,1,0,1,0,0
4535,10,27,0,0,0,0,1,0,453.5,0,1,0,1,0,0
4439,15,27,0,0,0,0,1,0,295.93333333333334,0,1,0,1,0,0
4850,21,27,0,0,0,0,1,0,230.95238095238096,0,1,0,1,0,0
2881,16,27,0,0,0,0,1,0,180.0625,0,1,0,1,0,0
6372,12,27,0,0,0,0,1,0,531.0,0,1,0,1,0,0
5890,16,27,0,0,0,0,1,0,368.125,0,1,0,1,0,0
4950,17,34,1,0,0,0,0,0,291.1764705882353,0,1,0,1,0,0
1862,10,34,1,0,0,0,0,0,186.2,0,1,0,1,0,0
3354,11,34,1,0,0,0,0,0,304.90909090909093,0,1,0,1,0,0
1869,9,34,1,0,0,0,0,0,207.66666666666666,0,1,0,1,0,0
3470,13,34,1,0,0,0,0,0,266.9230769230769,0,1,0,1,0,0
3508,16,34,1,0,0,0,0,0,219.25,0,1,0,1,0,0
2896,13,34,1,0,0,0,0,0,222.76923076923077,0,1,0,1,0,0
5570,17,34,1,0,0,0,0,0,327.6470588235294,0,1,0,1,0,0
5389,15,34,1,0,0,0,0,0,359.26666666666665,0,1,0,1,0,0
2407,8,34,1,0,0,0,0,0,300.875,0,1,0,1,0,0
2537,15,34,1,0,0,0,0,0,169.13333333333333,0,1,0,1,0,0
3306,14,34,1,0,0,0,0,0,236.14285714285714,0,1,0,1,0,0
6888,14,27,0,0,0,0,0,0,492.0,0,1,0,1,0,0
7668,8,27,0,0,0,0,0,0,958.5,0,1,0,1,0,0
5700,12,27,0,0,0,0,0,0,475.0,0,1,0,1,0,0
7241,17,27,0,0,0,0,0,0,425.94117647058823,0,1,0,1,0,0
4198,8,27,0,0,0,0,0,0,524.75,0,1,0,1,0,0
8643,12,27,0,0,0,0,0,0,720.25,0,1,0,1,0,0
8747,13,27,0,0,0,0,0,0,672.8461538461538,0,1,0,1,0,0
8043,14,27,0,0,0,0,0,0,574.5,0,1,0,1,0,0
7720,15,27,0,0,0,0,0,0,514.6666666666666,0,1,0,1,0,0
7171,14,27,0,0,0,0,0,0,512.2142857142857,0,1,0,1,0,0
7787,11,73,0,0,1,0,0,1,707.9090909090909,0,1,0,0,0,1
8844,8,73,0,0,1,0,0,1,1105.5,0,1,0,0,0,1
7848,18,73,0,0,1,0,0,1,436.0,0,1,0,0,0,1
4773,6,73,0,0,1,0,0,1,795.5,0,1,0,0,0,1
8264,14,73,0,0,1,0,0,1,590.2857142857143,0,1,0,0,0,1
7609,9,73,0,0,1,0,0,1,845.4444444444445,0,1,0,0,0,1
5134,6,26,1,1,0,1,0,1,855.6666666666666,0,1,0,1,0,0
7576,13,26,1,1,0,1,0,1,582.7692307692307,0,1,0,1,0,0
1079,17,51,1,0,0,1,1,0,63.470588235294116,0,1,0,0,1,0
2237,9,51,1,0,0,1,1,0,248.55555555555554,0,1,0,0,1,0
1736,11,51,1,0,0,1,1,0,157.8181818181818,0,1,0,0,1,0
1054,9,51,1,0,0,1,1,0,117.11111111111111,0,1,0,0,1,0
1839,16,51,1,0,0,1,1,0,114.9375,0,1,0,0,1,0
1893,18,51,1,0,0,1,1,0,105.16666666666667,0,1,0,0,1,0
1383,9,51,1,0,0,1,1,0,153.66666666666666,0,1,0,0,1,0
1285,14,51,1,0,0,1,1,0,91.78571428571429,0,1,0,0,1,0
2085,17,51,1,0,0,1,1,0,122.6470588235294,0,1,0,0,1,0
4160,18,51,1,0,0,1,1,0,231.11111111111111,0,1,0,0,1,0
2266,18,51,1,0,0,1,1,0,125.88888888888889,0,1,0,0,1,0
2267,23,51,1,0,0,1,1,0,98.56521739130434,0,1,0,0,1,0
7282,8,65,0,0,0,1,0,0,910.25,0,1,0,0,0,1
7326,10,65,0,0,0,1,0,0,732.6,0,1,0,0,0,1
8336,13,65,0,0,0,1,0,0,641.2307692307693,0,1,0,0,0,1
7521,23,65,0,0,0,1,0,0,327.0,0,1,0,0,0,1
8776,11,82,1,0,0,0,1,0,797.8181818181819,0,1,0,0,0,1
5821,12,82,1,0,0,0,1,0,485.0833333333333,0,1,0,0,0,1
7458,5,82,1,0,0,0,1,0,1491.6,0,1,0,0,0,1
6630,8,82,1,0,0,0,1,0,828.75,0,1,0,0,0,1
6204,11,69,1,0,0,1,0,0,564.0,0,1,0,0,0,1
4308,11,69,1,0,0,1,0,0,391.6363636363636,0,1,0,0,0,1
5475,8,69,1,0,0,1,0,0,684.375,0,1,0,0,0,1
8893,10,69,1,0,0,1,0,0,889.3,0,1,0,0,0,1
4326,5,69,1,0,0,1,0,0,865.2,0,1,0,0,0,1
4243,10,69,1,0,0,1,0,0,424.3,0,1,0,0,0,1
5639,12,69,1,0,0,1,0,0,469.9166666666667,0,1,0,0,0,1
5132,12,22,0,0,0,1,0,0,427.6666666666667,0,1,1,0,0,0
2972,11,22,0,0,0,1,0,0,270.1818181818182,0,1,1,0,0,0
5718,13,22,0,0,0,1,0,0,439.84615384615387,0,1,1,0,0,0
3968,11,22,0,0,0,1,0,0,360.72727272727275,0,1,1,0,0,0
2823,11,22,0,0,0,1,0,0,256.6363636363636,0,1,1,0,0,0
2950,15,22,0,0,0,1,0,0,196.66666666666666,0,1,1,0,0,0
4209,13,22,0,0,0,1,0,0,323.7692307692308,0,1,1,0,0,0
2114,10,22,0,0,0,1,0,0,211.4,0,1,1,0,0,0
3058,10,22,0,0,0,1,0,0,305.8,0,1,1,0,0,0
2704,8,22,0,0,0,1,0,0,338.0,0,1,1,0,0,0
1593,7,22,0,0,0,1,0,0,227.57142857142858,0,1,1,0,0,0
4197,9,34,0,0,0,0,0,0,466.3333333333333,0,1,0,1,0,0
7773,8,34,0,0,0,0,0,0,971.625,0,1,0,1,0,0
5077,13,34,0,0,0,0,0,0,390.53846153846155,0,1,0,1,0,0
8584,11,34,0,0,0,0,0,0,780.3636363636364,0,1,0,1,0,0
5251,15,34,0,0,0,0,0,0,350.06666666666666,0,1,0,1,0,0
7438,12,34,0,0,0,0,0,0,619.8333333333334,0,1,0,1,0,0
3435,9,34,0,0,0,0,0,0,381.6666666666667,0,1,0,1,0,0
4116,9,22,1,0,0,1,0,0,457.3333333333333,0,1,1,0,0,0
4005,13,22,1,0,0,1,0,0,308.0769230769231,0,1,1,0,0,0
4506,10,22,1,0,0,1,0,0,450.6,0,1,1,0,0,0
5656,12,22,1,0,0,1,0,0,471.3333333333333,0,1,1,0,0,0
2590,13,22,1,0,0,1,0,0,199.23076923076923,0,1,1,0,0,0
1782,12,22,1,0,0,1,0,0,148.5,0,1,1,0,0,0
4834,12,22,1,0,0,1,0,0,402.8333333333333,0,1,1,0,0,0
2917,15,22,1,0,0,1,0,0,194.46666666666667,0,1,1,0,0,0
2713,11,22,1,0,0,1,0,0,246.63636363636363,0,1,1,0,0,0
2453,17,22,1,0,0,1,0,0,144.2941176470588,0,1,1,0,0,0
4189,18,22,1,0,0,1,0,0,232.72222222222223,0,1,1,0,0,0
3282,11,22,1,0,0,1,0,0,298.3636363636364,0,1,1,0,0,0
6146,9,79,0,1,0,0,0,1,682.8888888888889,0,1,0,0,0,1
5847,13,79,0,1,0,0,0,1,449.7692307692308,0,1,0,0,0,1
5014,16,79,0,1,0,0,0,1,313.375,0,1,0,0,0,1
2451,7,79,0,1,0,0,0,1,350.14285714285717,0,1,0,0,0,1
3411,9,79,0,1,0,0,0,1,379.0,0,1,0,0,0,1
4957,19,79,0,1,0,0,0,1,260.89473684210526,0,1,0,0,0,1
3395,17,79,0,1,0,0,0,1,199.7058823529412,0,1,0,0,0,1
5375,20,79,0,1,0,0,0,1,268.75,0,1,0,0,0,1
3588,11,79,0,1,0,0,0,1,326.1818181818182,0,1,0,0,0,1
3885,11,79,0,1,0,0,0,1,353.1818181818182,0,1,0,0,0,1
5052,17,79,0,1,0,0,0,1,297.1764705882353,0,1,0,0,0,1
5203,26,79,0,1,0,0,0,1,200.1153846153846,0,1,0,0,0,1
6627,8,73,0,0,0,1,0,0,828.375,0,1,0,0,0,1
3030,17,33,0,0,0,1,0,0,178.23529411764707,0,1,0,1,0,0
2954,15,33,0,0,0,1,0,0,196.93333333333334,0,1,0,1,0,0
2067,11,33,0,0,0,1,0,0,187.9090909090909,0,1,0,1,0,0
3741,8,33,0,0,0,1,0,0,467.625,0,1,0,1,0,0
2736,11,33,0,0,0,1,0,0,248.72727272727272,0,1,0,1,0,0
2143,12,33,0,0,0,1,0,0,178.58333333333334,0,1,0,1,0,0
6755,14,33,0,0,0,1,0,0,482.5,0,1,0,1,0,0
4361,19,33,0,0,0,1,0,0,229.52631578947367,0,1,0,1,0,0
1946,8,33,0,0,0,1,0,0,243.25,0,1,0,1,0,0
6351,16,33,0,0,0,1,0,0,396.9375,0,1,0,1,0,0
1972,9,33,0,0,0,1,0,0,219.11111111111111,0,1,0,1,0,0
2169,11,33,0,0,0,1,0,0,197.1818181818182,0,1,0,1,0,0
4533,9,66,1,0,0,1,1,0,503.6666666666667,0,1,0,0,0,1
1966,8,66,1,0,0,1,1,0,245.75,0,1,0,0,0,1
3719,10,66,1,0,0,1,1,0,371.9,0,1,0,0,0,1
3674,12,66,1,0,0,1,1,0,306.1666666666667,0,1,0,0,0,1
6710,10,66,1,0,0,1,1,0,671.0,0,1,0,0,0,1
2418,10,66,1,0,0,1,1,0,241.8,0,1,0,0,0,1
3639,12,66,1,0,0,1,1,0,303.25,0,1,0,0,0,1
4894,17,66,1,0,0,1,1,0,287.88235294117646,0,1,0,0,0,1
5335,18,66,1,0,0,1,1,0,296.3888888888889,0,1,0,0,0,1
3324,16,66,1,0,0,1,1,0,207.75,0,1,0,0,0,1
3751,12,66,1,0,0,1,1,0,312.5833333333333,0,1,0,0,0,1
3347,14,66,1,0,0,1,1,0,239.07142857142858,0,1,0,0,0,1
8480,11,72,0,1,0,1,1,1,770.9090909090909,0,1,0,0,0,1
5916,10,72,0,1,0,1,1,1,591.6,0,1,0,0,0,1
7307,17,72,0,1,0,1,1,1,429.8235294117647,0,1,0,0,0,1
4763,12,72,0,1,0,1,1,1,396.9166666666667,0,1,0,0,0,1
5323,15,72,0,1,0,1,1,1,354.8666666666667,0,1,0,0,0,1
3919,13,72,0,1,0,1,1,1,301.46153846153845,0,1,0,0,0,1
4344,8,72,0,1,0,1,1,1,543.0,0,1,0,0,0,1
5666,15,72,0,1,0,1,1,1,377.73333333333335,0,1,0,0,0,1
8128,18,72,0,1,0,1,1,1,451.55555555555554,0,1,0,0,0,1
6755,13,72,0,1,0,1,1,1,519.6153846153846,0,1,0,0,0,1
6918,8,72,0,1,0,1,1,1,864.75,0,1,0,0,0,1
6391,13,72,0,1,0,1,1,1,491.61538461538464,0,1,0,0,0,1
4593,11,37,0,0,0,0,1,0,417.54545454545456,0,1,0,1,0,0
6267,17,37,0,0,0,0,1,0,368.6470588235294,0,1,0,1,0,0
3708,8,37,0,0,0,0,1,0,463.5,0,1,0,1,0,0
6331,11,37,0,0,0,0,1,0,575.5454545454545,0,1,0,1,0,0
7746,17,37,0,0,0,0,1,0,455.6470588235294,0,1,0,1,0,0
7296,12,37,0,0,0,0,1,0,608.0,0,1,0,1,0,0
6679,14,37,0,0,0,0,1,0,477.07142857142856,0,1,0,1,0,0
7758,21,37,0,0,0,0,1,0,369.42857142857144,0,1,0,1,0,0
4007,15,37,0,0,0,0,1,0,267.1333333333333,0,1,0,1,0,0
6911,15,37,0,0,0,0,1,0,460.73333333333335,0,1,0,1,0,0
5093,13,37,0,0,0,0,1,0,391.7692307692308,0,1,0,1,0,0
8790,19,75,1,0,0,1,0,0,462.63157894736844,0,1,0,0,0,1
8038,10,75,1,0,0,1,0,0,803.8,0,1,0,0,0,1
6672,8,75,1,0,0,1,0,0,834.0,0,1,0,0,0,1
7159,10,75,1,0,0,1,0,0,715.9,0,1,0,0,0,1
8452,14,75,1,0,0,1,0,0,603.7142857142857,0,1,0,0,0,1
5143,15,75,1,0,0,1,0,0,342.8666666666667,0,1,0,0,0,1
8624,12,75,1,0,0,1,0,0,718.6666666666666,0,1,0,0,0,1
4604,24,75,1,0,0,1,0,0,191.83333333333334,0,1,0,0,0,1
4718,16,75,1,0,0,1,0,0,294.875,0,1,0,0,0,1
6924,10,75,1,0,0,1,0,0,692.4,0,1,0,0,0,1
5217,13,68,1,0,0,1,0,0,401.3076923076923,0,1,0,0,0,1
4877,15,68,1,0,0,1,0,0,325.1333333333333,0,1,0,0,0,1
6766,5,68,1,0,0,1,0,0,1353.2,0,1,0,0,0,1
3818,8,68,1,0,0,1,0,0,477.25,0,1,0,0,0,1
4043,17,68,1,0,0,1,0,0,237.8235294117647,0,1,0,0,0,1
4353,16,68,1,0,0,1,0,0,272.0625,0,1,0,0,0,1
2881,8,68,1,0,0,1,0,0,360.125,0,1,0,0,0,1
6834,18,68,1,0,0,1,0,0,379.6666666666667,0,1,0,0,0,1
4537,19,68,1,0,0,1,0,0,238.78947368421052,0,1,0,0,0,1
6967,8,68,1,0,0,1,0,0,870.875,0,1,0,0,0,1
1764,5,68,1,0,0,1,0,0,352.8,0,1,0,0,0,1
3018,6,68,1,0,0,1,0,0,503.0,0,1,0,0,0,1
5189,17,37,0,0,0,0,0,0,305.2352941176471,0,1,0,1,0,0
7108,13,37,0,0,0,0,0,0,546.7692307692307,0,1,0,1,0,0
4250,16,37,0,0,0,0,0,0,265.625,0,1,0,1,0,0
7436,11,37,0,0,0,0,0,0,676.0,0,1,0,1,0,0
5441,12,37,0,0,0,0,0,0,453.4166666666667,0,1,0,1,0,0
7801,15,37,0,0,0,0,0,0,520.0666666666667,0,1,0,1,0,0
6118,17,37,0,0,0,0,0,0,359.88235294117646,0,1,0,1,0,0
6448,11,37,0,0,0,0,0,0,586.1818181818181,0,1,0,1,0,0
2910,8,37,0,0,0,0,0,0,363.75,0,1,0,1,0,0
4458,12,37,0,0,0,0,0,0,371.5,0,1,0,1,0,0
5349,13,37,0,0,0,0,0,0,411.46153846153845,0,1,0,1,0,0
4083,8,37,0,0,0,0,0,0,510.375,0,1,0,1,0,0
1692,19,37,1,0,0,0,0,0,89.05263157894737,0,1,0,1,0,0
1873,11,37,1,0,0,0,0,0,170.27272727272728,0,1,0,1,0,0
817,13,37,1,0,0,0,0,0,62.84615384615385,0,1,0,1,0,0
878,11,37,1,0,0,0,0,0,79.81818181818181,0,1,0,1,0,0
1634,13,37,1,0,0,0,0,0,125.6923076923077,0,1,0,1,0,0
1433,12,37,1,0,0,0,0,0,119.41666666666667,0,1,0,1,0,0
1395,17,37,1,0,0,0,0,0,82.05882352941177,0,1,0,1,0,0
1280,16,37,1,0,0,0,0,0,80.0,0,1,0,1,0,0
2086,8,37,1,0,0,0,0,0,260.75,0,1,0,1,0,0
833,10,37,1,0,0,0,0,0,83.3,0,1,0,1,0,0
1819,5,37,1,0,0,0,0,0,363.8,0,1,0,1,0,0
848,6,37,1,0,0,0,0,0,141.33333333333334,0,1,0,1,0,0
5385,11,82,1,1,0,0,0,1,489.54545454545456,0,1,0,0,0,1
5284,8,82,1,1,0,0,0,1,660.5,0,1,0,0,0,1
5122,8,82,1,1,0,0,0,1,640.25,0,1,0,0,0,1
4502,7,82,1,1,0,0,0,1,643.1428571428571,0,1,0,0,0,1
2908,16,82,1,1,0,0,0,1,181.75,0,1,0,0,0,1
3967,10,82,1,1,0,0,0,1,396.7,0,1,0,0,0,1
5296,18,82,1,1,0,0,0,1,294.22222222222223,0,1,0,0,0,1
2753,9,82,1,1,0,0,0,1,305.8888888888889,0,1,0,0,0,1
3526,12,82,1,1,0,0,0,1,293.8333333333333,0,1,0,0,0,1
4302,13,82,1,1,0,0,0,1,330.9230769230769,0,1,0,0,0,1
4819,16,82,1,1,0,0,0,1,301.1875,0,1,0,0,0,1
3779,11,82,1,1,0,0,0,1,343.54545454545456,0,1,0,0,0,1
6518,20,18,1,0,1,0,0,1,325.9,0,1,1,0,0,0
5182,17,18,1,0,1,0,0,1,304.8235294117647,0,1,1,0,0,0
3466,13,18,1,0,1,0,0,1,266.61538461538464,0,1,1,0,0,0
8739,13,18,1,0,1,0,0,1,672.2307692307693,0,1,1,0,0,0
8149,12,18,1,0,1,0,0,1,679.0833333333334,0,1,1,0,0,0
4607,8,18,1,0,1,0,0,1,575.875,0,1,1,0,0,0
3364,4,18,1,0,1,0,0,1,841.0,0,1,1,0,0,0
5842,12,18,1,0,1,0,0,1,486.8333333333333,0,1,1,0,0,0
7910,14,18,1,0,1,0,0,1,565.0,0,1,1,0,0,0
6156,16,18,1,0,1,0,0,1,384.75,0,1,1,0,0,0
8337,9,18,1,0,1,0,0,1,926.3333333333334,0,1,1,0,0,0
7057,14,18,1,0,1,0,0,1,504.07142857142856,0,1,1,0,0,0
7955,11,84,1,0,0,0,0,0,723.1818181818181,0,1,0,0,0,1
6795,13,84,1,0,0,0,0,0,522.6923076923077,0,1,0,0,0,1
8639,11,84,1,0,0,0,0,0,785.3636363636364,0,1,0,0,0,1
7219,14,84,1,0,0,0,0,0,515.6428571428571,0,1,0,0,0,1
4295,7,30,1,0,0,1,0,0,613.5714285714286,0,1,0,1,0,0
2237,13,30,1,0,0,1,0,0,172.07692307692307,0,1,0,1,0,0
2747,12,30,1,0,0,1,0,0,228.91666666666666,0,1,0,1,0,0
1425,10,30,1,0,0,1,0,0,142.5,0,1,0,1,0,0
3864,11,30,1,0,0,1,0,0,351.27272727272725,0,1,0,1,0,0
4053,14,30,1,0,0,1,0,0,289.5,0,1,0,1,0,0
2510,8,30,1,0,0,1,0,0,313.75,0,1,0,1,0,0
4740,24,30,1,0,0,1,0,0,197.5,0,1,0,1,0,0
4166,17,30,1,0,0,1,0,0,245.05882352941177,0,1,0,1,0,0
2867,18,30,1,0,0,1,0,0,159.27777777777777,0,1,0,1,0,0
3428,22,30,1,0,0,1,0,0,155.8181818181818,0,1,0,1,0,0
2403,12,30,1,0,0,1,0,0,200.25,0,1,0,1,0,0
7587,18,84,1,1,0,0,1,1,421.5,0,1,0,0,0,1
8938,18,84,1,1,0,0,1,1,496.55555555555554,0,1,0,0,0,1
7363,11,84,1,1,0,0,1,1,669.3636363636364,0,1,0,0,0,1
8309,9,84,1,1,0,0,1,1,923.2222222222222,0,1,0,0,0,1
6436,7,84,1,1,0,0,1,1,919.4285714285714,0,1,0,0,0,1
2003,7,37,1,0,0,1,1,0,286.14285714285717,0,1,0,1,0,0
8974,14,37,1,0,0,1,1,0,641.0,0,1,0,1,0,0
8895,13,37,1,0,0,1,1,0,684.2307692307693,0,1,0,1,0,0
6584,22,37,1,0,0,1,1,0,299.27272727272725,0,1,0,1,0,0
8171,10,37,1,0,0,1,1,0,817.1,0,1,0,1,0,0
7149,9,37,1,0,0,1,1,0,794.3333333333334,0,1,0,1,0,0
5054,12,67,0,0,0,1,1,0,421.1666666666667,0,1,0,0,0,1
6560,8,67,0,0,0,1,1,0,820.0,0,1,0,0,0,1
8531,18,67,0,0,0,1,1,0,473.94444444444446,0,1,0,0,0,1
2785,11,67,0,0,0,1,1,0,253.1818181818182,0,1,0,0,0,1
3496,12,67,0,0,0,1,1,0,291.3333333333333,0,1,0,0,0,1
7146,26,67,0,0,0,1,1,0,274.84615384615387,0,1,0,0,0,1
3925,5,67,0,0,0,1,1,0,785.0,0,1,0,0,0,1
7659,18,67,0,0,0,1,1,0,425.5,0,1,0,0,0,1
5860,19,67,0,0,0,1,1,0,308.42105263157896,0,1,0,0,0,1
4197,10,67,0,0,0,1,1,0,419.7,0,1,0,0,0,1
6521,11,67,0,0,0,1,1,0,592.8181818181819,0,1,0,0,0,1
5068,14,67,0,0,0,1,1,0,362.0,0,1,0,0,0,1
5561,8,49,0,0,0,0,1,0,695.125,0,1,0,0,1,0
7881,8,49,0,0,0,0,1,0,985.125,0,1,0,0,1,0
7362,17,49,0,0,0,0,1,0,433.05882352941177,0,1,0,0,1,0
7084,10,49,0,0,0,0,1,0,708.4,0,1,0,0,1,0
5832,8,48,0,0,0,0,0,0,729.0,0,1,0,0,1,0
8807,17,48,0,0,0,0,0,0,518.0588235294117,0,1,0,0,1,0
1897,15,34,0,0,0,0,0,0,126.46666666666667,0,1,0,1,0,0
1470,12,34,0,0,0,0,0,0,122.5,0,1,0,1,0,0
1435,14,34,0,0,0,0,0,0,102.5,0,1,0,1,0,0
1037,15,34,0,0,0,0,0,0,69.13333333333334,0,1,0,1,0,0
2140,22,34,0,0,0,0,0,0,97.27272727272727,0,1,0,1,0,0
2368,8,34,0,0,0,0,0,0,296.0,0,1,0,1,0,0
1133,11,34,0,0,0,0,0,0,103.0,0,1,0,1,0,0
1745,8,34,0,0,0,0,0,0,218.125,0,1,0,1,0,0
1458,19,34,0,0,0,0,0,0,76.73684210526316,0,1,0,1,0,0
2416,15,34,0,0,0,0,0,0,161.06666666666666,0,1,0,1,0,0
1447,10,34,0,0,0,0,0,0,144.7,0,1,0,1,0,0
1731,12,34,0,0,0,0,0,0,144.25,0,1,0,1,0,0
1446,10,54,1,0,0,1,1,0,144.6,0,1,0,0,1,0
2437,10,54,1,0,0,1,1,0,243.7,0,1,0,0,1,0
1927,6,54,1,0,0,1,1,0,321.1666666666667,0,1,0,0,1,0
1344,11,54,1,0,0,1,1,0,122.18181818181819,0,1,0,0,1,0
1131,16,54,1,0,0,1,1,0,70.6875,0,1,0,0,1,0
2703,21,54,1,0,0,1,1,0,128.71428571428572,0,1,0,0,1,0
3778,8,54,1,0,0,1,1,0,472.25,0,1,0,0,1,0
1323,15,54,1,0,0,1,1,0,88.2,0,1,0,0,1,0
1639,17,54,1,0,0,1,1,0,96.41176470588235,0,1,0,0,1,0
1016,13,54,1,0,0,1,1,0,78.15384615384616,0,1,0,0,1,0
2092,7,54,1,0,0,1,1,0,298.85714285714283,0,1,0,0,1,0
4443,12,57,1,1,0,0,0,1,370.25,0,1,0,0,1,0
4858,13,57,1,1,0,0,0,1,373.6923076923077,0,1,0,0,1,0
4522,13,57,1,1,0,0,0,1,347.84615384615387,0,1,0,0,1,0
5481,18,57,1,1,0,0,0,1,304.5,0,1,0,0,1,0
8598,8,57,1,1,0,0,0,1,1074.75,0,1,0,0,1,0
3699,15,57,1,1,0,0,0,1,246.6,0,1,0,0,1,0
3064,12,57,1,1,0,0,0,1,255.33333333333334,0,1,0,0,1,0
4721,9,57,1,1,0,0,0,1,524.5555555555555,0,1,0,0,1,0
6687,14,57,1,1,0,0,0,1,477.64285714285717,0,1,0,0,1,0
4756,15,57,1,1,0,0,0,1,317.06666666666666,0,1,0,0,1,0
6166,16,57,1,1,0,0,0,1,385.375,0,1,0,0,1,0
2046,6,57,1,1,0,0,0,1,341.0,0,1,0,0,1,0
2179,12,85,1,1,0,0,0,1,181.58333333333334,0,1,0,0,0,1
2808,17,85,1,1,0,0,0,1,165.1764705882353,0,1,0,0,0,1
1137,7,85,1,1,0,0,0,1,162.42857142857142,0,1,0,0,0,1
2947,15,85,1,1,0,0,0,1,196.46666666666667,0,1,0,0,0,1
3090,14,85,1,1,0,0,0,1,220.71428571428572,0,1,0,0,0,1
2970,9,85,1,1,0,0,0,1,330.0,0,1,0,0,0,1
733,5,85,1,1,0,0,0,1,146.6,0,1,0,0,0,1
2316,15,85,1,1,0,0,0,1,154.4,0,1,0,0,0,1
1986,6,85,1,1,0,0,0,1,331.0,0,1,0,0,0,1
2591,13,85,1,1,0,0,0,1,199.30769230769232,0,1,0,0,0,1
1749,14,85,1,1,0,0,0,1,124.92857142857143,0,1,0,0,0,1
2460,12,85,1,1,0,0,0,1,205.0,0,1,0,0,0,1
4517,14,62,0,0,1,0,0,1,322.64285714285717,0,1,0,0,1,0
6069,14,62,0,0,1,0,0,1,433.5,0,1,0,0,1,0
5689,18,62,0,0,1,0,0,1,316.05555555555554,0,1,0,0,1,0
4664,11,62,0,0,1,0,0,1,424.0,0,1,0,0,1,0
8196,20,62,0,0,1,0,0,1,409.8,0,1,0,0,1,0
6269,10,62,0,0,1,0,0,1,626.9,0,1,0,0,1,0
5818,10,62,0,0,1,0,0,1,581.8,0,1,0,0,1,0
5439,13,62,0,0,1,0,0,1,418.38461538461536,0,1,0,0,1,0
6024,17,62,0,0,1,0,0,1,354.3529411764706,0,1,0,0,1,0
7626,15,62,0,0,1,0,0,1,508.4,0,1,0,0,1,0
6529,14,62,0,0,1,0,0,1,466.35714285714283,0,1,0,0,1,0
4259,16,71,1,1,0,1,1,1,266.1875,0,1,0,0,0,1
7091,10,71,1,1,0,1,1,1,709.1,0,1,0,0,0,1
7851,13,71,1,1,0,1,1,1,603.9230769230769,0,1,0,0,0,1
6714,13,71,1,1,0,1,1,1,516.4615384615385,0,1,0,0,0,1
4481,12,83,0,0,1,0,0,1,373.4166666666667,0,1,0,0,0,1
6131,18,83,0,0,1,0,0,1,340.6111111111111,0,1,0,0,0,1
3553,8,83,0,0,1,0,0,1,444.125,0,1,0,0,0,1
8353,15,83,0,0,1,0,0,1,556.8666666666667,0,1,0,0,0,1
2926,13,83,0,0,1,0,0,1,225.07692307692307,0,1,0,0,0,1
6951,11,83,0,0,1,0,0,1,631.9090909090909,0,1,0,0,0,1
7287,14,83,0,0,1,0,0,1,520.5,0,1,0,0,0,1
5490,21,83,0,0,1,0,0,1,261.42857142857144,0,1,0,0,0,1
8716,13,83,0,0,1,0,0,1,670.4615384615385,0,1,0,0,0,1
7294,16,83,0,0,1,0,0,1,455.875,0,1,0,0,0,1
7601,15,83,0,0,1,0,0,1,506.73333333333335,0,1,0,0,0,1
6707,15,83,0,0,1,0,0,1,447.1333333333333,0,1,0,0,0,1
8943,18,41,1,0,0,0,0,0,496.8333333333333,0,1,0,1,0,0
8624,13,41,1,0,0,0,0,0,663.3846153846154,0,1,0,1,0,0
7847,12,30,1,0,1,1,0,1,653.9166666666666,0,1,0,1,0,0
5660,10,30,1,0,1,1,0,1,566.0,0,1,0,1,0,0
4839,7,30,1,0,1,1,0,1,691.2857142857143,0,1,0,1,0,0
3918,9,30,1,0,1,1,0,1,435.3333333333333,0,1,0,1,0,0
5441,15,30,1,0,1,1,0,1,362.73333333333335,0,1,0,1,0,0
5053,13,30,1,0,1,1,0,1,388.6923076923077,0,1,0,1,0,0
6243,7,30,1,0,1,1,0,1,891.8571428571429,0,1,0,1,0,0
8491,7,30,1,0,1,1,0,1,1213.0,0,1,0,1,0,0
4783,17,30,1,0,1,1,0,1,281.3529411764706,0,1,0,1,0,0
5291,10,30,1,0,1,1,0,1,529.1,0,1,0,1,0,0
5118,11,30,1,0,1,1,0,1,465.27272727272725,0,1,0,1,0,0
6427,6,75,0,1,0,0,0,1,1071.1666666666667,0,1,0,0,0,1
7063,15,75,0,1,0,0,0,1,470.8666666666667,0,1,0,0,0,1
4163,11,75,0,1,0,0,0,1,378.45454545454544,0,1,0,0,0,1
5041,11,75,0,1,0,0,0,1,458.27272727272725,0,1,0,0,0,1
4963,14,75,0,1,0,0,0,1,354.5,0,1,0,0,0,1
8236,13,75,0,1,0,0,0,1,633.5384615384615,0,1,0,0,0,1
7877,12,75,0,1,0,0,0,1,656.4166666666666,0,1,0,0,0,1
3075,9,75,0,1,0,0,0,1,341.6666666666667,0,1,0,0,0,1
4932,13,75,0,1,0,0,0,1,379.38461538461536,0,1,0,0,0,1
4741,9,75,0,1,0,0,0,1,526.7777777777778,0,1,0,0,0,1
6235,18,75,0,1,0,0,0,1,346.3888888888889,0,1,0,0,0,1
6331,14,75,0,1,0,0,0,1,452.2142857142857,0,1,0,0,0,1
8650,18,85,0,0,1,0,0,1,480.55555555555554,0,1,0,0,0,1
8573,16,85,0,0,1,0,0,1,535.8125,0,1,0,0,0,1
7934,13,85,0,0,1,0,0,1,610.3076923076923,0,1,0,0,0,1
5265,11,85,0,0,1,0,0,1,478.6363636363636,0,1,0,0,0,1
8836,16,85,0,0,1,0,0,1,552.25,0,1,0,0,0,1
5248,13,85,0,0,1,0,0,1,403.6923076923077,0,1,0,0,0,1
5464,14,85,0,0,1,0,0,1,390.2857142857143,0,1,0,0,0,1
8948,12,85,0,0,1,0,0,1,745.6666666666666,0,1,0,0,0,1
6780,11,85,0,0,1,0,0,1,616.3636363636364,0,1,0,0,0,1
4590,6,85,0,0,1,0,0,1,765.0,0,1,0,0,0,1
6934,17,85,1,1,0,0,0,1,407.88235294117646,0,1,0,0,0,1
8872,14,85,1,1,0,0,0,1,633.7142857142857,0,1,0,0,0,1
6265,10,85,1,1,0,0,0,1,626.5,0,1,0,0,0,1
8512,21,85,1,1,0,0,0,1,405.3333333333333,0,1,0,0,0,1
8104,10,85,1,1,0,0,0,1,810.4,0,1,0,0,0,1
7558,10,85,1,1,0,0,0,1,755.8,0,1,0,0,0,1
4271,10,85,1,1,0,0,0,1,427.1,0,1,0,0,0,1
8929,22,85,1,1,0,0,0,1,405.8636363636364,0,1,0,0,0,1
7122,15,85,1,1,0,0,0,1,474.8,0,1,0,0,0,1
5385,16,85,1,1,0,0,0,1,336.5625,0,1,0,0,0,1
6154,12,85,1,1,0,0,0,1,512.8333333333334,0,1,0,0,0,1
7736,15,50,1,0,0,1,0,0,515.7333333333333,0,1,0,0,1,0
6488,10,50,1,0,0,1,0,0,648.8,0,1,0,0,1,0
8822,7,50,1,0,0,1,0,0,1260.2857142857142,0,1,0,0,1,0
8319,22,50,1,0,0,1,0,0,378.1363636363636,0,1,0,0,1,0
3875,11,50,1,0,0,1,0,0,352.27272727272725,0,1,0,0,1,0
7166,11,50,1,0,0,1,0,0,651.4545454545455,0,1,0,0,1,0
8596,15,50,1,0,0,1,0,0,573.0666666666667,0,1,0,0,1,0
5446,16,40,0,0,0,1,1,0,340.375,0,1,0,1,0,0
3072,11,40,0,0,0,1,1,0,279.27272727272725,0,1,0,1,0,0
4103,12,40,0,0,0,1,1,0,341.9166666666667,0,1,0,1,0,0
5421,24,40,0,0,0,1,1,0,225.875,0,1,0,1,0,0
4248,14,40,0,0,0,1,1,0,303.42857142857144,0,1,0,1,0,0
4738,5,40,0,0,0,1,1,0,947.6,0,1,0,1,0,0
2995,11,40,0,0,0,1,1,0,272.27272727272725,0,1,0,1,0,0
6607,10,40,0,0,0,1,1,0,660.7,0,1,0,1,0,0
7158,20,40,0,0,0,1,1,0,357.9,0,1,0,1,0,0
5856,15,40,0,0,0,1,1,0,390.4,0,1,0,1,0,0
4152,13,40,0,0,0,1,1,0,319.38461538461536,0,1,0,1,0,0
8849,12,60,1,0,0,0,0,0,737.4166666666666,0,1,0,0,1,0
7983,14,60,1,0,0,0,0,0,570.2142857142857,0,1,0,0,1,0
6848,16,60,1,0,0,0,0,0,428.0,0,1,0,0,1,0
6599,7,60,1,0,0,0,0,0,942.7142857142857,0,1,0,0,1,0
7700,10,60,1,0,0,0,0,0,770.0,0,1,0,0,1,0
6368,14,62,1,0,0,1,0,0,454.85714285714283,0,1,0,0,1,0
4716,16,62,1,0,0,1,0,0,294.75,0,1,0,0,1,0
2508,8,62,1,0,0,1,0,0,313.5,0,1,0,0,1,0
8573,13,62,1,0,0,1,0,0,659.4615384615385,0,1,0,0,1,0
7622,10,62,1,0,0,1,0,0,762.2,0,1,0,0,1,0
7996,13,62,1,0,0,1,0,0,615.0769230769231,0,1,0,0,1,0
6367,14,62,1,0,0,1,0,0,454.7857142857143,0,1,0,0,1,0
8587,14,62,1,0,0,1,0,0,613.3571428571429,0,1,0,0,1,0
7572,13,62,1,0,0,1,0,0,582.4615384615385,0,1,0,0,1,0
6435,18,62,1,0,0,1,0,0,357.5,0,1,0,0,1,0
7516,12,19,1,0,0,0,0,0,626.3333333333334,0,1,1,0,0,0
4823,14,19,1,0,0,0,0,0,344.5,0,1,1,0,0,0
7351,13,19,1,0,0,0,0,0,565.4615384615385,0,1,1,0,0,0
4593,9,19,1,0,0,0,0,0,510.3333333333333,0,1,1,0,0,0
8239,15,19,1,0,0,0,0,0,549.2666666666667,0,1,1,0,0,0
5522,10,19,1,0,0,0,0,0,552.2,0,1,1,0,0,0
8405,9,19,1,0,0,0,0,0,933.8888888888889,0,1,1,0,0,0
5440,11,19,1,0,0,0,0,0,494.54545454545456,0,1,1,0,0,0
7896,9,19,1,0,0,0,0,0,877.3333333333334,0,1,1,0,0,0
5950,13,19,1,0,0,0,0,0,457.6923076923077,0,1,1,0,0,0
3985,7,19,1,0,0,0,0,0,569.2857142857143,0,1,1,0,0,0
2777,14,79,1,0,0,1,0,0,198.35714285714286,0,1,0,0,0,1
1215,13,79,1,0,0,1,0,0,93.46153846153847,0,1,0,0,0,1
1552,19,79,1,0,0,1,0,0,81.6842105263158,0,1,0,0,0,1
1264,17,79,1,0,0,1,0,0,74.3529411764706,0,1,0,0,0,1
1761,19,79,1,0,0,1,0,0,92.6842105263158,0,1,0,0,0,1
2057,20,79,1,0,0,1,0,0,102.85,0,1,0,0,0,1
1143,6,79,1,0,0,1,0,0,190.5,0,1,0,0,0,1
1546,14,79,1,0,0,1,0,0,110.42857142857143,0,1,0,0,0,1
4503,12,79,1,0,0,1,0,0,375.25,0,1,0,0,0,1
1192,17,79,1,0,0,1,0,0,70.11764705882354,0,1,0,0,0,1
6982,18,79,1,0,0,1,0,0,387.8888888888889,0,1,0,0,0,1
1396,12,79,1,0,0,1,0,0,116.33333333333333,0,1,0,0,0,1
1402,14,45,0,1,0,1,0,1,100.14285714285714,0,1,0,0,1,0
1406,11,45,0,1,0,1,0,1,127.81818181818181,0,1,0,0,1,0
1301,11,45,0,1,0,1,0,1,118.27272727272727,0,1,0,0,1,0
1030,11,45,0,1,0,1,0,1,93.63636363636364,0,1,0,0,1,0
1350,12,45,0,1,0,1,0,1,112.5,0,1,0,0,1,0
2265,7,45,0,1,0,1,0,1,323.57142857142856,0,1,0,0,1,0
2246,13,45,0,1,0,1,0,1,172.76923076923077,0,1,0,0,1,0
1148,15,45,0,1,0,1,0,1,76.53333333333333,0,1,0,0,1,0
1582,12,45,0,1,0,1,0,1,131.83333333333334,0,1,0,0,1,0
1072,8,45,0,1,0,1,0,1,134.0,0,1,0,0,1,0
3739,16,45,0,1,0,1,0,1,233.6875,0,1,0,0,1,0
3690,11,45,0,1,0,1,0,1,335.45454545454544,0,1,0,0,1,0
8142,15,31,0,0,0,1,0,0,542.8,0,1,0,1,0,0
5897,6,31,0,0,0,1,0,0,982.8333333333334,0,1,0,1,0,0
5239,14,76,0,0,1,0,0,1,374.2142857142857,0,1,0,0,0,1
4551,15,76,0,0,1,0,0,1,303.4,0,1,0,0,0,1
7403,11,76,0,0,1,0,0,1,673.0,0,1,0,0,0,1
5981,11,76,0,0,1,0,0,1,543.7272727272727,0,1,0,0,0,1
5963,15,76,0,0,1,0,0,1,397.53333333333336,0,1,0,0,0,1
7814,25,76,0,0,1,0,0,1,312.56,0,1,0,0,0,1
8865,11,76,0,0,1,0,0,1,805.9090909090909,0,1,0,0,0,1
5587,12,76,0,0,1,0,0,1,465.5833333333333,0,1,0,0,0,1
6750,17,76,0,0,1,0,0,1,397.05882352941177,0,1,0,0,0,1
3627,17,76,0,0,1,0,0,1,213.35294117647058,0,1,0,0,0,1
8088,5,72,0,0,0,1,0,0,1617.6,0,1,0,0,0,1
7891,13,72,0,0,0,1,0,0,607.0,0,1,0,0,0,1
5641,14,72,0,0,0,1,0,0,402.92857142857144,0,1,0,0,0,1
7624,9,72,0,0,0,1,0,0,847.1111111111111,0,1,0,0,0,1
4718,7,20,1,0,0,0,1,0,674.0,0,1,1,0,0,0
6082,18,20,1,0,0,0,1,0,337.8888888888889,0,1,1,0,0,0
6807,11,20,1,0,0,0,1,0,618.8181818181819,0,1,1,0,0,0
7488,7,20,1,0,0,0,1,0,1069.7142857142858,0,1,1,0,0,0
6268,11,20,1,0,0,0,1,0,569.8181818181819,0,1,1,0,0,0
7910,13,20,1,0,0,0,1,0,608.4615384615385,0,1,1,0,0,0
5674,8,20,1,0,0,0,1,0,709.25,0,1,1,0,0,0
4588,10,20,1,0,0,0,1,0,458.8,0,1,1,0,0,0
5154,15,20,1,0,0,0,1,0,343.6,0,1,1,0,0,0
4866,12,20,1,0,0,0,1,0,405.5,0,1,1,0,0,0
4862,21,31,0,0,0,0,0,0,231.52380952380952,0,1,0,1,0,0
5074,11,31,0,0,0,0,0,0,461.27272727272725,0,1,0,1,0,0
2897,7,31,0,0,0,0,0,0,413.85714285714283,0,1,0,1,0,0
4127,9,31,0,0,0,0,0,0,458.55555555555554,0,1,0,1,0,0
5420,14,31,0,0,0,0,0,0,387.14285714285717,0,1,0,1,0,0
2556,13,31,0,0,0,0,0,0,196.6153846153846,0,1,0,1,0,0
3480,15,31,0,0,0,0,0,0,232.0,0,1,0,1,0,0
3667,13,31,0,0,0,0,0,0,282.0769230769231,0,1,0,1,0,0
4481,15,31,0,0,0,0,0,0,298.73333333333335,0,1,0,1,0,0
2479,14,31,0,0,0,0,0,0,177.07142857142858,0,1,0,1,0,0
5270,14,31,0,0,0,0,0,0,376.42857142857144,0,1,0,1,0,0
3507,13,31,0,0,0,0,0,0,269.7692307692308,0,1,0,1,0,0
2820,13,54,1,1,0,1,0,1,216.92307692307693,0,1,0,0,1,0
2508,16,54,1,1,0,1,0,1,156.75,0,1,0,0,1,0
1879,12,54,1,1,0,1,0,1,156.58333333333334,0,1,0,0,1,0
2143,6,54,1,1,0,1,0,1,357.1666666666667,0,1,0,0,1,0
4614,14,54,1,1,0,1,0,1,329.57142857142856,0,1,0,0,1,0
2259,17,54,1,1,0,1,0,1,132.88235294117646,0,1,0,0,1,0
3405,15,54,1,1,0,1,0,1,227.0,0,1,0,0,1,0
2753,14,54,1,1,0,1,0,1,196.64285714285714,0,1,0,0,1,0
1805,10,54,1,1,0,1,0,1,180.5,0,1,0,0,1,0
1748,13,54,1,1,0,1,0,1,134.46153846153845,0,1,0,0,1,0
1396,12,54,1,1,0,1,0,1,116.33333333333333,0,1,0,0,1,0
3638,7,54,1,1,0,1,0,1,519.7142857142857,0,1,0,0,1,0
6988,15,67,0,1,0,1,0,1,465.8666666666667,0,1,0,0,0,1
7470,12,67,0,1,0,1,0,1,622.5,0,1,0,0,0,1
5882,12,67,0,1,0,1,0,1,490.1666666666667,0,1,0,0,0,1
8967,24,67,0,1,0,1,0,1,373.625,0,1,0,0,0,1
7760,16,67,0,1,0,1,0,1,485.0,0,1,0,0,0,1
2766,5,55,0,0,0,0,0,0,553.2,0,1,0,0,1,0
3335,18,55,0,0,0,0,0,0,185.27777777777777,0,1,0,0,1,0
6629,13,55,0,0,0,0,0,0,509.9230769230769,0,1,0,0,1,0
8350,12,55,0,0,0,0,0,0,695.8333333333334,0,1,0,0,1,0
7572,10,55,0,0,0,0,0,0,757.2,0,1,0,0,1,0
6270,11,55,0,0,0,0,0,0,570.0,0,1,0,0,1,0
6455,10,55,0,0,0,0,0,0,645.5,0,1,0,0,1,0
3771,15,55,0,0,0,0,0,0,251.4,0,1,0,0,1,0
4182,11,55,0,0,0,0,0,0,380.1818181818182,0,1,0,0,1,0
3785,10,55,0,0,0,0,0,0,378.5,0,1,0,0,1,0
8261,9,55,0,0,0,0,0,0,917.8888888888889,0,1,0,0,1,0
8931,20,73,1,0,0,0,0,0,446.55,0,1,0,0,0,1
4150,10,73,1,0,0,0,0,0,415.0,0,1,0,0,0,1
4103,13,73,1,0,0,0,0,0,315.61538461538464,0,1,0,0,0,1
3558,14,73,1,0,0,0,0,0,254.14285714285714,0,1,0,0,0,1
3384,12,73,1,0,0,0,0,0,282.0,0,1,0,0,0,1
3767,15,73,1,0,0,0,0,0,251.13333333333333,0,1,0,0,0,1
3311,6,73,1,0,0,0,0,0,551.8333333333334,0,1,0,0,0,1
3939,9,73,1,0,0,0,0,0,437.6666666666667,0,1,0,0,0,1
2698,12,73,1,0,0,0,0,0,224.83333333333334,0,1,0,0,0,1
4121,7,73,1,0,0,0,0,0,588.7142857142857,0,1,0,0,0,1
4552,16,73,1,0,0,0,0,0,284.5,0,1,0,0,0,1
5618,12,73,1,0,0,0,0,0,468.1666666666667,0,1,0,0,0,1
6581,13,28,1,0,0,0,0,0,506.2307692307692,0,1,0,1,0,0
5391,16,28,1,0,0,0,0,0,336.9375,0,1,0,1,0,0
7137,10,28,1,0,0,0,0,0,713.7,0,1,0,1,0,0
6849,15,28,1,0,0,0,0,0,456.6,0,1,0,1,0,0
6909,16,28,1,0,0,0,0,0,431.8125,0,1,0,1,0,0
3724,13,28,1,0,0,0,0,0,286.46153846153845,0,1,0,1,0,0
4348,8,28,1,0,0,0,0,0,543.5,0,1,0,1,0,0
6391,15,28,1,0,0,0,0,0,426.06666666666666,0,1,0,1,0,0
3856,17,28,1,0,0,0,0,0,226.8235294117647,0,1,0,1,0,0
5361,17,28,1,0,0,0,0,0,315.3529411764706,0,1,0,1,0,0
2733,11,59,1,0,0,1,0,0,248.45454545454547,0,1,0,0,1,0
2157,9,59,1,0,0,1,0,0,239.66666666666666,0,1,0,0,1,0
3680,11,59,1,0,0,1,0,0,334.54545454545456,0,1,0,0,1,0
4175,19,59,1,0,0,1,0,0,219.73684210526315,0,1,0,0,1,0
3969,9,59,1,0,0,1,0,0,441.0,0,1,0,0,1,0
3006,8,59,1,0,0,1,0,0,375.75,0,1,0,0,1,0
4681,14,59,1,0,0,1,0,0,334.35714285714283,0,1,0,0,1,0
2366,16,59,1,0,0,1,0,0,147.875,0,1,0,0,1,0
7730,13,59,1,0,0,1,0,0,594.6153846153846,0,1,0,0,1,0
2656,9,59,1,0,0,1,0,0,295.1111111111111,0,1,0,0,1,0
2273,12,59,1,0,0,1,0,0,189.41666666666666,0,1,0,0,1,0
3234,9,59,1,0,0,1,0,0,359.3333333333333,0,1,0,0,1,0
8506,16,81,0,1,0,0,0,1,531.625,0,1,0,0,0,1
7609,11,81,0,1,0,0,0,1,691.7272727272727,0,1,0,0,0,1
3837,6,81,0,1,0,0,0,1,639.5,0,1,0,0,0,1
7565,18,81,0,1,0,0,0,1,420.27777777777777,0,1,0,0,0,1
8721,14,81,0,1,0,0,0,1,622.9285714285714,0,1,0,0,0,1
7157,11,37,0,0,0,0,0,0,650.6363636363636,0,1,0,1,0,0
8003,17,37,0,0,0,0,0,0,470.7647058823529,0,1,0,1,0,0
3967,16,37,0,0,0,0,0,0,247.9375,0,1,0,1,0,0
4646,10,37,0,0,0,0,0,0,464.6,0,1,0,1,0,0
2572,13,37,0,0,0,0,0,0,197.84615384615384,0,1,0,1,0,0
4366,13,37,0,0,0,0,0,0,335.84615384615387,0,1,0,1,0,0
2397,7,37,0,0,0,0,0,0,342.42857142857144,0,1,0,1,0,0
4976,17,37,0,0,0,0,0,0,292.70588235294116,0,1,0,1,0,0
6513,16,37,0,0,0,0,0,0,407.0625,0,1,0,1,0,0
4025,10,37,0,0,0,0,0,0,402.5,0,1,0,1,0,0
1879,14,20,0,0,0,0,0,0,134.21428571428572,0,1,1,0,0,0
2353,9,20,0,0,0,0,0,0,261.44444444444446,0,1,1,0,0,0
988,10,20,0,0,0,0,0,0,98.8,0,1,1,0,0,0
1034,7,20,0,0,0,0,0,0,147.71428571428572,0,1,1,0,0,0
1494,16,20,0,0,0,0,0,0,93.375,0,1,1,0,0,0
2746,13,20,0,0,0,0,0,0,211.23076923076923,0,1,1,0,0,0
1201,14,20,0,0,0,0,0,0,85.78571428571429,0,1,1,0,0,0
2011,18,20,0,0,0,0,0,0,111.72222222222223,0,1,1,0,0,0
2764,11,20,0,0,0,0,0,0,251.27272727272728,0,1,1,0,0,0
1256,12,20,0,0,0,0,0,0,104.66666666666667,0,1,1,0,0,0
1510,15,20,0,0,0,0,0,0,100.66666666666667,0,1,1,0,0,0
2865,12,20,0,0,0,0,0,0,238.75,0,1,1,0,0,0
3750,9,53,0,0,0,0,0,0,416.6666666666667,0,1,0,0,1,0
3669,7,53,0,0,0,0,0,0,524.1428571428571,0,1,0,0,1,0
5469,13,53,0,0,0,0,0,0,420.6923076923077,0,1,0,0,1,0
8792,9,53,0,0,0,0,0,0,976.8888888888889,0,1,0,0,1,0
7623,11,53,0,0,0,0,0,0,693.0,0,1,0,0,1,0
8421,10,53,0,0,0,0,0,0,842.1,0,1,0,0,1,0
5234,8,53,0,0,0,0,0,0,654.25,0,1,0,0,1,0
8241,14,53,0,0,0,0,0,0,588.6428571428571,0,1,0,0,1,0
3853,10,53,0,0,0,0,0,0,385.3,0,1,0,0,1,0
3681,15,28,1,1,0,0,0,1,245.4,0,1,0,1,0,0
6874,15,28,1,1,0,0,0,1,458.26666666666665,0,1,0,1,0,0
7933,12,28,1,1,0,0,0,1,661.0833333333334,0,1,0,1,0,0
6529,14,28,1,1,0,0,0,1,466.35714285714283,0,1,0,1,0,0
4494,18,28,1,1,0,0,0,1,249.66666666666666,0,1,0,1,0,0
3378,10,28,1,1,0,0,0,1,337.8,0,1,0,1,0,0
5604,10,28,1,1,0,0,0,1,560.4,0,1,0,1,0,0
5488,14,28,1,1,0,0,0,1,392.0,0,1,0,1,0,0
8342,12,28,1,1,0,0,0,1,695.1666666666666,0,1,0,1,0,0
4126,8,28,1,1,0,0,0,1,515.75,0,1,0,1,0,0
3699,15,28,1,1,0,0,0,1,246.6,0,1,0,1,0,0
4220,13,28,1,1,0,0,0,1,324.61538461538464,0,1,0,1,0,0
8317,11,66,1,0,0,1,0,0,756.0909090909091,0,1,0,0,0,1
6829,10,66,1,0,0,1,0,0,682.9,0,1,0,0,0,1
8059,21,66,1,0,0,1,0,0,383.76190476190476,0,1,0,0,0,1
7175,10,66,1,0,0,1,0,0,717.5,0,1,0,0,0,1
6165,11,66,1,0,0,1,0,0,560.4545454545455,0,1,0,0,0,1
5684,10,66,1,0,0,1,0,0,568.4,0,1,0,0,0,1
5987,19,66,1,0,0,1,0,0,315.10526315789474,0,1,0,0,0,1
8803,8,66,1,0,0,1,0,0,1100.375,0,1,0,0,0,1
5323,11,39,0,0,1,1,0,1,483.90909090909093,0,1,0,1,0,0
6877,13,39,0,0,1,1,0,1,529.0,0,1,0,1,0,0
7918,15,39,0,0,1,1,0,1,527.8666666666667,0,1,0,1,0,0
4905,14,39,0,0,1,1,0,1,350.35714285714283,0,1,0,1,0,0
6484,11,39,0,0,1,1,0,1,589.4545454545455,0,1,0,1,0,0
6654,27,39,0,0,1,1,0,1,246.44444444444446,0,1,0,1,0,0
4960,12,39,0,0,1,1,0,1,413.3333333333333,0,1,0,1,0,0
4043,11,39,0,0,1,1,0,1,367.54545454545456,0,1,0,1,0,0
6214,3,39,0,0,1,1,0,1,2071.3333333333335,0,1,0,1,0,0
8123,14,39,0,0,1,1,0,1,580.2142857142857,0,1,0,1,0,0
6691,10,57,1,1,0,0,0,1,669.1,0,1,0,0,1,0
8237,7,57,1,1,0,0,0,1,1176.7142857142858,0,1,0,0,1,0
4349,12,57,1,1,0,0,0,1,362.4166666666667,0,1,0,0,1,0
5842,14,57,1,1,0,0,0,1,417.2857142857143,0,1,0,0,1,0
8739,13,57,1,1,0,0,0,1,672.2307692307693,0,1,0,0,1,0
7042,11,57,1,1,0,0,0,1,640.1818181818181,0,1,0,0,1,0
8671,16,57,1,1,0,0,0,1,541.9375,0,1,0,0,1,0
8029,13,57,1,1,0,0,0,1,617.6153846153846,0,1,0,0,1,0
1390,10,33,0,0,0,0,0,0,139.0,0,1,0,1,0,0
3657,11,33,0,0,0,0,0,0,332.45454545454544,0,1,0,1,0,0
5141,11,33,0,0,0,0,0,0,467.3636363636364,0,1,0,1,0,0
5645,14,33,0,0,0,0,0,0,403.2142857142857,0,1,0,1,0,0
6748,15,33,0,0,0,0,0,0,449.8666666666667,0,1,0,1,0,0
7640,12,33,0,0,0,0,0,0,636.6666666666666,0,1,0,1,0,0
6028,9,33,0,0,0,0,0,0,669.7777777777778,0,1,0,1,0,0
4635,14,33,0,0,0,0,0,0,331.07142857142856,0,1,0,1,0,0
2314,12,33,0,0,0,0,0,0,192.83333333333334,0,1,0,1,0,0
5152,7,33,0,0,0,0,0,0,736.0,0,1,0,1,0,0
4198,11,33,0,0,0,0,0,0,381.6363636363636,0,1,0,1,0,0
7057,20,33,0,0,0,0,0,0,352.85,0,1,0,1,0,0
7100,13,76,0,0,0,1,0,0,546.1538461538462,0,1,0,0,0,1
8884,9,76,0,0,0,1,0,0,987.1111111111111,0,1,0,0,0,1
7385,12,76,0,0,0,1,0,0,615.4166666666666,0,1,0,0,0,1
6401,11,76,0,0,0,1,0,0,581.9090909090909,0,1,0,0,0,1
2212,5,76,0,0,0,1,0,0,442.4,0,1,0,0,0,1
8847,11,76,0,0,0,1,0,0,804.2727272727273,0,1,0,0,0,1
6578,12,76,0,0,0,1,0,0,548.1666666666666,0,1,0,0,0,1
3342,18,29,1,0,0,0,0,0,185.66666666666666,0,1,0,1,0,0
5242,16,29,1,0,0,0,0,0,327.625,0,1,0,1,0,0
4633,18,29,1,0,0,0,0,0,257.3888888888889,0,1,0,1,0,0
3820,13,29,1,0,0,0,0,0,293.84615384615387,0,1,0,1,0,0
1263,7,29,1,0,0,0,0,0,180.42857142857142,0,1,0,1,0,0
3163,11,29,1,0,0,0,0,0,287.54545454545456,0,1,0,1,0,0
2958,20,29,1,0,0,0,0,0,147.9,0,1,0,1,0,0
2922,19,29,1,0,0,0,0,0,153.78947368421052,0,1,0,1,0,0
3981,18,29,1,0,0,0,0,0,221.16666666666666,0,1,0,1,0,0
3046,10,29,1,0,0,0,0,0,304.6,0,1,0,1,0,0
3953,19,29,1,0,0,0,0,0,208.05263157894737,0,1,0,1,0,0
3744,16,29,1,0,0,0,0,0,234.0,0,1,0,1,0,0
8454,15,25,0,0,0,0,0,0,563.6,0,1,0,1,0,0
8250,13,25,0,0,0,0,0,0,634.6153846153846,0,1,0,1,0,0
8413,9,25,0,0,0,0,0,0,934.7777777777778,0,1,0,1,0,0
6429,12,25,0,0,0,0,0,0,535.75,0,1,0,1,0,0
3208,5,25,0,0,0,0,0,0,641.6,0,1,0,1,0,0
7880,19,25,0,0,0,0,0,0,414.7368421052632,0,1,0,1,0,0
7280,10,25,0,0,0,0,0,0,728.0,0,1,0,1,0,0
6340,14,25,0,0,0,0,0,0,452.85714285714283,0,1,0,1,0,0
7201,20,25,0,0,0,0,0,0,360.05,0,1,0,1,0,0
7508,11,25,0,0,0,0,0,0,682.5454545454545,0,1,0,1,0,0
8050,14,28,0,0,0,0,0,0,575.0,0,1,0,1,0,0
7555,11,28,0,0,0,0,0,0,686.8181818181819,0,1,0,1,0,0
7802,11,60,0,0,0,1,0,0,709.2727272727273,0,1,0,0,1,0
5472,7,60,0,0,0,1,0,0,781.7142857142857,0,1,0,0,1,0
7817,11,60,0,0,0,1,0,0,710.6363636363636,0,1,0,0,1,0
5658,9,60,0,0,0,1,0,0,628.6666666666666,0,1,0,0,1,0
6791,9,60,0,0,0,1,0,0,754.5555555555555,0,1,0,0,1,0
8149,12,60,0,0,0,1,0,0,679.0833333333334,0,1,0,0,1,0
3155,11,74,1,1,1,1,0,1,286.8181818181818,0,1,0,0,0,1
2555,8,74,1,1,1,1,0,1,319.375,0,1,0,0,0,1
4874,13,74,1,1,1,1,0,1,374.9230769230769,0,1,0,0,0,1
3916,19,74,1,1,1,1,0,1,206.10526315789474,0,1,0,0,0,1
4214,15,74,1,1,1,1,0,1,280.93333333333334,0,1,0,0,0,1
2579,12,74,1,1,1,1,0,1,214.91666666666666,0,1,0,0,0,1
2864,14,74,1,1,1,1,0,1,204.57142857142858,0,1,0,0,0,1
2022,16,74,1,1,1,1,0,1,126.375,0,1,0,0,0,1
4279,12,74,1,1,1,1,0,1,356.5833333333333,0,1,0,0,0,1
4398,11,74,1,1,1,1,0,1,399.8181818181818,0,1,0,0,0,1
2603,11,74,1,1,1,1,0,1,236.63636363636363,0,1,0,0,0,1
3215,12,74,1,1,1,1,0,1,267.9166666666667,0,1,0,0,0,1
5775,14,59,0,0,0,1,0,0,412.5,0,1,0,0,1,0
8592,10,59,0,0,0,1,0,0,859.2,0,1,0,0,1,0
8949,14,59,0,0,0,1,0,0,639.2142857142857,0,1,0,0,1,0
6764,10,59,0,0,0,1,0,0,676.4,0,1,0,0,1,0
8740,19,59,0,0,0,1,0,0,460.0,0,1,0,0,1,0
4272,15,59,0,0,0,1,0,0,284.8,0,1,0,0,1,0
1665,17,42,0,0,0,1,0,0,97.94117647058823,0,1,0,1,0,0
2471,13,42,0,0,0,1,0,0,190.07692307692307,0,1,0,1,0,0
7183,13,42,0,0,0,1,0,0,552.5384615384615,0,1,0,1,0,0
1946,9,42,0,0,0,1,0,0,216.22222222222223,0,1,0,1,0,0
2240,16,42,0,0,0,1,0,0,140.0,0,1,0,1,0,0
3622,14,42,0,0,0,1,0,0,258.7142857142857,0,1,0,1,0,0
2769,10,42,0,0,0,1,0,0,276.9,0,1,0,1,0,0
2222,17,42,0,0,0,1,0,0,130.7058823529412,0,1,0,1,0,0
1092,9,42,0,0,0,1,0,0,121.33333333333333,0,1,0,1,0,0
2533,14,42,0,0,0,1,0,0,180.92857142857142,0,1,0,1,0,0
1754,7,42,0,0,0,1,0,0,250.57142857142858,0,1,0,1,0,0
4579,17,42,0,0,0,1,0,0,269.3529411764706,0,1,0,1,0,0
8066,11,66,0,0,0,0,0,0,733.2727272727273,0,1,0,0,0,1
7067,11,66,0,0,0,0,0,0,642.4545454545455,0,1,0,0,0,1
8790,12,66,0,0,0,0,0,0,732.5,0,1,0,0,0,1
8410,12,66,0,0,0,0,0,0,700.8333333333334,0,1,0,0,0,1
4875,13,66,0,0,0,0,0,0,375.0,0,1,0,0,0,1
8267,13,66,0,0,0,0,0,0,635.9230769230769,0,1,0,0,0,1
1741,13,36,0,0,0,1,0,0,133.92307692307693,0,1,0,1,0,0
1274,18,36,0,0,0,1,0,0,70.77777777777777,0,1,0,1,0,0
1108,14,36,0,0,0,1,0,0,79.14285714285714,0,1,0,1,0,0
1417,15,36,0,0,0,1,0,0,94.46666666666667,0,1,0,1,0,0
1252,9,36,0,0,0,1,0,0,139.11111111111111,0,1,0,1,0,0
1485,11,36,0,0,0,1,0,0,135.0,0,1,0,1,0,0
1912,15,36,0,0,0,1,0,0,127.46666666666667,0,1,0,1,0,0
2652,11,36,0,0,0,1,0,0,241.0909090909091,0,1,0,1,0,0
2419,13,36,0,0,0,1,0,0,186.07692307692307,0,1,0,1,0,0
1096,15,36,0,0,0,1,0,0,73.06666666666666,0,1,0,1,0,0
1409,10,36,0,0,0,1,0,0,140.9,0,1,0,1,0,0
2984,15,36,0,0,0,1,0,0,198.93333333333334,0,1,0,1,0,0
6567,12,34,0,0,0,0,0,0,547.25,0,1,0,1,0,0
7614,12,34,0,0,0,0,0,0,634.5,0,1,0,1,0,0
6347,12,34,0,0,0,0,0,0,528.9166666666666,0,1,0,1,0,0
7613,11,34,0,0,0,0,0,0,692.0909090909091,0,1,0,1,0,0
3055,8,82,1,0,0,0,0,0,381.875,0,1,0,0,0,1
4789,18,82,1,0,0,0,0,0,266.05555555555554,0,1,0,0,0,1
5032,9,82,1,0,0,0,0,0,559.1111111111111,0,1,0,0,0,1
4706,10,82,1,0,0,0,0,0,470.6,0,1,0,0,0,1
5092,12,82,1,0,0,0,0,0,424.3333333333333,0,1,0,0,0,1
5093,14,82,1,0,0,0,0,0,363.7857142857143,0,1,0,0,0,1
4757,10,82,1,0,0,0,0,0,475.7,0,1,0,0,0,1
5007,21,82,1,0,0,0,0,0,238.42857142857142,0,1,0,0,0,1
3608,12,82,1,0,0,0,0,0,300.6666666666667,0,1,0,0,0,1
4340,15,82,1,0,0,0,0,0,289.3333333333333,0,1,0,0,0,1
3232,19,82,1,0,0,0,0,0,170.10526315789474,0,1,0,0,0,1
7656,15,82,0,0,0,0,0,0,510.4,0,1,0,0,0,1
4029,12,82,0,0,0,0,0,0,335.75,0,1,0,0,0,1
7119,14,82,0,0,0,0,0,0,508.5,0,1,0,0,0,1
5657,7,82,0,0,0,0,0,0,808.1428571428571,0,1,0,0,0,1
5951,18,82,0,0,0,0,0,0,330.6111111111111,0,1,0,0,0,1
6511,23,82,0,0,0,0,0,0,283.0869565217391,0,1,0,0,0,1
3657,14,82,0,0,0,0,0,0,261.2142857142857,0,1,0,0,0,1
5491,12,82,0,0,0,0,0,0,457.5833333333333,0,1,0,0,0,1
5868,15,82,0,0,0,0,0,0,391.2,0,1,0,0,0,1
5061,7,82,0,0,0,0,0,0,723.0,0,1,0,0,0,1
7666,13,82,0,0,0,0,0,0,589.6923076923077,0,1,0,0,0,1
3496,11,82,0,0,0,0,0,0,317.8181818181818,0,1,0,0,0,1
7708,6,40,1,0,0,0,1,0,1284.6666666666667,0,1,0,1,0,0
6649,15,40,1,0,0,0,1,0,443.26666666666665,0,1,0,1,0,0
5448,13,40,1,0,0,0,1,0,419.0769230769231,0,1,0,1,0,0
6604,11,40,1,0,0,0,1,0,600.3636363636364,0,1,0,1,0,0
6770,15,40,1,0,0,0,1,0,451.3333333333333,0,1,0,1,0,0
6391,18,40,1,0,0,0,1,0,355.05555555555554,0,1,0,1,0,0
7249,13,40,1,0,0,0,1,0,557.6153846153846,0,1,0,1,0,0
7038,21,40,1,0,0,0,1,0,335.14285714285717,0,1,0,1,0,0
4925,13,40,1,0,0,0,1,0,378.84615384615387,0,1,0,1,0,0
5851,13,40,1,0,0,0,1,0,450.0769230769231,0,1,0,1,0,0
3980,11,43,0,0,0,0,0,0,361.8181818181818,0,1,0,1,0,0
3367,8,43,0,0,0,0,0,0,420.875,0,1,0,1,0,0
4123,14,43,0,0,0,0,0,0,294.5,0,1,0,1,0,0
5816,16,43,0,0,0,0,0,0,363.5,0,1,0,1,0,0
4615,10,43,0,0,0,0,0,0,461.5,0,1,0,1,0,0
7398,9,43,0,0,0,0,0,0,822.0,0,1,0,1,0,0
4968,14,43,0,0,0,0,0,0,354.85714285714283,0,1,0,1,0,0
3048,12,43,0,0,0,0,0,0,254.0,0,1,0,1,0,0
4356,15,43,0,0,0,0,0,0,290.4,0,1,0,1,0,0
6718,22,43,0,0,0,0,0,0,305.3636363636364,0,1,0,1,0,0
2226,15,43,0,0,0,0,0,0,148.4,0,1,0,1,0,0
5221,15,43,0,0,0,0,0,0,348.06666666666666,0,1,0,1,0,0
8339,13,27,1,1,0,1,0,1,641.4615384615385,0,1,0,1,0,0
7757,7,27,1,1,0,1,0,1,1108.142857142857,0,1,0,1,0,0
9000,15,27,1,1,0,1,0,1,600.0,0,1,0,1,0,0
2405,10,76,0,1,0,0,0,1,240.5,0,1,0,0,0,1
2072,20,76,0,1,0,0,0,1,103.6,0,1,0,0,0,1
2378,18,76,0,1,0,0,0,1,132.11111111111111,0,1,0,0,0,1
1995,10,76,0,1,0,0,0,1,199.5,0,1,0,0,0,1
2516,12,76,0,1,0,0,0,1,209.66666666666666,0,1,0,0,0,1
1649,6,76,0,1,0,0,0,1,274.8333333333333,0,1,0,0,0,1
1097,9,76,0,1,0,0,0,1,121.88888888888889,0,1,0,0,0,1
2096,13,76,0,1,0,0,0,1,161.23076923076923,0,1,0,0,0,1
1637,11,76,0,1,0,0,0,1,148.8181818181818,0,1,0,0,0,1
1904,17,76,0,1,0,0,0,1,112.0,0,1,0,0,0,1
3427,11,76,0,1,0,0,0,1,311.54545454545456,0,1,0,0,0,1
2926,15,76,0,1,0,0,0,1,195.06666666666666,0,1,0,0,0,1
1660,11,54,1,1,0,0,0,1,150.9090909090909,0,1,0,0,1,0
1783,11,54,1,1,0,0,0,1,162.0909090909091,0,1,0,0,1,0
1946,13,54,1,1,0,0,0,1,149.69230769230768,0,1,0,0,1,0
3648,8,54,1,1,0,0,0,1,456.0,0,1,0,0,1,0
4526,13,54,1,1,0,0,0,1,348.15384615384613,0,1,0,0,1,0
6265,14,54,1,1,0,0,0,1,447.5,0,1,0,0,1,0
3223,17,54,1,1,0,0,0,1,189.58823529411765,0,1,0,0,1,0
5610,20,54,1,1,0,0,0,1,280.5,0,1,0,0,1,0
3569,11,54,1,1,0,0,0,1,324.45454545454544,0,1,0,0,1,0
4926,15,54,1,1,0,0,0,1,328.4,0,1,0,0,1,0
1439,10,54,1,1,0,0,0,1,143.9,0,1,0,0,1,0
7188,10,54,1,0,0,1,0,0,718.8,0,1,0,0,1,0
7240,14,54,1,0,0,1,0,0,517.1428571428571,0,1,0,0,1,0
2962,10,54,1,0,0,1,0,0,296.2,0,1,0,0,1,0
5687,19,54,1,0,0,1,0,0,299.3157894736842,0,1,0,0,1,0
6619,10,54,1,0,0,1,0,0,661.9,0,1,0,0,1,0
6294,11,54,1,0,0,1,0,0,572.1818181818181,0,1,0,0,1,0
6239,20,54,1,0,0,1,0,0,311.95,0,1,0,0,1,0
7978,9,54,1,0,0,1,0,0,886.4444444444445,0,1,0,0,1,0
6064,14,54,1,0,0,1,0,0,433.14285714285717,0,1,0,0,1,0
7985,13,54,1,0,0,1,0,0,614.2307692307693,0,1,0,0,1,0
8736,19,54,1,0,0,1,0,0,459.7894736842105,0,1,0,0,1,0
7850,16,54,1,0,0,1,0,0,490.625,0,1,0,0,1,0
4280,17,51,1,1,0,1,0,1,251.76470588235293,0,1,0,0,1,0
2972,10,51,1,1,0,1,0,1,297.2,0,1,0,0,1,0
2712,14,51,1,1,0,1,0,1,193.71428571428572,0,1,0,0,1,0
3913,9,51,1,1,0,1,0,1,434.77777777777777,0,1,0,0,1,0
4141,12,51,1,1,0,1,0,1,345.0833333333333,0,1,0,0,1,0
2600,13,51,1,1,0,1,0,1,200.0,0,1,0,0,1,0
3355,12,51,1,1,0,1,0,1,279.5833333333333,0,1,0,0,1,0
3304,17,51,1,1,0,1,0,1,194.35294117647058,0,1,0,0,1,0
2928,13,51,1,1,0,1,0,1,225.23076923076923,0,1,0,0,1,0
3418,16,51,1,1,0,1,0,1,213.625,0,1,0,0,1,0
5167,10,51,1,1,0,1,0,1,516.7,0,1,0,0,1,0
4557,16,51,1,1,0,1,0,1,284.8125,0,1,0,0,1,0
6915,8,70,0,0,0,1,0,0,864.375,0,1,0,0,0,1
8680,15,70,0,0,0,1,0,0,578.6666666666666,0,1,0,0,0,1
3882,14,71,0,0,0,0,0,0,277.2857142857143,0,1,0,0,0,1
3727,15,71,0,0,0,0,0,0,248.46666666666667,0,1,0,0,0,1
3483,14,71,0,0,0,0,0,0,248.78571428571428,0,1,0,0,0,1
3012,11,71,0,0,0,0,0,0,273.8181818181818,0,1,0,0,0,1
3840,11,71,0,0,0,0,0,0,349.09090909090907,0,1,0,0,0,1
1927,10,71,0,0,0,0,0,0,192.7,0,1,0,0,0,1
2123,12,71,0,0,0,0,0,0,176.91666666666666,0,1,0,0,0,1
2657,13,71,0,0,0,0,0,0,204.3846153846154,0,1,0,0,0,1
2786,9,71,0,0,0,0,0,0,309.55555555555554,0,1,0,0,0,1
3847,11,71,0,0,0,0,0,0,349.72727272727275,0,1,0,0,0,1
2449,15,71,0,0,0,0,0,0,163.26666666666668,0,1,0,0,0,1
1940,10,71,0,0,0,0,0,0,194.0,0,1,0,0,0,1
8357,13,36,0,0,0,0,0,0,642.8461538461538,0,1,0,1,0,0
7890,16,36,0,0,0,0,0,0,493.125,0,1,0,1,0,0
4604,9,34,1,0,0,0,0,0,511.55555555555554,0,1,0,1,0,0
7711,14,34,1,0,0,0,0,0,550.7857142857143,0,1,0,1,0,0
8101,18,34,1,0,0,0,0,0,450.05555555555554,0,1,0,1,0,0
7029,10,34,1,0,0,0,0,0,702.9,0,1,0,1,0,0
7773,15,34,1,0,0,0,0,0,518.2,0,1,0,1,0,0
6390,15,57,0,0,0,1,0,0,426.0,0,1,0,0,1,0
5188,14,57,0,0,0,1,0,0,370.57142857142856,0,1,0,0,1,0
3756,11,57,0,0,0,1,0,0,341.45454545454544,0,1,0,0,1,0
4014,7,57,0,0,0,1,0,0,573.4285714285714,0,1,0,0,1,0
5050,14,57,0,0,0,1,0,0,360.7142857142857,0,1,0,0,1,0
4511,12,57,0,0,0,1,0,0,375.9166666666667,0,1,0,0,1,0
5026,11,57,0,0,0,1,0,0,456.90909090909093,0,1,0,0,1,0
5639,15,57,0,0,0,1,0,0,375.93333333333334,0,1,0,0,1,0
6821,9,57,0,0,0,1,0,0,757.8888888888889,0,1,0,0,1,0
8097,13,57,0,0,0,1,0,0,622.8461538461538,0,1,0,0,1,0
5502,13,57,0,0,0,1,0,0,423.2307692307692,0,1,0,0,1,0
4695,11,57,0,0,0,1,0,0,426.8181818181818,0,1,0,0,1,0
4604,12,46,1,1,0,0,0,1,383.6666666666667,0,1,0,0,1,0
7979,11,46,1,1,0,0,0,1,725.3636363636364,0,1,0,0,1,0
7101,10,46,1,1,0,0,0,1,710.1,0,1,0,0,1,0
8668,9,46,1,1,0,0,0,1,963.1111111111111,0,1,0,0,1,0
7345,12,46,1,1,0,0,0,1,612.0833333333334,0,1,0,0,1,0
6529,15,46,1,1,0,0,0,1,435.26666666666665,0,1,0,0,1,0
6403,12,46,1,1,0,0,0,1,533.5833333333334,0,1,0,0,1,0
5802,17,69,0,0,0,0,0,0,341.29411764705884,0,1,0,0,0,1
6256,12,69,0,0,0,0,0,0,521.3333333333334,0,1,0,0,0,1
4199,10,69,0,0,0,0,0,0,419.9,0,1,0,0,0,1
4590,9,69,0,0,0,0,0,0,510.0,0,1,0,0,0,1
8514,15,69,0,0,0,0,0,0,567.6,0,1,0,0,0,1
4709,19,69,0,0,0,0,0,0,247.8421052631579,0,1,0,0,0,1
3522,16,69,0,0,0,0,0,0,220.125,0,1,0,0,0,1
2602,9,69,0,0,0,0,0,0,289.1111111111111,0,1,0,0,0,1
4234,11,69,0,0,0,0,0,0,384.90909090909093,0,1,0,0,0,1
3361,12,69,0,0,0,0,0,0,280.0833333333333,0,1,0,0,0,1
3426,13,69,0,0,0,0,0,0,263.53846153846155,0,1,0,0,0,1
6280,13,69,0,0,0,0,0,0,483.0769230769231,0,1,0,0,0,1
5964,8,53,1,0,0,1,0,0,745.5,0,1,0,0,1,0
8242,13,53,1,0,0,1,0,0,634.0,0,1,0,0,1,0
1423,13,19,1,0,0,0,0,0,109.46153846153847,0,1,1,0,0,0
2943,8,19,1,0,0,0,0,0,367.875,0,1,1,0,0,0
1998,15,19,1,0,0,0,0,0,133.2,0,1,1,0,0,0
1934,8,19,1,0,0,0,0,0,241.75,0,1,1,0,0,0
3029,21,19,1,0,0,0,0,0,144.23809523809524,0,1,1,0,0,0
2436,10,19,1,0,0,0,0,0,243.6,0,1,1,0,0,0
2035,9,19,1,0,0,0,0,0,226.11111111111111,0,1,1,0,0,0
1520,4,19,1,0,0,0,0,0,380.0,0,1,1,0,0,0
3132,10,19,1,0,0,0,0,0,313.2,0,1,1,0,0,0
1855,11,19,1,0,0,0,0,0,168.63636363636363,0,1,1,0,0,0
2564,14,19,1,0,0,0,0,0,183.14285714285714,0,1,1,0,0,0
2496,13,19,1,0,0,0,0,0,192.0,0,1,1,0,0,0
8406,13,43,1,0,0,0,0,0,646.6153846153846,0,1,0,1,0,0
1416,6,43,1,0,0,0,0,0,236.0,0,1,0,1,0,0
6000,18,43,1,0,0,0,0,0,333.3333333333333,0,1,0,1,0,0
6375,12,43,1,0,0,0,0,0,531.25,0,1,0,1,0,0
5763,15,43,1,0,0,0,0,0,384.2,0,1,0,1,0,0
4295,11,43,1,0,0,0,0,0,390.45454545454544,0,1,0,1,0,0
5938,8,43,1,0,0,0,0,0,742.25,0,1,0,1,0,0
6833,7,43,1,0,0,0,0,0,976.1428571428571,0,1,0,1,0,0
4436,13,43,1,0,0,0,0,0,341.2307692307692,0,1,0,1,0,0
7092,16,43,1,0,0,0,0,0,443.25,0,1,0,1,0,0
5016,15,29,1,0,0,0,0,0,334.4,0,1,0,1,0,0
6061,10,29,1,0,0,0,0,0,606.1,0,1,0,1,0,0
5490,15,29,1,0,0,0,0,0,366.0,0,1,0,1,0,0
6034,13,29,1,0,0,0,0,0,464.15384615384613,0,1,0,1,0,0
4310,16,29,1,0,0,0,0,0,269.375,0,1,0,1,0,0
3724,16,29,1,0,0,0,0,0,232.75,0,1,0,1,0,0
2755,11,29,1,0,0,0,0,0,250.45454545454547,0,1,0,1,0,0
6550,15,29,1,0,0,0,0,0,436.6666666666667,0,1,0,1,0,0
5704,17,29,1,0,0,0,0,0,335.52941176470586,0,1,0,1,0,0
4426,11,29,1,0,0,0,0,0,402.3636363636364,0,1,0,1,0,0
3183,16,66,1,0,0,0,0,0,198.9375,0,1,0,0,0,1
4238,6,66,1,0,0,0,0,0,706.3333333333334,0,1,0,0,0,1
7228,20,66,1,0,0,0,0,0,361.4,0,1,0,0,0,1
3936,5,66,1,0,0,0,0,0,787.2,0,1,0,0,0,1
3043,8,66,1,0,0,0,0,0,380.375,0,1,0,0,0,1
4845,14,66,1,0,0,0,0,0,346.07142857142856,0,1,0,0,0,1
2214,10,66,1,0,0,0,0,0,221.4,0,1,0,0,0,1
2967,11,66,1,0,0,0,0,0,269.72727272727275,0,1,0,0,0,1
3199,11,66,1,0,0,0,0,0,290.8181818181818,0,1,0,0,0,1
3116,14,66,1,0,0,0,0,0,222.57142857142858,0,1,0,0,0,1
3888,7,66,1,0,0,0,0,0,555.4285714285714,0,1,0,0,0,1
3147,10,66,1,0,0,0,0,0,314.7,0,1,0,0,0,1
1910,17,60,0,0,0,0,0,0,112.3529411764706,0,1,0,0,1,0
1599,14,60,0,0,0,0,0,0,114.21428571428571,0,1,0,0,1,0
1914,11,60,0,0,0,0,0,0,174.0,0,1,0,0,1,0
1606,10,60,0,0,0,0,0,0,160.6,0,1,0,0,1,0
1278,8,60,0,0,0,0,0,0,159.75,0,1,0,0,1,0
1871,13,60,0,0,0,0,0,0,143.92307692307693,0,1,0,0,1,0
1711,20,60,0,0,0,0,0,0,85.55,0,1,0,0,1,0
754,12,60,0,0,0,0,0,0,62.833333333333336,0,1,0,0,1,0
1762,15,60,0,0,0,0,0,0,117.46666666666667,0,1,0,0,1,0
1351,9,60,0,0,0,0,0,0,150.11111111111111,0,1,0,0,1,0
3026,13,60,0,0,0,0,0,0,232.76923076923077,0,1,0,0,1,0
798,12,60,0,0,0,0,0,0,66.5,0,1,0,0,1,0
1773,13,46,0,0,0,1,0,0,136.3846153846154,0,1,0,0,1,0
1947,12,46,0,0,0,1,0,0,162.25,0,1,0,0,1,0
2113,13,46,0,0,0,1,0,0,162.53846153846155,0,1,0,0,1,0
3127,10,46,0,0,0,1,0,0,312.7,0,1,0,0,1,0
1484,9,46,0,0,0,1,0,0,164.88888888888889,0,1,0,0,1,0
3585,14,46,0,0,0,1,0,0,256.07142857142856,0,1,0,0,1,0
2270,12,46,0,0,0,1,0,0,189.16666666666666,0,1,0,0,1,0
3540,11,46,0,0,0,1,0,0,321.8181818181818,0,1,0,0,1,0
4641,9,46,0,0,0,1,0,0,515.6666666666666,0,1,0,0,1,0
3200,10,46,0,0,0,1,0,0,320.0,0,1,0,0,1,0
3507,12,46,0,0,0,1,0,0,292.25,0,1,0,0,1,0
2134,16,46,0,0,0,1,0,0,133.375,0,1,0,0,1,0
5370,14,51,1,1,0,0,0,1,383.57142857142856,0,1,0,0,1,0
6237,9,51,1,1,0,0,0,1,693.0,0,1,0,0,1,0
2876,9,51,1,1,0,0,0,1,319.55555555555554,0,1,0,0,1,0
4301,15,51,1,1,0,0,0,1,286.73333333333335,0,1,0,0,1,0
6640,17,51,1,1,0,0,0,1,390.5882352941176,0,1,0,0,1,0
7108,14,51,1,1,0,0,0,1,507.7142857142857,0,1,0,0,1,0
5305,14,51,1,1,0,0,0,1,378.92857142857144,0,1,0,0,1,0
3184,15,51,1,1,0,0,0,1,212.26666666666668,0,1,0,0,1,0
5316,15,51,1,1,0,0,0,1,354.4,0,1,0,0,1,0
4718,14,51,1,1,0,0,0,1,337.0,0,1,0,0,1,0
5168,12,51,1,1,0,0,0,1,430.6666666666667,0,1,0,0,1,0
7508,14,51,1,1,0,0,0,1,536.2857142857143,0,1,0,0,1,0
4507,7,70,1,0,0,1,1,0,643.8571428571429,0,1,0,0,0,1
2887,4,70,1,0,0,1,1,0,721.75,0,1,0,0,0,1
3651,13,70,1,0,0,1,1,0,280.84615384615387,0,1,0,0,0,1
3622,17,70,1,0,0,1,1,0,213.05882352941177,0,1,0,0,0,1
5378,15,70,1,0,0,1,1,0,358.53333333333336,0,1,0,0,0,1
4776,13,70,1,0,0,1,1,0,367.38461538461536,0,1,0,0,0,1
5389,9,70,1,0,0,1,1,0,598.7777777777778,0,1,0,0,0,1
3427,13,70,1,0,0,1,1,0,263.61538461538464,0,1,0,0,0,1
4347,20,70,1,0,0,1,1,0,217.35,0,1,0,0,0,1
5974,11,70,1,0,0,1,1,0,543.0909090909091,0,1,0,0,0,1
4706,18,70,1,0,0,1,1,0,261.44444444444446,0,1,0,0,0,1
2157,14,70,1,0,0,1,1,0,154.07142857142858,0,1,0,0,0,1
6222,13,67,0,1,0,1,0,1,478.61538461538464,0,1,0,0,0,1
6826,11,67,0,1,0,1,0,1,620.5454545454545,0,1,0,0,0,1
7575,11,67,0,1,0,1,0,1,688.6363636363636,0,1,0,0,0,1
5981,13,67,0,1,0,1,0,1,460.0769230769231,0,1,0,0,0,1
4665,7,67,0,1,0,1,0,1,666.4285714285714,0,1,0,0,0,1
4461,15,67,0,1,0,1,0,1,297.4,0,1,0,0,0,1
1746,4,67,0,1,0,1,0,1,436.5,0,1,0,0,0,1
7492,18,46,0,0,0,1,0,0,416.22222222222223,0,1,0,0,1,0
4246,10,46,0,0,0,1,0,0,424.6,0,1,0,0,1,0
4523,10,46,0,0,0,1,0,0,452.3,0,1,0,0,1,0
1109,8,46,0,0,0,1,0,0,138.625,0,1,0,0,1,0
3035,10,46,0,0,0,1,0,0,303.5,0,1,0,0,1,0
4801,19,46,0,0,0,1,0,0,252.68421052631578,0,1,0,0,1,0
5508,13,46,0,0,0,1,0,0,423.6923076923077,0,1,0,0,1,0
4594,20,46,0,0,0,1,0,0,229.7,0,1,0,0,1,0
4714,12,46,0,0,0,1,0,0,392.8333333333333,0,1,0,0,1,0
7905,15,46,0,0,0,1,0,0,527.0,0,1,0,0,1,0
7560,19,46,0,0,0,1,0,0,397.89473684210526,0,1,0,0,1,0
1828,22,34,1,0,0,1,0,0,83.0909090909091,0,1,0,1,0,0
2422,8,34,1,0,0,1,0,0,302.75,0,1,0,1,0,0
1752,6,34,1,0,0,1,0,0,292.0,0,1,0,1,0,0
2332,13,34,1,0,0,1,0,0,179.3846153846154,0,1,0,1,0,0
2377,14,34,1,0,0,1,0,0,169.78571428571428,0,1,0,1,0,0
4126,17,34,1,0,0,1,0,0,242.7058823529412,0,1,0,1,0,0
3425,20,34,1,0,0,1,0,0,171.25,0,1,0,1,0,0
1396,11,34,1,0,0,1,0,0,126.9090909090909,0,1,0,1,0,0
2511,17,34,1,0,0,1,0,0,147.7058823529412,0,1,0,1,0,0
3465,10,34,1,0,0,1,0,0,346.5,0,1,0,1,0,0
5204,9,34,1,0,0,1,0,0,578.2222222222222,0,1,0,1,0,0
2001,5,34,1,0,0,1,0,0,400.2,0,1,0,1,0,0
3303,12,43,0,1,0,0,1,1,275.25,0,1,0,1,0,0
3978,17,43,0,1,0,0,1,1,234.0,0,1,0,1,0,0
2710,11,43,0,1,0,0,1,1,246.36363636363637,0,1,0,1,0,0
2889,12,43,0,1,0,0,1,1,240.75,0,1,0,1,0,0
5376,15,43,0,1,0,0,1,1,358.4,0,1,0,1,0,0
3953,9,43,0,1,0,0,1,1,439.22222222222223,0,1,0,1,0,0
1938,13,43,0,1,0,0,1,1,149.07692307692307,0,1,0,1,0,0
2889,19,43,0,1,0,0,1,1,152.05263157894737,0,1,0,1,0,0
3785,10,43,0,1,0,0,1,1,378.5,0,1,0,1,0,0
1738,11,43,0,1,0,0,1,1,158.0,0,1,0,1,0,0
4052,11,43,0,1,0,0,1,1,368.3636363636364,0,1,0,1,0,0
4801,15,43,0,1,0,0,1,1,320.06666666666666,0,1,0,1,0,0
3267,13,52,1,0,0,0,0,0,251.30769230769232,0,1,0,0,1,0
6671,19,52,1,0,0,0,0,0,351.10526315789474,0,1,0,0,1,0
4872,18,52,1,0,0,0,0,0,270.6666666666667,0,1,0,0,1,0
4746,12,52,1,0,0,0,0,0,395.5,0,1,0,0,1,0
7287,14,52,1,0,0,0,0,0,520.5,0,1,0,0,1,0
5597,18,52,1,0,0,0,0,0,310.94444444444446,0,1,0,0,1,0
4201,15,52,1,0,0,0,0,0,280.06666666666666,0,1,0,0,1,0
7646,15,52,1,0,0,0,0,0,509.73333333333335,0,1,0,0,1,0
5602,10,52,1,0,0,0,0,0,560.2,0,1,0,0,1,0
5685,14,52,1,0,0,0,0,0,406.07142857142856,0,1,0,0,1,0
8654,12,52,1,0,0,0,0,0,721.1666666666666,0,1,0,0,1,0
4274,9,72,0,1,1,1,0,1,474.8888888888889,0,1,0,0,0,1
6580,23,72,0,1,1,1,0,1,286.0869565217391,0,1,0,0,0,1
3482,11,72,0,1,1,1,0,1,316.54545454545456,0,1,0,0,0,1
5908,8,72,0,1,1,1,0,1,738.5,0,1,0,0,0,1
7077,16,72,0,1,1,1,0,1,442.3125,0,1,0,0,0,1
4532,12,72,0,1,1,1,0,1,377.6666666666667,0,1,0,0,0,1
7963,9,72,0,1,1,1,0,1,884.7777777777778,0,1,0,0,0,1
4830,13,72,0,1,1,1,0,1,371.53846153846155,0,1,0,0,0,1
3431,14,72,0,1,1,1,0,1,245.07142857142858,0,1,0,0,0,1
5538,17,72,0,1,1,1,0,1,325.7647058823529,0,1,0,0,0,1
4847,10,72,0,1,1,1,0,1,484.7,0,1,0,0,0,1
1863,11,84,0,0,1,0,0,1,169.36363636363637,0,1,0,0,0,1
3596,17,84,0,0,1,0,0,1,211.52941176470588,0,1,0,0,0,1
2869,12,84,0,0,1,0,0,1,239.08333333333334,0,1,0,0,0,1
4906,18,84,0,0,1,0,0,1,272.55555555555554,0,1,0,0,0,1
6440,15,84,0,0,1,0,0,1,429.3333333333333,0,1,0,0,0,1
3020,11,84,0,0,1,0,0,1,274.54545454545456,0,1,0,0,0,1
8249,18,84,0,0,1,0,0,1,458.27777777777777,0,1,0,0,0,1
2495,12,84,0,0,1,0,0,1,207.91666666666666,0,1,0,0,0,1
4121,12,84,0,0,1,0,0,1,343.4166666666667,0,1,0,0,0,1
4077,11,84,0,0,1,0,0,1,370.6363636363636,0,1,0,0,0,1
5019,13,84,0,0,1,0,0,1,386.0769230769231,0,1,0,0,0,1
5493,18,84,0,0,1,0,0,1,305.1666666666667,0,1,0,0,0,1
1988,17,47,0,0,0,0,0,0,116.94117647058823,0,1,0,0,1,0
2460,15,47,0,0,0,0,0,0,164.0,0,1,0,0,1,0
3026,17,47,0,0,0,0,0,0,178.0,0,1,0,0,1,0
967,13,47,0,0,0,0,0,0,74.38461538461539,0,1,0,0,1,0
1258,9,47,0,0,0,0,0,0,139.77777777777777,0,1,0,0,1,0
6644,13,47,0,0,0,0,0,0,511.0769230769231,0,1,0,0,1,0
951,10,47,0,0,0,0,0,0,95.1,0,1,0,0,1,0
1870,14,47,0,0,0,0,0,0,133.57142857142858,0,1,0,0,1,0
875,13,47,0,0,0,0,0,0,67.3076923076923,0,1,0,0,1,0
3644,14,47,0,0,0,0,0,0,260.2857142857143,0,1,0,0,1,0
1712,13,47,0,0,0,0,0,0,131.69230769230768,0,1,0,0,1,0
1470,20,47,0,0,0,0,0,0,73.5,0,1,0,0,1,0
2882,16,63,1,0,0,0,0,0,180.125,0,1,0,0,1,0
2325,10,63,1,0,0,0,0,0,232.5,0,1,0,0,1,0
5004,15,63,1,0,0,0,0,0,333.6,0,1,0,0,1,0
3170,11,63,1,0,0,0,0,0,288.1818181818182,0,1,0,0,1,0
3067,23,63,1,0,0,0,0,0,133.34782608695653,0,1,0,0,1,0
2949,14,63,1,0,0,0,0,0,210.64285714285714,0,1,0,0,1,0
4612,14,63,1,0,0,0,0,0,329.42857142857144,0,1,0,0,1,0
2390,13,63,1,0,0,0,0,0,183.84615384615384,0,1,0,0,1,0
3848,11,63,1,0,0,0,0,0,349.8181818181818,0,1,0,0,1,0
5311,8,63,1,0,0,0,0,0,663.875,0,1,0,0,1,0
3941,12,63,1,0,0,0,0,0,328.4166666666667,0,1,0,0,1,0
3299,10,63,1,0,0,0,0,0,329.9,0,1,0,0,1,0
6572,14,53,1,0,0,1,0,0,469.42857142857144,0,1,0,0,1,0
6108,9,53,1,0,0,1,0,0,678.6666666666666,0,1,0,0,1,0
6078,13,53,1,0,0,1,0,0,467.53846153846155,0,1,0,0,1,0
5918,12,53,1,0,0,1,0,0,493.1666666666667,0,1,0,0,1,0
4390,14,53,1,0,0,1,0,0,313.57142857142856,0,1,0,0,1,0
7519,10,53,1,0,0,1,0,0,751.9,0,1,0,0,1,0
7973,13,53,1,0,0,1,0,0,613.3076923076923,0,1,0,0,1,0
2107,7,53,1,0,0,1,0,0,301.0,0,1,0,0,1,0
7556,14,53,1,0,0,1,0,0,539.7142857142857,0,1,0,0,1,0
8771,17,53,1,0,0,1,0,0,515.9411764705883,0,1,0,0,1,0
5564,8,53,1,0,0,1,0,0,695.5,0,1,0,0,1,0
8273,8,53,1,0,0,1,0,0,1034.125,0,1,0,0,1,0
5432,9,35,1,0,0,1,0,0,603.5555555555555,0,1,0,1,0,0
2838,13,35,1,0,0,1,0,0,218.30769230769232,0,1,0,1,0,0
7059,17,35,1,0,0,1,0,0,415.2352941176471,0,1,0,1,0,0
3650,11,35,1,0,0,1,0,0,331.8181818181818,0,1,0,1,0,0
8364,12,35,1,0,0,1,0,0,697.0,0,1,0,1,0,0
7755,10,35,1,0,0,1,0,0,775.5,0,1,0,1,0,0
6818,11,35,1,0,0,1,0,0,619.8181818181819,0,1,0,1,0,0
8036,16,35,1,0,0,1,0,0,502.25,0,1,0,1,0,0
6491,16,35,1,0,0,1,0,0,405.6875,0,1,0,1,0,0
8838,11,35,1,0,0,1,0,0,803.4545454545455,0,1,0,1,0,0
6855,17,35,1,0,0,1,0,0,403.2352941176471,0,1,0,1,0,0
6965,14,42,1,0,0,0,0,0,497.5,0,1,0,1,0,0
8027,10,42,1,0,0,0,0,0,802.7,0,1,0,1,0,0
7624,12,42,1,0,0,0,0,0,635.3333333333334,0,1,0,1,0,0
8294,22,42,1,0,0,0,0,0,377.0,0,1,0,1,0,0
6592,7,42,1,0,0,0,0,0,941.7142857142857,0,1,0,1,0,0
5291,11,42,1,0,0,0,0,0,481.0,0,1,0,1,0,0
5176,19,42,1,0,0,0,0,0,272.42105263157896,0,1,0,1,0,0
7904,12,58,0,0,1,0,0,1,658.6666666666666,0,1,0,0,1,0
8986,6,58,0,0,1,0,0,1,1497.6666666666667,0,1,0,0,1,0
6795,12,58,0,0,1,0,0,1,566.25,0,1,0,0,1,0
7065,16,58,0,0,1,0,0,1,441.5625,0,1,0,0,1,0
6764,14,33,1,0,0,0,0,0,483.14285714285717,0,1,0,1,0,0
7324,8,33,1,0,0,0,0,0,915.5,0,1,0,1,0,0
3423,8,33,1,0,0,0,0,0,427.875,0,1,0,1,0,0
6137,8,33,1,0,0,0,0,0,767.125,0,1,0,1,0,0
4881,12,33,1,0,0,0,0,0,406.75,0,1,0,1,0,0
6399,11,33,1,0,0,0,0,0,581.7272727272727,0,1,0,1,0,0
8797,14,33,1,0,0,0,0,0,628.3571428571429,0,1,0,1,0,0
7467,18,33,1,0,0,0,0,0,414.8333333333333,0,1,0,1,0,0
4420,7,33,1,0,0,0,0,0,631.4285714285714,0,1,0,1,0,0
2674,10,33,1,0,0,0,0,0,267.4,0,1,0,1,0,0
5949,16,32,1,0,0,1,0,0,371.8125,0,1,0,1,0,0
6912,10,32,1,0,0,1,0,0,691.2,0,1,0,1,0,0
6854,19,32,1,0,0,1,0,0,360.7368421052632,0,1,0,1,0,0
5970,20,32,1,0,0,1,0,0,298.5,0,1,0,1,0,0
8068,14,32,1,0,0,1,0,0,576.2857142857143,0,1,0,1,0,0
8532,14,32,1,0,0,1,0,0,609.4285714285714,0,1,0,1,0,0
8068,16,32,1,0,0,1,0,0,504.25,0,1,0,1,0,0
6098,12,32,1,0,0,1,0,0,508.1666666666667,0,1,0,1,0,0
4709,9,32,1,0,0,1,0,0,523.2222222222222,0,1,0,1,0,0
4796,16,32,1,0,0,1,0,0,299.75,0,1,0,1,0,0
6504,17,32,1,0,0,1,0,0,382.5882352941176,0,1,0,1,0,0
5412,6,55,1,0,0,0,0,0,902.0,0,1,0,0,1,0
5100,9,55,1,0,0,0,0,0,566.6666666666666,0,1,0,0,1,0
5417,10,55,1,0,0,0,0,0,541.7,0,1,0,0,1,0
4399,9,55,1,0,0,0,0,0,488.77777777777777,0,1,0,0,1,0
7407,16,55,1,0,0,0,0,0,462.9375,0,1,0,0,1,0
6575,14,55,1,0,0,0,0,0,469.64285714285717,0,1,0,0,1,0
5508,17,55,1,0,0,0,0,0,324.0,0,1,0,0,1,0
5180,15,55,1,0,0,0,0,0,345.3333333333333,0,1,0,0,1,0
7117,19,55,1,0,0,0,0,0,374.57894736842104,0,1,0,0,1,0
5608,12,55,1,0,0,0,0,0,467.3333333333333,0,1,0,0,1,0
3856,7,55,1,0,0,0,0,0,550.8571428571429,0,1,0,0,1,0
4749,17,65,1,1,0,1,1,1,279.3529411764706,0,1,0,0,0,1
4187,13,65,1,1,0,1,1,1,322.0769230769231,0,1,0,0,0,1
3510,10,65,1,1,0,1,1,1,351.0,0,1,0,0,0,1
3308,12,65,1,1,0,1,1,1,275.6666666666667,0,1,0,0,0,1
4717,16,65,1,1,0,1,1,1,294.8125,0,1,0,0,0,1
3627,9,65,1,1,0,1,1,1,403.0,0,1,0,0,0,1
4075,13,65,1,1,0,1,1,1,313.46153846153845,0,1,0,0,0,1
4389,14,65,1,1,0,1,1,1,313.5,0,1,0,0,0,1
3555,15,65,1,1,0,1,1,1,237.0,0,1,0,0,0,1
3635,15,65,1,1,0,1,1,1,242.33333333333334,0,1,0,0,0,1
2553,11,65,1,1,0,1,1,1,232.0909090909091,0,1,0,0,0,1
2635,13,65,1,1,0,1,1,1,202.69230769230768,0,1,0,0,0,1
1028,10,64,0,0,0,1,0,0,102.8,0,1,0,0,1,0
2378,16,64,0,0,0,1,0,0,148.625,0,1,0,0,1,0
2617,12,64,0,0,0,1,0,0,218.08333333333334,0,1,0,0,1,0
2613,9,64,0,0,0,1,0,0,290.3333333333333,0,1,0,0,1,0
3818,18,64,0,0,0,1,0,0,212.11111111111111,0,1,0,0,1,0
3638,7,64,0,0,0,1,0,0,519.7142857142857,0,1,0,0,1,0
2013,13,64,0,0,0,1,0,0,154.84615384615384,0,1,0,0,1,0
2325,18,64,0,0,0,1,0,0,129.16666666666666,0,1,0,0,1,0
1424,10,64,0,0,0,1,0,0,142.4,0,1,0,0,1,0
3043,21,64,0,0,0,1,0,0,144.9047619047619,0,1,0,0,1,0
1875,13,64,0,0,0,1,0,0,144.23076923076923,0,1,0,0,1,0
2388,19,64,0,0,0,1,0,0,125.6842105263158,0,1,0,0,1,0
2932,9,55,0,0,0,1,0,0,325.77777777777777,0,1,0,0,1,0
6912,18,55,0,0,0,1,0,0,384.0,0,1,0,0,1,0
4861,11,55,0,0,0,1,0,0,441.90909090909093,0,1,0,0,1,0
7409,16,55,0,0,0,1,0,0,463.0625,0,1,0,0,1,0
4393,13,30,0,0,0,1,1,0,337.9230769230769,0,1,0,1,0,0
7516,17,30,0,0,0,1,1,0,442.11764705882354,0,1,0,1,0,0
6915,12,30,0,0,0,1,1,0,576.25,0,1,0,1,0,0
6394,11,30,0,0,0,1,1,0,581.2727272727273,0,1,0,1,0,0
6657,16,30,0,0,0,1,1,0,416.0625,0,1,0,1,0,0
8832,11,30,0,0,0,1,1,0,802.9090909090909,0,1,0,1,0,0
7957,10,30,0,0,0,1,1,0,795.7,0,1,0,1,0,0
8130,7,30,0,0,0,1,1,0,1161.4285714285713,0,1,0,1,0,0
7881,20,30,0,0,0,1,1,0,394.05,0,1,0,1,0,0
8296,14,33,1,0,0,0,0,0,592.5714285714286,0,1,0,1,0,0
6352,10,33,1,0,0,0,0,0,635.2,0,1,0,1,0,0
8397,13,33,1,0,0,0,0,0,645.9230769230769,0,1,0,1,0,0
8524,14,33,1,0,0,0,0,0,608.8571428571429,0,1,0,1,0,0
5868,10,33,1,0,0,0,0,0,586.8,0,1,0,1,0,0
4615,9,33,1,0,0,0,0,0,512.7777777777778,0,1,0,1,0,0
3061,13,33,1,0,0,0,0,0,235.46153846153845,0,1,0,1,0,0
6433,15,33,1,0,0,0,0,0,428.8666666666667,0,1,0,1,0,0
5569,11,33,1,0,0,0,0,0,506.27272727272725,0,1,0,1,0,0
6213,12,33,1,0,0,0,0,0,517.75,0,1,0,1,0,0
7811,21,33,1,0,0,0,0,0,371.95238095238096,0,1,0,1,0,0
3783,14,30,1,0,0,0,0,0,270.2142857142857,0,1,0,1,0,0
3731,18,30,1,0,0,0,0,0,207.27777777777777,0,1,0,1,0,0
3801,19,30,1,0,0,0,0,0,200.05263157894737,0,1,0,1,0,0
2072,9,30,1,0,0,0,0,0,230.22222222222223,0,1,0,1,0,0
2913,14,30,1,0,0,0,0,0,208.07142857142858,0,1,0,1,0,0
3466,11,30,1,0,0,0,0,0,315.09090909090907,0,1,0,1,0,0
4854,12,30,1,0,0,0,0,0,404.5,0,1,0,1,0,0
2731,9,30,1,0,0,0,0,0,303.44444444444446,0,1,0,1,0,0
5109,15,30,1,0,0,0,0,0,340.6,0,1,0,1,0,0
4264,20,30,1,0,0,0,0,0,213.2,0,1,0,1,0,0
6225,10,30,1,0,0,0,0,0,622.5,0,1,0,1,0,0
2661,5,30,1,0,0,0,0,0,532.2,0,1,0,1,0,0
7684,10,68,1,0,0,0,0,0,768.4,0,1,0,0,0,1
5954,10,68,1,0,0,0,0,0,595.4,0,1,0,0,0,1
7290,10,68,1,0,0,0,0,0,729.0,0,1,0,0,0,1
7534,12,68,1,0,0,0,0,0,627.8333333333334,0,1,0,0,0,1
8360,12,68,1,0,0,0,0,0,696.6666666666666,0,1,0,0,0,1
2499,10,49,1,0,0,1,0,0,249.9,0,1,0,0,1,0
3185,21,49,1,0,0,1,0,0,151.66666666666666,0,1,0,0,1,0
2979,13,49,1,0,0,1,0,0,229.15384615384616,0,1,0,0,1,0
3824,17,49,1,0,0,1,0,0,224.94117647058823,0,1,0,0,1,0
4238,15,49,1,0,0,1,0,0,282.53333333333336,0,1,0,0,1,0
3729,18,49,1,0,0,1,0,0,207.16666666666666,0,1,0,0,1,0
5527,11,49,1,0,0,1,0,0,502.45454545454544,0,1,0,0,1,0
2652,10,49,1,0,0,1,0,0,265.2,0,1,0,0,1,0
3193,19,49,1,0,0,1,0,0,168.05263157894737,0,1,0,0,1,0
5589,23,49,1,0,0,1,0,0,243.0,0,1,0,0,1,0
7330,11,49,1,0,0,1,0,0,666.3636363636364,0,1,0,0,1,0
7716,12,20,0,0,0,1,0,0,643.0,0,1,1,0,0,0
7391,12,20,0,0,0,1,0,0,615.9166666666666,0,1,1,0,0,0
4830,13,20,0,0,0,1,0,0,371.53846153846155,0,1,1,0,0,0
3665,7,20,0,0,0,1,0,0,523.5714285714286,0,1,1,0,0,0
4431,12,20,0,0,0,1,0,0,369.25,0,1,1,0,0,0
4769,12,20,0,0,0,1,0,0,397.4166666666667,0,1,1,0,0,0
3446,5,20,0,0,0,1,0,0,689.2,0,1,1,0,0,0
4325,10,20,0,0,0,1,0,0,432.5,0,1,1,0,0,0
4755,11,20,0,0,0,1,0,0,432.27272727272725,0,1,1,0,0,0
6036,14,20,0,0,0,1,0,0,431.14285714285717,0,1,1,0,0,0
5961,11,20,0,0,0,1,0,0,541.9090909090909,0,1,1,0,0,0
7557,21,20,0,0,0,1,0,0,359.85714285714283,0,1,1,0,0,0
3652,13,83,0,1,0,0,0,1,280.9230769230769,0,1,0,0,0,1
3572,12,83,0,1,0,0,0,1,297.6666666666667,0,1,0,0,0,1
2915,23,83,0,1,0,0,0,1,126.73913043478261,0,1,0,0,0,1
3583,18,83,0,1,0,0,0,1,199.05555555555554,0,1,0,0,0,1
4178,11,83,0,1,0,0,0,1,379.8181818181818,0,1,0,0,0,1
4878,12,83,0,1,0,0,0,1,406.5,0,1,0,0,0,1
4422,16,83,0,1,0,0,0,1,276.375,0,1,0,0,0,1
2437,12,83,0,1,0,0,0,1,203.08333333333334,0,1,0,0,0,1
3407,12,83,0,1,0,0,0,1,283.9166666666667,0,1,0,0,0,1
4507,12,83,0,1,0,0,0,1,375.5833333333333,0,1,0,0,0,1
6134,12,83,0,1,0,0,0,1,511.1666666666667,0,1,0,0,0,1
2644,11,83,0,1,0,0,0,1,240.36363636363637,0,1,0,0,0,1
7162,12,62,1,0,0,1,0,0,596.8333333333334,0,1,0,0,1,0
7996,18,62,1,0,0,1,0,0,444.22222222222223,0,1,0,0,1,0
5475,9,62,1,0,0,1,0,0,608.3333333333334,0,1,0,0,1,0
6985,14,62,1,0,0,1,0,0,498.92857142857144,0,1,0,0,1,0
8631,9,62,1,0,0,1,0,0,959.0,0,1,0,0,1,0
8478,11,62,1,0,0,1,0,0,770.7272727272727,0,1,0,0,1,0
4927,8,62,1,0,0,1,0,0,615.875,0,1,0,0,1,0
6722,12,62,1,0,0,1,0,0,560.1666666666666,0,1,0,0,1,0
8070,7,62,1,0,0,1,0,0,1152.857142857143,0,1,0,0,1,0
8890,13,27,0,0,1,0,0,1,683.8461538461538,0,1,0,1,0,0
7286,13,27,0,0,1,0,0,1,560.4615384615385,0,1,0,1,0,0
7749,6,27,0,0,1,0,0,1,1291.5,0,1,0,1,0,0
2623,13,84,0,0,0,0,0,0,201.76923076923077,0,1,0,0,0,1
4585,17,84,0,0,0,0,0,0,269.70588235294116,0,1,0,0,0,1
1863,9,84,0,0,0,0,0,0,207.0,0,1,0,0,0,1
2433,10,84,0,0,0,0,0,0,243.3,0,1,0,0,0,1
2365,17,84,0,0,0,0,0,0,139.11764705882354,0,1,0,0,0,1
1494,12,84,0,0,0,0,0,0,124.5,0,1,0,0,0,1
2244,15,84,0,0,0,0,0,0,149.6,0,1,0,0,0,1
2596,17,84,0,0,0,0,0,0,152.7058823529412,0,1,0,0,0,1
3121,10,84,0,0,0,0,0,0,312.1,0,1,0,0,0,1
2694,11,84,0,0,0,0,0,0,244.9090909090909,0,1,0,0,0,1
5786,12,84,0,0,0,0,0,0,482.1666666666667,0,1,0,0,0,1
1410,18,84,0,0,0,0,0,0,78.33333333333333,0,1,0,0,0,1
1618,5,75,1,0,0,1,0,0,323.6,0,1,0,0,0,1
7411,17,75,1,0,0,1,0,0,435.94117647058823,0,1,0,0,0,1
8818,13,75,1,0,0,1,0,0,678.3076923076923,0,1,0,0,0,1
7564,12,75,1,0,0,1,0,0,630.3333333333334,0,1,0,0,0,1
8548,15,75,1,0,0,1,0,0,569.8666666666667,0,1,0,0,0,1
8398,9,75,1,0,0,1,0,0,933.1111111111111,0,1,0,0,0,1
4774,18,35,1,0,0,0,0,0,265.22222222222223,0,1,0,1,0,0
5329,10,35,1,0,0,0,0,0,532.9,0,1,0,1,0,0
6666,9,35,1,0,0,0,0,0,740.6666666666666,0,1,0,1,0,0
5836,18,35,1,0,0,0,0,0,324.22222222222223,0,1,0,1,0,0
6626,13,35,1,0,0,0,0,0,509.6923076923077,0,1,0,1,0,0
7730,13,35,1,0,0,0,0,0,594.6153846153846,0,1,0,1,0,0
4760,10,35,1,0,0,0,0,0,476.0,0,1,0,1,0,0
7902,13,35,1,0,0,0,0,0,607.8461538461538,0,1,0,1,0,0
5557,13,35,1,0,0,0,0,0,427.46153846153845,0,1,0,1,0,0
5183,7,35,1,0,0,0,0,0,740.4285714285714,0,1,0,1,0,0
4093,11,35,1,0,0,0,0,0,372.09090909090907,0,1,0,1,0,0
1899,14,24,0,0,1,1,0,1,135.64285714285714,0,1,1,0,0,0
1577,10,24,0,0,1,1,0,1,157.7,0,1,1,0,0,0
1754,10,24,0,0,1,1,0,1,175.4,0,1,1,0,0,0
1095,19,24,0,0,1,1,0,1,57.63157894736842,0,1,1,0,0,0
3135,19,24,0,0,1,1,0,1,165.0,0,1,1,0,0,0
1659,16,24,0,0,1,1,0,1,103.6875,0,1,1,0,0,0
1407,11,24,0,0,1,1,0,1,127.9090909090909,0,1,1,0,0,0
2672,37,24,0,0,1,1,0,1,72.21621621621621,0,1,1,0,0,0
1919,15,24,0,0,1,1,0,1,127.93333333333334,0,1,1,0,0,0
1691,16,24,0,0,1,1,0,1,105.6875,0,1,1,0,0,0
3504,14,24,0,0,1,1,0,1,250.28571428571428,0,1,1,0,0,0
3253,16,24,0,0,1,1,0,1,203.3125,0,1,1,0,0,0
8229,16,43,0,1,0,0,0,1,514.3125,0,1,0,1,0,0
8318,13,43,0,1,0,0,0,1,639.8461538461538,0,1,0,1,0,0
5955,8,43,0,1,0,0,0,1,744.375,0,1,0,1,0,0
6708,11,43,0,1,0,0,0,1,609.8181818181819,0,1,0,1,0,0
7722,12,43,0,1,0,0,0,1,643.5,0,1,0,1,0,0
6889,11,43,0,1,0,0,0,1,626.2727272727273,0,1,0,1,0,0
8223,13,43,0,1,0,0,0,1,632.5384615384615,0,1,0,1,0,0
3351,16,68,0,0,0,0,0,0,209.4375,0,1,0,0,0,1
3102,10,68,0,0,0,0,0,0,310.2,0,1,0,0,0,1
6832,18,68,0,0,0,0,0,0,379.55555555555554,0,1,0,0,0,1
4120,13,68,0,0,0,0,0,0,316.9230769230769,0,1,0,0,0,1
7578,14,68,0,0,0,0,0,0,541.2857142857143,0,1,0,0,0,1
3158,13,68,0,0,0,0,0,0,242.92307692307693,0,1,0,0,0,1
3353,13,68,0,0,0,0,0,0,257.9230769230769,0,1,0,0,0,1
2917,18,68,0,0,0,0,0,0,162.05555555555554,0,1,0,0,0,1
3101,13,68,0,0,0,0,0,0,238.53846153846155,0,1,0,0,0,1
3699,14,68,0,0,0,0,0,0,264.2142857142857,0,1,0,0,0,1
3137,17,68,0,0,0,0,0,0,184.52941176470588,0,1,0,0,0,1
3159,10,68,0,0,0,0,0,0,315.9,0,1,0,0,0,1
6705,20,39,1,1,0,0,0,1,335.25,0,1,0,1,0,0
6407,10,39,1,1,0,0,0,1,640.7,0,1,0,1,0,0
6337,8,39,1,1,0,0,0,1,792.125,0,1,0,1,0,0
7718,12,39,1,1,0,0,0,1,643.1666666666666,0,1,0,1,0,0
6729,21,39,1,1,0,0,0,1,320.42857142857144,0,1,0,1,0,0
4021,14,39,1,1,0,0,0,1,287.2142857142857,0,1,0,1,0,0
8274,22,39,1,1,0,0,0,1,376.09090909090907,0,1,0,1,0,0
6393,14,39,1,1,0,0,0,1,456.64285714285717,0,1,0,1,0,0
4661,6,39,1,1,0,0,0,1,776.8333333333334,0,1,0,1,0,0
8238,17,39,1,1,0,0,0,1,484.5882352941176,0,1,0,1,0,0
1399,15,56,0,0,0,0,0,0,93.26666666666667,0,1,0,0,1,0
2690,11,56,0,0,0,0,0,0,244.54545454545453,0,1,0,0,1,0
1223,13,56,0,0,0,0,0,0,94.07692307692308,0,1,0,0,1,0
1165,10,56,0,0,0,0,0,0,116.5,0,1,0,0,1,0
4406,5,56,0,0,0,0,0,0,881.2,0,1,0,0,1,0
1004,12,56,0,0,0,0,0,0,83.66666666666667,0,1,0,0,1,0
1134,12,56,0,0,0,0,0,0,94.5,0,1,0,0,1,0
662,9,56,0,0,0,0,0,0,73.55555555555556,0,1,0,0,1,0
980,12,56,0,0,0,0,0,0,81.66666666666667,0,1,0,0,1,0
461,10,56,0,0,0,0,0,0,46.1,0,1,0,0,1,0
1270,12,56,0,0,0,0,0,0,105.83333333333333,0,1,0,0,1,0
952,17,56,0,0,0,0,0,0,56.0,0,1,0,0,1,0
8237,7,59,0,0,0,1,1,0,1176.7142857142858,0,1,0,0,1,0
8443,13,59,0,0,0,1,1,0,649.4615384615385,0,1,0,0,1,0
5799,8,59,0,0,0,1,1,0,724.875,0,1,0,0,1,0
3364,6,59,0,0,0,1,1,0,560.6666666666666,0,1,0,0,1,0
6687,11,59,0,0,0,1,1,0,607.9090909090909,0,1,0,0,1,0
5032,10,59,0,0,0,1,1,0,503.2,0,1,0,0,1,0
4839,10,59,0,0,0,1,1,0,483.9,0,1,0,0,1,0
5943,16,59,0,0,0,1,1,0,371.4375,0,1,0,0,1,0
3475,5,59,0,0,0,1,1,0,695.0,0,1,0,0,1,0
7381,13,59,0,0,0,1,1,0,567.7692307692307,0,1,0,0,1,0
4765,14,30,1,0,0,0,0,0,340.35714285714283,0,1,0,1,0,0
3347,6,30,1,0,0,0,0,0,557.8333333333334,0,1,0,1,0,0
5013,7,30,1,0,0,0,0,0,716.1428571428571,0,1,0,1,0,0
8013,19,30,1,0,0,0,0,0,421.7368421052632,0,1,0,1,0,0
8730,10,30,1,0,0,0,0,0,873.0,0,1,0,1,0,0
4370,5,30,1,0,0,0,0,0,874.0,0,1,0,1,0,0
8085,16,57,1,0,0,1,0,0,505.3125,0,1,0,0,1,0
6355,17,57,1,0,0,1,0,0,373.8235294117647,0,1,0,0,1,0
4868,10,57,1,0,0,1,0,0,486.8,0,1,0,0,1,0
8425,17,57,1,0,0,1,0,0,495.5882352941176,0,1,0,0,1,0
6132,15,57,1,0,0,1,0,0,408.8,0,1,0,0,1,0
8830,8,57,1,0,0,1,0,0,1103.75,0,1,0,0,1,0
7529,15,57,1,0,0,1,0,0,501.93333333333334,0,1,0,0,1,0
8951,19,57,1,0,0,1,0,0,471.10526315789474,0,1,0,0,1,0
6494,14,57,1,0,0,1,0,0,463.85714285714283,0,1,0,0,1,0
4783,8,57,1,0,0,1,0,0,597.875,0,1,0,0,1,0
7142,15,53,0,0,0,0,1,0,476.1333333333333,0,1,0,0,1,0
7222,12,53,0,0,0,0,1,0,601.8333333333334,0,1,0,0,1,0
7976,20,53,0,0,0,0,1,0,398.8,0,1,0,0,1,0
8598,13,53,0,0,0,0,1,0,661.3846153846154,0,1,0,0,1,0
6283,12,53,0,0,0,0,1,0,523.5833333333334,0,1,0,0,1,0
7518,13,53,0,0,0,0,1,0,578.3076923076923,0,1,0,0,1,0
7011,11,53,0,0,0,0,1,0,637.3636363636364,0,1,0,0,1,0
4593,11,75,1,1,0,0,1,1,417.54545454545456,0,1,0,0,0,1
6408,20,75,1,1,0,0,1,1,320.4,0,1,0,0,0,1
4663,8,75,1,1,0,0,1,1,582.875,0,1,0,0,0,1
6256,17,75,1,1,0,0,1,1,368.0,0,1,0,0,0,1
6560,7,75,1,1,0,0,1,1,937.1428571428571,0,1,0,0,0,1
5649,11,75,1,1,0,0,1,1,513.5454545454545,0,1,0,0,0,1
5232,13,75,1,1,0,0,1,1,402.46153846153845,0,1,0,0,0,1
4987,16,75,1,1,0,0,1,1,311.6875,0,1,0,0,0,1
7858,15,75,1,1,0,0,1,1,523.8666666666667,0,1,0,0,0,1
8392,7,42,0,1,0,1,1,1,1198.857142857143,0,1,0,1,0,0
7843,17,42,0,1,0,1,1,1,461.3529411764706,0,1,0,1,0,0
6255,10,42,0,1,0,1,1,1,625.5,0,1,0,1,0,0
6171,10,42,0,1,0,1,1,1,617.1,0,1,0,1,0,0
8143,13,42,0,1,0,1,1,1,626.3846153846154,0,1,0,1,0,0
2501,21,58,1,0,0,0,0,0,119.0952380952381,0,1,0,0,1,0
5106,10,58,1,0,0,0,0,0,510.6,0,1,0,0,1,0
2959,17,58,1,0,0,0,0,0,174.05882352941177,0,1,0,0,1,0
3798,12,58,1,0,0,0,0,0,316.5,0,1,0,0,1,0
3270,11,58,1,0,0,0,0,0,297.27272727272725,0,1,0,0,1,0
1822,18,58,1,0,0,0,0,0,101.22222222222223,0,1,0,0,1,0
3567,11,58,1,0,0,0,0,0,324.27272727272725,0,1,0,0,1,0
6636,18,58,1,0,0,0,0,0,368.6666666666667,0,1,0,0,1,0
3177,8,58,1,0,0,0,0,0,397.125,0,1,0,0,1,0
5103,15,58,1,0,0,0,0,0,340.2,0,1,0,0,1,0
2510,12,58,1,0,0,0,0,0,209.16666666666666,0,1,0,0,1,0
2933,14,58,1,0,0,0,0,0,209.5,0,1,0,0,1,0
4221,17,30,0,0,0,0,0,0,248.2941176470588,0,1,0,1,0,0
5704,13,30,0,0,0,0,0,0,438.7692307692308,0,1,0,1,0,0
1778,5,30,0,0,0,0,0,0,355.6,0,1,0,1,0,0
3097,11,30,0,0,0,0,0,0,281.54545454545456,0,1,0,1,0,0
6318,10,30,0,0,0,0,0,0,631.8,0,1,0,1,0,0
7449,15,30,0,0,0,0,0,0,496.6,0,1,0,1,0,0
8124,14,30,0,0,0,0,0,0,580.2857142857143,0,1,0,1,0,0
8328,14,30,0,0,0,0,0,0,594.8571428571429,0,1,0,1,0,0
6080,9,30,0,0,0,0,0,0,675.5555555555555,0,1,0,1,0,0
4626,13,30,0,0,0,0,0,0,355.84615384615387,0,1,0,1,0,0
8149,15,30,0,0,0,0,0,0,543.2666666666667,0,1,0,1,0,0
8801,10,73,0,0,0,1,0,0,880.1,0,1,0,0,0,1
6237,9,73,0,0,0,1,0,0,693.0,0,1,0,0,0,1
7201,9,73,0,0,0,1,0,0,800.1111111111111,0,1,0,0,0,1
5971,13,73,0,0,0,1,0,0,459.3076923076923,0,1,0,0,0,1
6616,17,73,0,0,0,1,0,0,389.1764705882353,0,1,0,0,0,1
8460,10,73,0,0,0,1,0,0,846.0,0,1,0,0,0,1
2018,16,82,1,0,0,1,0,0,126.125,0,1,0,0,0,1
1601,11,82,1,0,0,1,0,0,145.54545454545453,0,1,0,0,0,1
1552,11,82,1,0,0,1,0,0,141.0909090909091,0,1,0,0,0,1
1776,18,82,1,0,0,1,0,0,98.66666666666667,0,1,0,0,0,1
2140,13,82,1,0,0,1,0,0,164.6153846153846,0,1,0,0,0,1
1596,16,82,1,0,0,1,0,0,99.75,0,1,0,0,0,1
1559,10,82,1,0,0,1,0,0,155.9,0,1,0,0,0,1
2593,6,82,1,0,0,1,0,0,432.1666666666667,0,1,0,0,0,1
1417,16,82,1,0,0,1,0,0,88.5625,0,1,0,0,0,1
1413,15,82,1,0,0,1,0,0,94.2,0,1,0,0,0,1
1720,11,82,1,0,0,1,0,0,156.36363636363637,0,1,0,0,0,1
1353,8,82,1,0,0,1,0,0,169.125,0,1,0,0,0,1
6952,18,28,0,0,0,0,0,0,386.22222222222223,0,1,0,1,0,0
3827,10,28,0,0,0,0,0,0,382.7,0,1,0,1,0,0
4763,14,28,0,0,0,0,0,0,340.2142857142857,0,1,0,1,0,0
6686,17,28,0,0,0,0,0,0,393.29411764705884,0,1,0,1,0,0
8177,17,28,0,0,0,0,0,0,481.0,0,1,0,1,0,0
3607,11,28,0,0,0,0,0,0,327.90909090909093,0,1,0,1,0,0
5872,13,28,0,0,0,0,0,0,451.6923076923077,0,1,0,1,0,0
2944,15,28,0,0,0,0,0,0,196.26666666666668,0,1,0,1,0,0
6019,13,28,0,0,0,0,0,0,463.0,0,1,0,1,0,0
8423,17,28,0,0,0,0,0,0,495.47058823529414,0,1,0,1,0,0
8150,9,28,0,0,0,0,0,0,905.5555555555555,0,1,0,1,0,0
5234,21,28,0,0,0,0,0,0,249.23809523809524,0,1,0,1,0,0
6008,13,84,0,0,0,0,0,0,462.15384615384613,0,1,0,0,0,1
6516,12,84,0,0,0,0,0,0,543.0,0,1,0,0,0,1
8194,16,84,0,0,0,0,0,0,512.125,0,1,0,0,0,1
7068,13,84,0,0,0,0,0,0,543.6923076923077,0,1,0,0,0,1
6479,15,84,0,0,0,0,0,0,431.93333333333334,0,1,0,0,0,1
8064,8,84,0,0,0,0,0,0,1008.0,0,1,0,0,0,1
5684,7,84,0,0,0,0,0,0,812.0,0,1,0,0,0,1
8376,18,40,0,0,0,0,0,0,465.3333333333333,0,1,0,1,0,0
5482,18,40,0,0,0,0,0,0,304.55555555555554,0,1,0,1,0,0
7714,15,40,0,0,0,0,0,0,514.2666666666667,0,1,0,1,0,0
8214,13,40,0,0,0,0,0,0,631.8461538461538,0,1,0,1,0,0
4808,15,40,0,0,0,0,0,0,320.53333333333336,0,1,0,1,0,0
5047,8,40,0,0,0,0,0,0,630.875,0,1,0,1,0,0
6897,17,40,0,0,0,0,0,0,405.70588235294116,0,1,0,1,0,0
4739,16,40,0,0,0,0,0,0,296.1875,0,1,0,1,0,0
7321,16,40,0,0,0,0,0,0,457.5625,0,1,0,1,0,0
8436,16,40,0,0,0,0,0,0,527.25,0,1,0,1,0,0
3402,16,40,0,0,0,0,0,0,212.625,0,1,0,1,0,0
7750,12,43,1,0,0,1,1,0,645.8333333333334,0,1,0,1,0,0
1740,10,43,1,0,0,1,1,0,174.0,0,1,0,1,0,0
4355,13,43,1,0,0,1,1,0,335.0,0,1,0,1,0,0
6930,11,43,1,0,0,1,1,0,630.0,0,1,0,1,0,0
4401,11,43,1,0,0,1,1,0,400.09090909090907,0,1,0,1,0,0
6186,11,43,1,0,0,1,1,0,562.3636363636364,0,1,0,1,0,0
7229,13,43,1,0,0,1,1,0,556.0769230769231,0,1,0,1,0,0
8433,14,43,1,0,0,1,1,0,602.3571428571429,0,1,0,1,0,0
4631,9,43,1,0,0,1,1,0,514.5555555555555,0,1,0,1,0,0
7606,12,43,1,0,0,1,1,0,633.8333333333334,0,1,0,1,0,0
8638,18,43,1,0,0,1,1,0,479.8888888888889,0,1,0,1,0,0
4616,10,41,0,1,0,0,0,1,461.6,0,1,0,1,0,0
7419,10,41,0,1,0,0,0,1,741.9,0,1,0,1,0,0
7454,12,41,0,1,0,0,0,1,621.1666666666666,0,1,0,1,0,0
8410,14,41,0,1,0,0,0,1,600.7142857142857,0,1,0,1,0,0
8830,22,41,0,1,0,0,0,1,401.3636363636364,0,1,0,1,0,0
5678,14,41,0,1,0,0,0,1,405.57142857142856,0,1,0,1,0,0
7513,9,41,0,1,0,0,0,1,834.7777777777778,0,1,0,1,0,0
4321,10,41,0,1,0,0,0,1,432.1,0,1,0,1,0,0
4648,9,43,1,1,0,0,0,1,516.4444444444445,0,1,0,1,0,0
4200,17,43,1,1,0,0,0,1,247.05882352941177,0,1,0,1,0,0
7379,13,43,1,1,0,0,0,1,567.6153846153846,0,1,0,1,0,0
6708,8,43,1,1,0,0,0,1,838.5,0,1,0,1,0,0
4868,17,43,1,1,0,0,0,1,286.3529411764706,0,1,0,1,0,0
5535,13,43,1,1,0,0,0,1,425.7692307692308,0,1,0,1,0,0
7877,16,43,1,1,0,0,0,1,492.3125,0,1,0,1,0,0
7224,9,43,1,1,0,0,0,1,802.6666666666666,0,1,0,1,0,0
4074,10,43,1,1,0,0,0,1,407.4,0,1,0,1,0,0
5157,13,43,1,1,0,0,0,1,396.6923076923077,0,1,0,1,0,0
6169,12,43,1,1,0,0,0,1,514.0833333333334,0,1,0,1,0,0
5235,17,43,1,1,0,0,0,1,307.94117647058823,0,1,0,1,0,0
1653,15,83,1,0,0,0,0,0,110.2,0,1,0,0,0,1
2162,12,83,1,0,0,0,0,0,180.16666666666666,0,1,0,0,0,1
3688,12,83,1,0,0,0,0,0,307.3333333333333,0,1,0,0,0,1
1161,14,83,1,0,0,0,0,0,82.92857142857143,0,1,0,0,0,1
1868,18,83,1,0,0,0,0,0,103.77777777777777,0,1,0,0,0,1
1602,12,83,1,0,0,0,0,0,133.5,0,1,0,0,0,1
1325,12,83,1,0,0,0,0,0,110.41666666666667,0,1,0,0,0,1
1582,15,83,1,0,0,0,0,0,105.46666666666667,0,1,0,0,0,1
1936,13,83,1,0,0,0,0,0,148.92307692307693,0,1,0,0,0,1
788,8,83,1,0,0,0,0,0,98.5,0,1,0,0,0,1
1133,14,83,1,0,0,0,0,0,80.92857142857143,0,1,0,0,0,1
5233,14,49,1,0,0,0,0,0,373.7857142857143,0,1,0,0,1,0
6149,12,49,1,0,0,0,0,0,512.4166666666666,0,1,0,0,1,0
8358,8,49,1,0,0,0,0,0,1044.75,0,1,0,0,1,0
4238,8,49,1,0,0,0,0,0,529.75,0,1,0,0,1,0
4452,12,49,1,0,0,0,0,0,371.0,0,1,0,0,1,0
7690,16,49,1,0,0,0,0,0,480.625,0,1,0,0,1,0
6561,10,49,1,0,0,0,0,0,656.1,0,1,0,0,1,0
3439,10,49,1,0,0,0,0,0,343.9,0,1,0,0,1,0
6375,19,49,1,0,0,0,0,0,335.5263157894737,0,1,0,0,1,0
3923,16,69,1,0,0,1,1,0,245.1875,0,1,0,0,0,1
3212,12,69,1,0,0,1,1,0,267.6666666666667,0,1,0,0,0,1
5158,11,69,1,0,0,1,1,0,468.90909090909093,0,1,0,0,0,1
4761,18,69,1,0,0,1,1,0,264.5,0,1,0,0,0,1
5472,19,69,1,0,0,1,1,0,288.0,0,1,0,0,0,1
5575,23,69,1,0,0,1,1,0,242.3913043478261,0,1,0,0,0,1
2917,8,69,1,0,0,1,1,0,364.625,0,1,0,0,0,1
2786,13,69,1,0,0,1,1,0,214.30769230769232,0,1,0,0,0,1
4147,12,69,1,0,0,1,1,0,345.5833333333333,0,1,0,0,0,1
4704,20,69,1,0,0,1,1,0,235.2,0,1,0,0,0,1
4557,19,69,1,0,0,1,1,0,239.8421052631579,0,1,0,0,0,1
4387,17,69,1,0,0,1,1,0,258.05882352941177,0,1,0,0,0,1
5027,11,78,0,0,0,0,0,0,457.0,0,1,0,0,0,1
3859,18,78,0,0,0,0,0,0,214.38888888888889,0,1,0,0,0,1
6261,17,78,0,0,0,0,0,0,368.29411764705884,0,1,0,0,0,1
5251,15,78,0,0,0,0,0,0,350.06666666666666,0,1,0,0,0,1
4041,7,78,0,0,0,0,0,0,577.2857142857143,0,1,0,0,0,1
7835,9,78,0,0,0,0,0,0,870.5555555555555,0,1,0,0,0,1
4370,16,78,0,0,0,0,0,0,273.125,0,1,0,0,0,1
4095,14,78,0,0,0,0,0,0,292.5,0,1,0,0,0,1
4913,12,78,0,0,0,0,0,0,409.4166666666667,0,1,0,0,0,1
7105,14,78,0,0,0,0,0,0,507.5,0,1,0,0,0,1
4733,10,78,0,0,0,0,0,0,473.3,0,1,0,0,0,1
3757,15,82,0,0,0,1,0,0,250.46666666666667,0,1,0,0,0,1
5950,9,82,0,0,0,1,0,0,661.1111111111111,0,1,0,0,0,1
4410,16,82,0,0,0,1,0,0,275.625,0,1,0,0,0,1
5337,10,82,0,0,0,1,0,0,533.7,0,1,0,0,0,1
6060,13,82,0,0,0,1,0,0,466.15384615384613,0,1,0,0,0,1
6538,12,82,0,0,0,1,0,0,544.8333333333334,0,1,0,0,0,1
3223,9,82,0,0,0,1,0,0,358.1111111111111,0,1,0,0,0,1
5339,15,82,0,0,0,1,0,0,355.93333333333334,0,1,0,0,0,1
6801,16,82,0,0,0,1,0,0,425.0625,0,1,0,0,0,1
3659,6,82,0,0,0,1,0,0,609.8333333333334,0,1,0,0,0,1
5394,9,82,0,0,0,1,0,0,599.3333333333334,0,1,0,0,0,1
5242,15,82,0,0,0,1,0,0,349.46666666666664,0,1,0,0,0,1
5029,12,44,1,0,0,1,1,0,419.0833333333333,0,1,0,1,0,0
6935,15,44,1,0,0,1,1,0,462.3333333333333,0,1,0,1,0,0
3566,14,44,1,0,0,1,1,0,254.71428571428572,0,1,0,1,0,0
6373,7,44,1,0,0,1,1,0,910.4285714285714,0,1,0,1,0,0
2880,13,44,1,0,0,1,1,0,221.53846153846155,0,1,0,1,0,0
8947,14,44,1,0,0,1,1,0,639.0714285714286,0,1,0,1,0,0
5032,14,44,1,0,0,1,1,0,359.42857142857144,0,1,0,1,0,0
6167,17,44,1,0,0,1,1,0,362.7647058823529,0,1,0,1,0,0
4395,20,44,1,0,0,1,1,0,219.75,0,1,0,1,0,0
4496,11,44,1,0,0,1,1,0,408.72727272727275,0,1,0,1,0,0
4556,13,44,1,0,0,1,1,0,350.46153846153845,0,1,0,1,0,0
5100,20,44,1,0,0,1,1,0,255.0,0,1,0,1,0,0
7664,13,21,0,1,0,0,0,1,589.5384615384615,0,1,1,0,0,0
5175,14,21,0,1,0,0,0,1,369.64285714285717,0,1,1,0,0,0
6023,9,21,0,1,0,0,0,1,669.2222222222222,0,1,1,0,0,0
4444,13,21,0,1,0,0,0,1,341.84615384615387,0,1,1,0,0,0
8122,14,21,0,1,0,0,0,1,580.1428571428571,0,1,1,0,0,0
6654,16,21,0,1,0,0,0,1,415.875,0,1,1,0,0,0
6291,18,21,0,1,0,0,0,1,349.5,0,1,1,0,0,0
3852,10,21,0,1,0,0,0,1,385.2,0,1,1,0,0,0
4620,11,21,0,1,0,0,0,1,420.0,0,1,1,0,0,0
5303,13,21,0,1,0,0,0,1,407.9230769230769,0,1,1,0,0,0
3890,21,31,1,0,0,0,0,0,185.23809523809524,0,1,0,1,0,0
4728,9,31,1,0,0,0,0,0,525.3333333333334,0,1,0,1,0,0
3002,10,31,1,0,0,0,0,0,300.2,0,1,0,1,0,0
3394,19,31,1,0,0,0,0,0,178.6315789473684,0,1,0,1,0,0
3615,13,31,1,0,0,0,0,0,278.0769230769231,0,1,0,1,0,0
2596,16,31,1,0,0,0,0,0,162.25,0,1,0,1,0,0
2306,12,31,1,0,0,0,0,0,192.16666666666666,0,1,0,1,0,0
3869,16,31,1,0,0,0,0,0,241.8125,0,1,0,1,0,0
3166,8,31,1,0,0,0,0,0,395.75,0,1,0,1,0,0
2096,13,31,1,0,0,0,0,0,161.23076923076923,0,1,0,1,0,0
4489,14,31,1,0,0,0,0,0,320.64285714285717,0,1,0,1,0,0
3521,10,31,1,0,0,0,0,0,352.1,0,1,0,1,0,0
3634,13,83,0,1,0,0,0,1,279.53846153846155,0,1,0,0,0,1
5186,10,83,0,1,0,0,0,1,518.6,0,1,0,0,0,1
4409,9,83,0,1,0,0,0,1,489.8888888888889,0,1,0,0,0,1
1048,6,83,0,1,0,0,0,1,174.66666666666666,0,1,0,0,0,1
4056,6,83,0,1,0,0,0,1,676.0,0,1,0,0,0,1
6655,8,83,0,1,0,0,0,1,831.875,0,1,0,0,0,1
5521,14,83,0,1,0,0,0,1,394.35714285714283,0,1,0,0,0,1
5103,15,83,0,1,0,0,0,1,340.2,0,1,0,0,0,1
4368,17,83,0,1,0,0,0,1,256.94117647058823,0,1,0,0,0,1
4008,13,83,0,1,0,0,0,1,308.3076923076923,0,1,0,0,0,1
6414,16,83,0,1,0,0,0,1,400.875,0,1,0,0,0,1
1755,10,41,1,0,0,0,0,0,175.5,0,1,0,1,0,0
3525,17,41,1,0,0,0,0,0,207.35294117647058,0,1,0,1,0,0
3699,19,41,1,0,0,0,0,0,194.68421052631578,0,1,0,1,0,0
1365,9,41,1,0,0,0,0,0,151.66666666666666,0,1,0,1,0,0
1732,9,41,1,0,0,0,0,0,192.44444444444446,0,1,0,1,0,0
2089,12,41,1,0,0,0,0,0,174.08333333333334,0,1,0,1,0,0
1212,9,41,1,0,0,0,0,0,134.66666666666666,0,1,0,1,0,0
1516,15,41,1,0,0,0,0,0,101.06666666666666,0,1,0,1,0,0
4212,21,41,1,0,0,0,0,0,200.57142857142858,0,1,0,1,0,0
2168,16,41,1,0,0,0,0,0,135.5,0,1,0,1,0,0
3742,17,41,1,0,0,0,0,0,220.11764705882354,0,1,0,1,0,0
4481,18,41,1,0,0,0,0,0,248.94444444444446,0,1,0,1,0,0
6424,10,65,0,0,0,1,0,0,642.4,0,1,0,0,0,1
5191,15,65,0,0,0,1,0,0,346.06666666666666,0,1,0,0,0,1
3511,13,65,0,0,0,1,0,0,270.0769230769231,0,1,0,0,0,1
6530,15,65,0,0,0,1,0,0,435.3333333333333,0,1,0,0,0,1
3576,5,65,0,0,0,1,0,0,715.2,0,1,0,0,0,1
5802,13,65,0,0,0,1,0,0,446.3076923076923,0,1,0,0,0,1
3221,6,65,0,0,0,1,0,0,536.8333333333334,0,1,0,0,0,1
6163,12,65,0,0,0,1,0,0,513.5833333333334,0,1,0,0,0,1
4864,10,65,0,0,0,1,0,0,486.4,0,1,0,0,0,1
6351,20,65,0,0,0,1,0,0,317.55,0,1,0,0,0,1
5565,18,65,0,0,0,1,0,0,309.1666666666667,0,1,0,0,0,1
3867,14,65,0,0,0,1,0,0,276.2142857142857,0,1,0,0,0,1
8462,16,19,1,0,0,1,0,0,528.875,0,1,1,0,0,0
7536,13,19,1,0,0,1,0,0,579.6923076923077,0,1,1,0,0,0
5141,9,19,1,0,0,1,0,0,571.2222222222222,0,1,1,0,0,0
5078,11,19,1,0,0,1,0,0,461.6363636363636,0,1,1,0,0,0
5339,11,19,1,0,0,1,0,0,485.3636363636364,0,1,1,0,0,0
4288,14,19,1,0,0,1,0,0,306.2857142857143,0,1,1,0,0,0
7330,13,19,1,0,0,1,0,0,563.8461538461538,0,1,1,0,0,0
8443,13,19,1,0,0,1,0,0,649.4615384615385,0,1,1,0,0,0
7454,7,19,1,0,0,1,0,0,1064.857142857143,0,1,1,0,0,0
6497,8,74,1,0,0,0,1,0,812.125,0,1,0,0,0,1
3437,15,74,1,0,0,0,1,0,229.13333333333333,0,1,0,0,0,1
6201,11,74,1,0,0,0,1,0,563.7272727272727,0,1,0,0,0,1
7745,8,74,1,0,0,0,1,0,968.125,0,1,0,0,0,1
8924,11,74,1,0,0,0,1,0,811.2727272727273,0,1,0,0,0,1
7436,13,74,1,0,0,0,1,0,572.0,0,1,0,0,0,1
4870,4,74,1,0,0,0,1,0,1217.5,0,1,0,0,0,1
4738,11,74,1,0,0,0,1,0,430.72727272727275,0,1,0,0,0,1
8031,15,74,1,0,0,0,1,0,535.4,0,1,0,0,0,1
6219,8,74,1,0,0,0,1,0,777.375,0,1,0,0,0,1
5304,18,74,1,0,0,0,1,0,294.6666666666667,0,1,0,0,0,1
6992,13,37,0,1,0,1,0,1,537.8461538461538,0,1,0,1,0,0
7823,10,37,0,1,0,1,0,1,782.3,0,1,0,1,0,0
6126,9,37,0,1,0,1,0,1,680.6666666666666,0,1,0,1,0,0
6700,6,37,0,1,0,1,0,1,1116.6666666666667,0,1,0,1,0,0
4785,7,37,0,1,0,1,0,1,683.5714285714286,0,1,0,1,0,0
8073,9,37,0,1,0,1,0,1,897.0,0,1,0,1,0,0
7502,14,37,0,1,0,1,0,1,535.8571428571429,0,1,0,1,0,0
5331,12,51,0,0,0,1,0,0,444.25,0,1,0,0,1,0
8357,23,51,0,0,0,1,0,0,363.3478260869565,0,1,0,0,1,0
5492,12,51,0,0,0,1,0,0,457.6666666666667,0,1,0,0,1,0
7214,10,51,0,0,0,1,0,0,721.4,0,1,0,0,1,0
6336,15,51,0,0,0,1,0,0,422.4,0,1,0,0,1,0
4987,12,51,0,0,0,1,0,0,415.5833333333333,0,1,0,0,1,0
5221,20,51,0,0,0,1,0,0,261.05,0,1,0,0,1,0
8160,17,51,0,0,0,1,0,0,480.0,0,1,0,0,1,0
8606,12,51,0,0,0,1,0,0,717.1666666666666,0,1,0,0,1,0
7657,8,72,0,0,0,1,0,0,957.125,0,1,0,0,0,1
7629,16,72,0,0,0,1,0,0,476.8125,0,1,0,0,0,1
7384,12,72,0,0,0,1,0,0,615.3333333333334,0,1,0,0,0,1
4458,7,72,0,0,0,1,0,0,636.8571428571429,0,1,0,0,0,1
7506,14,72,0,0,0,1,0,0,536.1428571428571,0,1,0,0,0,1
8245,8,79,1,0,0,0,0,0,1030.625,0,1,0,0,0,1
7728,16,79,1,0,0,0,0,0,483.0,0,1,0,0,0,1
6791,11,79,1,0,0,0,0,0,617.3636363636364,0,1,0,0,0,1
5631,11,79,1,0,0,0,0,0,511.90909090909093,0,1,0,0,0,1
5462,6,79,1,0,0,0,0,0,910.3333333333334,0,1,0,0,0,1
8364,17,79,1,0,0,0,0,0,492.0,0,1,0,0,0,1
8725,9,79,1,0,0,0,0,0,969.4444444444445,0,1,0,0,0,1
7526,10,79,1,0,0,0,0,0,752.6,0,1,0,0,0,1
8722,15,79,1,0,0,0,0,0,581.4666666666667,0,1,0,0,0,1
8491,21,54,1,0,0,0,0,0,404.3333333333333,0,1,0,0,1,0
6636,18,54,1,0,0,0,0,0,368.6666666666667,0,1,0,0,1,0
5516,10,54,1,0,0,0,0,0,551.6,0,1,0,0,1,0
8723,13,54,1,0,0,0,0,0,671.0,0,1,0,0,1,0
6118,8,54,1,0,0,0,0,0,764.75,0,1,0,0,1,0
8305,12,52,1,0,0,1,0,0,692.0833333333334,0,1,0,0,1,0
7456,19,52,1,0,0,1,0,0,392.42105263157896,0,1,0,0,1,0
7047,8,52,1,0,0,1,0,0,880.875,0,1,0,0,1,0
7533,15,52,1,0,0,1,0,0,502.2,0,1,0,0,1,0
3002,12,52,1,0,0,1,0,0,250.16666666666666,0,1,0,0,1,0
8869,8,52,1,0,0,1,0,0,1108.625,0,1,0,0,1,0
4595,14,26,0,1,0,0,0,1,328.2142857142857,0,1,0,1,0,0
6870,16,26,0,1,0,0,0,1,429.375,0,1,0,1,0,0
6179,5,26,0,1,0,0,0,1,1235.8,0,1,0,1,0,0
4644,10,26,0,1,0,0,0,1,464.4,0,1,0,1,0,0
3833,10,26,0,1,0,0,0,1,383.3,0,1,0,1,0,0
3602,13,26,0,1,0,0,0,1,277.0769230769231,0,1,0,1,0,0
4224,15,26,0,1,0,0,0,1,281.6,0,1,0,1,0,0
4791,16,26,0,1,0,0,0,1,299.4375,0,1,0,1,0,0
5063,14,26,0,1,0,0,0,1,361.64285714285717,0,1,0,1,0,0
3299,12,26,0,1,0,0,0,1,274.9166666666667,0,1,0,1,0,0
3706,17,26,0,1,0,0,0,1,218.0,0,1,0,1,0,0
4857,9,26,0,1,0,0,0,1,539.6666666666666,0,1,0,1,0,0
4667,16,36,1,0,0,1,1,0,291.6875,0,1,0,1,0,0
4702,23,36,1,0,0,1,1,0,204.43478260869566,0,1,0,1,0,0
4622,9,36,1,0,0,1,1,0,513.5555555555555,0,1,0,1,0,0
1791,10,36,1,0,0,1,1,0,179.1,0,1,0,1,0,0
3045,10,36,1,0,0,1,1,0,304.5,0,1,0,1,0,0
6443,11,36,1,0,0,1,1,0,585.7272727272727,0,1,0,1,0,0
4632,14,36,1,0,0,1,1,0,330.85714285714283,0,1,0,1,0,0
6070,9,36,1,0,0,1,1,0,674.4444444444445,0,1,0,1,0,0
4682,7,36,1,0,0,1,1,0,668.8571428571429,0,1,0,1,0,0
4020,16,36,1,0,0,1,1,0,251.25,0,1,0,1,0,0
6977,15,36,1,0,0,1,1,0,465.1333333333333,0,1,0,1,0,0
7026,14,58,1,0,0,0,0,0,501.85714285714283,0,1,0,0,1,0
8659,12,58,1,0,0,0,0,0,721.5833333333334,0,1,0,0,1,0
4701,4,58,1,0,0,0,0,0,1175.25,0,1,0,0,1,0
2730,13,20,1,0,1,1,0,1,210.0,0,1,1,0,0,0
2343,14,20,1,0,1,1,0,1,167.35714285714286,0,1,1,0,0,0
5907,12,20,1,0,1,1,0,1,492.25,0,1,1,0,0,0
2590,15,20,1,0,1,1,0,1,172.66666666666666,0,1,1,0,0,0
2379,7,20,1,0,1,1,0,1,339.85714285714283,0,1,1,0,0,0
3258,14,20,1,0,1,1,0,1,232.71428571428572,0,1,1,0,0,0
1345,15,20,1,0,1,1,0,1,89.66666666666667,0,1,1,0,0,0
1944,14,20,1,0,1,1,0,1,138.85714285714286,0,1,1,0,0,0
2194,12,20,1,0,1,1,0,1,182.83333333333334,0,1,1,0,0,0
3826,13,20,1,0,1,1,0,1,294.3076923076923,0,1,1,0,0,0
2560,7,20,1,0,1,1,0,1,365.7142857142857,0,1,1,0,0,0
7260,18,20,1,0,1,1,0,1,403.3333333333333,0,1,1,0,0,0
5059,20,31,0,0,0,0,0,0,252.95,0,1,0,1,0,0
8106,18,31,0,0,0,0,0,0,450.3333333333333,0,1,0,1,0,0
3467,9,31,0,0,0,0,0,0,385.22222222222223,0,1,0,1,0,0
4601,9,31,0,0,0,0,0,0,511.22222222222223,0,1,0,1,0,0
3810,19,31,0,0,0,0,0,0,200.52631578947367,0,1,0,1,0,0
5966,15,31,0,0,0,0,0,0,397.73333333333335,0,1,0,1,0,0
5419,13,31,0,0,0,0,0,0,416.84615384615387,0,1,0,1,0,0
6799,13,31,0,0,0,0,0,0,523.0,0,1,0,1,0,0
4506,15,31,0,0,0,0,0,0,300.4,0,1,0,1,0,0
7010,15,31,0,0,0,0,0,0,467.3333333333333,0,1,0,1,0,0
6765,11,31,0,0,0,0,0,0,615.0,0,1,0,1,0,0
5804,6,40,0,1,0,1,0,1,967.3333333333334,0,1,0,1,0,0
6957,15,40,0,1,0,1,0,1,463.8,0,1,0,1,0,0
8095,12,40,0,1,0,1,0,1,674.5833333333334,0,1,0,1,0,0
6960,11,44,0,0,0,0,0,0,632.7272727272727,0,1,0,1,0,0
6104,14,44,0,0,0,0,0,0,436.0,0,1,0,1,0,0
8781,16,44,0,0,0,0,0,0,548.8125,0,1,0,1,0,0
6862,12,44,0,0,0,0,0,0,571.8333333333334,0,1,0,1,0,0
7658,16,44,0,0,0,0,0,0,478.625,0,1,0,1,0,0
5782,8,44,0,0,0,0,0,0,722.75,0,1,0,1,0,0
6988,11,44,0,0,0,0,0,0,635.2727272727273,0,1,0,1,0,0
4667,19,40,0,0,0,1,0,0,245.6315789473684,0,1,0,1,0,0
6606,10,40,0,0,0,1,0,0,660.6,0,1,0,1,0,0
7329,11,40,0,0,0,1,0,0,666.2727272727273,0,1,0,1,0,0
7845,12,40,0,0,0,1,0,0,653.75,0,1,0,1,0,0
7942,15,40,0,0,0,1,0,0,529.4666666666667,0,1,0,1,0,0
8988,19,40,0,0,0,1,0,0,473.05263157894734,0,1,0,1,0,0
8494,10,40,0,0,0,1,0,0,849.4,0,1,0,1,0,0
5107,8,40,0,0,0,1,0,0,638.375,0,1,0,1,0,0
5852,14,40,0,0,0,1,0,0,418.0,0,1,0,1,0,0
2375,10,75,0,1,1,1,0,1,237.5,0,1,0,0,0,1
1154,17,75,0,1,1,1,0,1,67.88235294117646,0,1,0,0,0,1
2297,13,75,0,1,1,1,0,1,176.69230769230768,0,1,0,0,0,1
1667,12,75,0,1,1,1,0,1,138.91666666666666,0,1,0,0,0,1
1827,14,75,0,1,1,1,0,1,130.5,0,1,0,0,0,1
1280,13,75,0,1,1,1,0,1,98.46153846153847,0,1,0,0,0,1
1886,7,75,0,1,1,1,0,1,269.42857142857144,0,1,0,0,0,1
2183,12,75,0,1,1,1,0,1,181.91666666666666,0,1,0,0,0,1
645,7,75,0,1,1,1,0,1,92.14285714285714,0,1,0,0,0,1
6424,22,75,0,1,1,1,0,1,292.0,0,1,0,0,0,1
4937,14,75,0,1,1,1,0,1,352.64285714285717,0,1,0,0,0,1
2362,11,75,0,1,1,1,0,1,214.72727272727272,0,1,0,0,0,1
6940,14,52,1,1,0,0,0,1,495.7142857142857,0,1,0,0,1,0
7572,12,52,1,1,0,0,0,1,631.0,0,1,0,0,1,0
8934,11,37,1,0,0,0,1,0,812.1818181818181,0,1,0,1,0,0
8641,12,37,1,0,0,0,1,0,720.0833333333334,0,1,0,1,0,0
8225,23,37,1,0,0,0,1,0,357.60869565217394,0,1,0,1,0,0
8546,8,37,1,0,0,0,1,0,1068.25,0,1,0,1,0,0
3082,11,70,0,0,0,0,0,0,280.1818181818182,0,1,0,0,0,1
4881,12,70,0,0,0,0,0,0,406.75,0,1,0,0,0,1
7436,17,70,0,0,0,0,0,0,437.4117647058824,0,1,0,0,0,1
7405,15,70,0,0,0,0,0,0,493.6666666666667,0,1,0,0,0,1
8098,11,70,0,0,0,0,0,0,736.1818181818181,0,1,0,0,0,1
8918,12,70,0,0,0,0,0,0,743.1666666666666,0,1,0,0,0,1
6266,15,70,0,0,0,0,0,0,417.73333333333335,0,1,0,0,0,1
2538,12,70,0,0,0,0,0,0,211.5,0,1,0,0,0,1
4313,16,70,0,0,0,0,0,0,269.5625,0,1,0,0,0,1
4531,16,70,0,0,0,0,0,0,283.1875,0,1,0,0,0,1
6551,12,70,0,0,0,0,0,0,545.9166666666666,0,1,0,0,0,1
5658,13,70,0,0,0,0,0,0,435.2307692307692,0,1,0,0,0,1
8453,20,57,1,0,0,0,0,0,422.65,0,1,0,0,1,0
3594,7,57,1,0,0,0,0,0,513.4285714285714,0,1,0,0,1,0
2729,19,57,1,0,0,0,0,0,143.6315789473684,0,1,0,0,1,0
2983,15,57,1,0,0,0,0,0,198.86666666666667,0,1,0,0,1,0
4292,12,57,1,0,0,0,0,0,357.6666666666667,0,1,0,0,1,0
994,9,57,1,0,0,0,0,0,110.44444444444444,0,1,0,0,1,0
1790,11,57,1,0,0,0,0,0,162.72727272727272,0,1,0,0,1,0
3355,17,57,1,0,0,0,0,0,197.35294117647058,0,1,0,0,1,0
2668,13,57,1,0,0,0,0,0,205.23076923076923,0,1,0,0,1,0
2936,11,57,1,0,0,0,0,0,266.90909090909093,0,1,0,0,1,0
2284,14,57,1,0,0,0,0,0,163.14285714285714,0,1,0,0,1,0
5735,14,57,1,0,0,0,0,0,409.64285714285717,0,1,0,0,1,0
7438,18,24,1,0,0,0,0,0,413.22222222222223,0,1,1,0,0,0
7207,13,24,1,0,0,0,0,0,554.3846153846154,0,1,1,0,0,0
8515,12,24,1,0,0,0,0,0,709.5833333333334,0,1,1,0,0,0
8241,12,24,1,0,0,0,0,0,686.75,0,1,1,0,0,0
4223,17,21,1,1,1,1,0,1,248.41176470588235,0,1,1,0,0,0
2675,13,21,1,1,1,1,0,1,205.76923076923077,0,1,1,0,0,0
4216,12,21,1,1,1,1,0,1,351.3333333333333,0,1,1,0,0,0
5691,12,21,1,1,1,1,0,1,474.25,0,1,1,0,0,0
4109,18,21,1,1,1,1,0,1,228.27777777777777,0,1,1,0,0,0
4827,13,21,1,1,1,1,0,1,371.3076923076923,0,1,1,0,0,0
2706,6,21,1,1,1,1,0,1,451.0,0,1,1,0,0,0
4410,10,21,1,1,1,1,0,1,441.0,0,1,1,0,0,0
4780,13,21,1,1,1,1,0,1,367.6923076923077,0,1,1,0,0,0
3020,6,21,1,1,1,1,0,1,503.3333333333333,0,1,1,0,0,0
4775,17,21,1,1,1,1,0,1,280.88235294117646,0,1,1,0,0,0
3661,13,21,1,1,1,1,0,1,281.61538461538464,0,1,1,0,0,0
8737,12,38,1,0,0,1,1,0,728.0833333333334,0,1,0,1,0,0
7644,16,38,1,0,0,1,1,0,477.75,0,1,0,1,0,0
6327,14,38,1,0,0,1,1,0,451.92857142857144,0,1,0,1,0,0
8234,12,38,1,0,0,1,1,0,686.1666666666666,0,1,0,1,0,0
1905,7,38,1,0,0,1,1,0,272.14285714285717,0,1,0,1,0,0
6230,6,63,0,0,0,1,0,0,1038.3333333333333,0,1,0,0,1,0
7571,12,63,0,0,0,1,0,0,630.9166666666666,0,1,0,0,1,0
5839,12,63,0,0,0,1,0,0,486.5833333333333,0,1,0,0,1,0
6541,14,63,0,0,0,1,0,0,467.2142857142857,0,1,0,0,1,0
2550,8,63,0,0,0,1,0,0,318.75,0,1,0,0,1,0
7377,16,63,0,0,0,1,0,0,461.0625,0,1,0,0,1,0
4857,9,63,0,0,0,1,0,0,539.6666666666666,0,1,0,0,1,0
8629,9,63,0,0,0,1,0,0,958.7777777777778,0,1,0,0,1,0
3224,10,63,0,0,0,1,0,0,322.4,0,1,0,0,1,0
3547,6,63,0,0,0,1,0,0,591.1666666666666,0,1,0,0,1,0
1911,7,45,1,0,0,0,1,0,273.0,0,1,0,0,1,0
1966,6,45,1,0,0,0,1,0,327.6666666666667,0,1,0,0,1,0
3053,12,45,1,0,0,0,1,0,254.41666666666666,0,1,0,0,1,0
3902,11,45,1,0,0,0,1,0,354.72727272727275,0,1,0,0,1,0
3172,23,45,1,0,0,0,1,0,137.91304347826087,0,1,0,0,1,0
3800,12,45,1,0,0,0,1,0,316.6666666666667,0,1,0,0,1,0
2509,9,45,1,0,0,0,1,0,278.77777777777777,0,1,0,0,1,0
3239,18,45,1,0,0,0,1,0,179.94444444444446,0,1,0,0,1,0
2989,12,45,1,0,0,0,1,0,249.08333333333334,0,1,0,0,1,0
4418,21,45,1,0,0,0,1,0,210.38095238095238,0,1,0,0,1,0
3171,11,45,1,0,0,0,1,0,288.27272727272725,0,1,0,0,1,0
3295,18,45,1,0,0,0,1,0,183.05555555555554,0,1,0,0,1,0
5586,12,19,0,0,0,0,0,0,465.5,0,1,1,0,0,0
7343,12,19,0,0,0,0,0,0,611.9166666666666,0,1,1,0,0,0
5664,10,19,0,0,0,0,0,0,566.4,0,1,1,0,0,0
6804,5,19,0,0,0,0,0,0,1360.8,0,1,1,0,0,0
6475,18,19,0,0,0,0,0,0,359.72222222222223,0,1,1,0,0,0
6953,12,19,0,0,0,0,0,0,579.4166666666666,0,1,1,0,0,0
6427,14,19,0,0,0,0,0,0,459.07142857142856,0,1,1,0,0,0
6330,12,38,0,0,0,0,1,0,527.5,0,1,0,1,0,0
3542,9,38,0,0,0,0,1,0,393.55555555555554,0,1,0,1,0,0
7405,23,38,0,0,0,0,1,0,321.95652173913044,0,1,0,1,0,0
7184,12,38,0,0,0,0,1,0,598.6666666666666,0,1,0,1,0,0
5604,9,38,0,0,0,0,1,0,622.6666666666666,0,1,0,1,0,0
8518,24,38,0,0,0,0,1,0,354.9166666666667,0,1,0,1,0,0
5773,11,38,0,0,0,0,1,0,524.8181818181819,0,1,0,1,0,0
7654,18,38,0,0,0,0,1,0,425.22222222222223,0,1,0,1,0,0
5054,14,38,0,0,0,0,1,0,361.0,0,1,0,1,0,0
6377,15,38,0,0,0,0,1,0,425.1333333333333,0,1,0,1,0,0
4702,9,78,0,0,0,0,0,0,522.4444444444445,0,1,0,0,0,1
8018,19,78,0,0,0,0,0,0,422.0,0,1,0,0,0,1
8738,13,78,0,0,0,0,0,0,672.1538461538462,0,1,0,0,0,1
5332,12,78,0,0,0,0,0,0,444.3333333333333,0,1,0,0,0,1
8139,11,78,0,0,0,0,0,0,739.9090909090909,0,1,0,0,0,1
5731,15,78,0,0,0,0,0,0,382.06666666666666,0,1,0,0,0,1
7893,11,70,1,0,1,0,0,1,717.5454545454545,0,1,0,0,0,1
5864,14,70,1,0,1,0,0,1,418.85714285714283,0,1,0,0,0,1
6264,15,70,1,0,1,0,0,1,417.6,0,1,0,0,0,1
5823,9,21,0,1,0,0,0,1,647.0,0,1,1,0,0,0
6142,11,21,0,1,0,0,0,1,558.3636363636364,0,1,1,0,0,0
2417,5,21,0,1,0,0,0,1,483.4,0,1,1,0,0,0
8139,16,21,0,1,0,0,0,1,508.6875,0,1,1,0,0,0
4677,13,21,0,1,0,0,0,1,359.7692307692308,0,1,1,0,0,0
5002,15,21,0,1,0,0,0,1,333.46666666666664,0,1,1,0,0,0
7100,10,21,0,1,0,0,0,1,710.0,0,1,1,0,0,0
6112,11,21,0,1,0,0,0,1,555.6363636363636,0,1,1,0,0,0
4327,11,21,0,1,0,0,0,1,393.3636363636364,0,1,1,0,0,0
6270,15,21,0,1,0,0,0,1,418.0,0,1,1,0,0,0
8078,15,21,0,1,0,0,0,1,538.5333333333333,0,1,1,0,0,0
4814,5,46,0,0,0,1,0,0,962.8,0,1,0,0,1,0
4794,16,46,0,0,0,1,0,0,299.625,0,1,0,0,1,0
2914,9,46,0,0,0,1,0,0,323.77777777777777,0,1,0,0,1,0
2201,13,46,0,0,0,1,0,0,169.30769230769232,0,1,0,0,1,0
4969,21,46,0,0,0,1,0,0,236.61904761904762,0,1,0,0,1,0
8322,19,46,0,0,0,1,0,0,438.0,0,1,0,0,1,0
4631,9,46,0,0,0,1,0,0,514.5555555555555,0,1,0,0,1,0
2054,8,46,0,0,0,1,0,0,256.75,0,1,0,0,1,0
3291,14,46,0,0,0,1,0,0,235.07142857142858,0,1,0,0,1,0
2746,12,46,0,0,0,1,0,0,228.83333333333334,0,1,0,0,1,0
4801,12,46,0,0,0,1,0,0,400.0833333333333,0,1,0,0,1,0
3294,18,46,0,0,0,1,0,0,183.0,0,1,0,0,1,0
3422,14,78,0,1,0,1,0,1,244.42857142857142,0,1,0,0,0,1
2633,11,78,0,1,0,1,0,1,239.36363636363637,0,1,0,0,0,1
2904,14,78,0,1,0,1,0,1,207.42857142857142,0,1,0,0,0,1
3241,11,78,0,1,0,1,0,1,294.6363636363636,0,1,0,0,0,1
3757,14,78,0,1,0,1,0,1,268.35714285714283,0,1,0,0,0,1
2503,9,78,0,1,0,1,0,1,278.1111111111111,0,1,0,0,0,1
2318,11,78,0,1,0,1,0,1,210.72727272727272,0,1,0,0,0,1
2242,12,78,0,1,0,1,0,1,186.83333333333334,0,1,0,0,0,1
5107,18,78,0,1,0,1,0,1,283.72222222222223,0,1,0,0,0,1
3159,10,78,0,1,0,1,0,1,315.9,0,1,0,0,0,1
2591,8,78,0,1,0,1,0,1,323.875,0,1,0,0,0,1
3332,20,35,0,0,0,0,0,0,166.6,0,1,0,1,0,0
2741,7,35,0,0,0,0,0,0,391.57142857142856,0,1,0,1,0,0
2389,8,35,0,0,0,0,0,0,298.625,0,1,0,1,0,0
1667,15,35,0,0,0,0,0,0,111.13333333333334,0,1,0,1,0,0
2033,9,35,0,0,0,0,0,0,225.88888888888889,0,1,0,1,0,0
3295,4,35,0,0,0,0,0,0,823.75,0,1,0,1,0,0
2530,7,35,0,0,0,0,0,0,361.42857142857144,0,1,0,1,0,0
2771,14,35,0,0,0,0,0,0,197.92857142857142,0,1,0,1,0,0
2299,16,35,0,0,0,0,0,0,143.6875,0,1,0,1,0,0
3041,8,35,0,0,0,0,0,0,380.125,0,1,0,1,0,0
2319,9,35,0,0,0,0,0,0,257.6666666666667,0,1,0,1,0,0
6213,16,35,0,0,0,0,0,0,388.3125,0,1,0,1,0,0
7171,14,40,0,0,1,1,0,1,512.2142857142857,0,1,0,1,0,0
5772,15,40,0,0,1,1,0,1,384.8,0,1,0,1,0,0
7151,10,40,0,0,1,1,0,1,715.1,0,1,0,1,0,0
2781,7,40,0,0,1,1,0,1,397.2857142857143,0,1,0,1,0,0
7895,13,83,0,1,0,0,0,1,607.3076923076923,0,1,0,0,0,1
4951,14,83,0,1,0,0,0,1,353.64285714285717,0,1,0,0,0,1
5741,17,83,0,1,0,0,0,1,337.70588235294116,0,1,0,0,0,1
6636,13,83,0,1,0,0,0,1,510.46153846153845,0,1,0,0,0,1
2370,5,83,0,1,0,0,0,1,474.0,0,1,0,0,0,1
3897,12,83,0,1,0,0,0,1,324.75,0,1,0,0,0,1
3996,12,83,0,1,0,0,0,1,333.0,0,1,0,0,0,1
4527,9,83,0,1,0,0,0,1,503.0,0,1,0,0,0,1
4954,8,83,0,1,0,0,0,1,619.25,0,1,0,0,0,1
3659,13,83,0,1,0,0,0,1,281.46153846153845,0,1,0,0,0,1
4636,7,83,0,1,0,0,0,1,662.2857142857143,0,1,0,0,0,1
6098,9,83,0,1,0,0,0,1,677.5555555555555,0,1,0,0,0,1
6432,17,60,0,0,0,1,0,0,378.3529411764706,0,1,0,0,1,0
2639,17,60,0,0,0,1,0,0,155.23529411764707,0,1,0,0,1,0
7884,14,60,0,0,0,1,0,0,563.1428571428571,0,1,0,0,1,0
8716,6,60,0,0,0,1,0,0,1452.6666666666667,0,1,0,0,1,0
7179,15,60,0,0,0,1,0,0,478.6,0,1,0,0,1,0
4688,13,60,0,0,0,1,0,0,360.61538461538464,0,1,0,0,1,0
3046,10,77,0,0,0,0,0,0,304.6,0,1,0,0,0,1
3101,15,77,0,0,0,0,0,0,206.73333333333332,0,1,0,0,0,1
2846,10,77,0,0,0,0,0,0,284.6,0,1,0,0,0,1
2650,11,77,0,0,0,0,0,0,240.9090909090909,0,1,0,0,0,1
3362,10,77,0,0,0,0,0,0,336.2,0,1,0,0,0,1
1948,12,77,0,0,0,0,0,0,162.33333333333334,0,1,0,0,0,1
4788,16,77,0,0,0,0,0,0,299.25,0,1,0,0,0,1
3161,14,77,0,0,0,0,0,0,225.78571428571428,0,1,0,0,0,1
5544,11,77,0,0,0,0,0,0,504.0,0,1,0,0,0,1
3659,12,77,0,0,0,0,0,0,304.9166666666667,0,1,0,0,0,1
5907,10,77,0,0,0,0,0,0,590.7,0,1,0,0,0,1
1539,10,77,0,0,0,0,0,0,153.9,0,1,0,0,0,1
2924,17,27,0,0,0,1,0,0,172.0,0,1,0,1,0,0
3072,13,27,0,0,0,1,0,0,236.30769230769232,0,1,0,1,0,0
3093,14,27,0,0,0,1,0,0,220.92857142857142,0,1,0,1,0,0
2276,13,27,0,0,0,1,0,0,175.07692307692307,0,1,0,1,0,0
2430,10,27,0,0,0,1,0,0,243.0,0,1,0,1,0,0
2546,10,27,0,0,0,1,0,0,254.6,0,1,0,1,0,0
2568,10,27,0,0,0,1,0,0,256.8,0,1,0,1,0,0
2919,8,27,0,0,0,1,0,0,364.875,0,1,0,1,0,0
3316,22,27,0,0,0,1,0,0,150.72727272727272,0,1,0,1,0,0
2103,10,27,0,0,0,1,0,0,210.3,0,1,0,1,0,0
3682,15,27,0,0,0,1,0,0,245.46666666666667,0,1,0,1,0,0
5338,11,43,1,0,0,0,0,0,485.27272727272725,0,1,0,1,0,0
3508,9,43,1,0,0,0,0,0,389.77777777777777,0,1,0,1,0,0
8464,18,43,1,0,0,0,0,0,470.22222222222223,0,1,0,1,0,0
8580,9,43,1,0,0,0,0,0,953.3333333333334,0,1,0,1,0,0
8899,12,43,1,0,0,0,0,0,741.5833333333334,0,1,0,1,0,0
7475,11,43,1,0,0,0,0,0,679.5454545454545,0,1,0,1,0,0
7539,16,43,1,0,0,0,0,0,471.1875,0,1,0,1,0,0
6849,9,43,1,0,0,0,0,0,761.0,0,1,0,1,0,0
5692,9,43,1,0,0,0,0,0,632.4444444444445,0,1,0,1,0,0
4239,6,24,0,0,0,0,0,0,706.5,0,1,1,0,0,0
3674,14,24,0,0,0,0,0,0,262.42857142857144,0,1,1,0,0,0
5423,20,24,0,0,0,0,0,0,271.15,0,1,1,0,0,0
4555,13,24,0,0,0,0,0,0,350.38461538461536,0,1,1,0,0,0
7490,14,24,0,0,0,0,0,0,535.0,0,1,1,0,0,0
5313,12,24,0,0,0,0,0,0,442.75,0,1,1,0,0,0
2989,16,24,0,0,0,0,0,0,186.8125,0,1,1,0,0,0
3093,9,24,0,0,0,0,0,0,343.6666666666667,0,1,1,0,0,0
4285,14,24,0,0,0,0,0,0,306.07142857142856,0,1,1,0,0,0
3834,12,24,0,0,0,0,0,0,319.5,0,1,1,0,0,0
4816,10,24,0,0,0,0,0,0,481.6,0,1,1,0,0,0
4508,17,24,0,0,0,0,0,0,265.1764705882353,0,1,1,0,0,0
1922,10,68,0,0,0,0,0,0,192.2,0,1,0,0,0,1
2626,16,68,0,0,0,0,0,0,164.125,0,1,0,0,0,1
4928,11,68,0,0,0,0,0,0,448.0,0,1,0,0,0,1
2781,19,68,0,0,0,0,0,0,146.3684210526316,0,1,0,0,0,1
1764,12,68,0,0,0,0,0,0,147.0,0,1,0,0,0,1
2733,9,68,0,0,0,0,0,0,303.6666666666667,0,1,0,0,0,1
2842,14,68,0,0,0,0,0,0,203.0,0,1,0,0,0,1
2191,12,68,0,0,0,0,0,0,182.58333333333334,0,1,0,0,0,1
4121,19,68,0,0,0,0,0,0,216.89473684210526,0,1,0,0,0,1
2613,10,68,0,0,0,0,0,0,261.3,0,1,0,0,0,1
4258,12,68,0,0,0,0,0,0,354.8333333333333,0,1,0,0,0,1
1840,5,68,0,0,0,0,0,0,368.0,0,1,0,0,0,1
8839,14,35,1,0,0,1,0,0,631.3571428571429,0,1,0,1,0,0
7270,10,35,1,0,0,1,0,0,727.0,0,1,0,1,0,0
8957,17,35,1,0,0,1,0,0,526.8823529411765,0,1,0,1,0,0
7785,5,35,1,0,0,1,0,0,1557.0,0,1,0,1,0,0
8611,11,35,1,0,0,1,0,0,782.8181818181819,0,1,0,1,0,0
8792,14,35,1,0,0,1,0,0,628.0,0,1,0,1,0,0
7436,13,35,1,0,0,1,0,0,572.0,0,1,0,1,0,0
6243,14,35,1,0,0,1,0,0,445.92857142857144,0,1,0,1,0,0
8316,9,35,1,0,0,1,0,0,924.0,0,1,0,1,0,0
2190,9,44,1,0,0,1,0,0,243.33333333333334,0,1,0,1,0,0
4048,14,44,1,0,0,1,0,0,289.14285714285717,0,1,0,1,0,0
4417,13,44,1,0,0,1,0,0,339.7692307692308,0,1,0,1,0,0
3362,10,44,1,0,0,1,0,0,336.2,0,1,0,1,0,0
2049,8,44,1,0,0,1,0,0,256.125,0,1,0,1,0,0
2682,7,44,1,0,0,1,0,0,383.14285714285717,0,1,0,1,0,0
5958,3,44,1,0,0,1,0,0,1986.0,0,1,0,1,0,0
2967,21,44,1,0,0,1,0,0,141.28571428571428,0,1,0,1,0,0
3089,12,44,1,0,0,1,0,0,257.4166666666667,0,1,0,1,0,0
2953,9,44,1,0,0,1,0,0,328.1111111111111,0,1,0,1,0,0
4433,15,44,1,0,0,1,0,0,295.53333333333336,0,1,0,1,0,0
2391,12,44,1,0,0,1,0,0,199.25,0,1,0,1,0,0
8579,21,25,0,0,0,0,0,0,408.5238095238095,0,1,0,1,0,0
4192,10,25,0,0,0,0,0,0,419.2,0,1,0,1,0,0
3468,20,25,0,0,0,0,0,0,173.4,0,1,0,1,0,0
4196,16,25,0,0,0,0,0,0,262.25,0,1,0,1,0,0
3343,7,25,0,0,0,0,0,0,477.57142857142856,0,1,0,1,0,0
4270,27,25,0,0,0,0,0,0,158.14814814814815,0,1,0,1,0,0
4715,9,25,0,0,0,0,0,0,523.8888888888889,0,1,0,1,0,0
4779,21,25,0,0,0,0,0,0,227.57142857142858,0,1,0,1,0,0
3835,18,25,0,0,0,0,0,0,213.05555555555554,0,1,0,1,0,0
3767,11,25,0,0,0,0,0,0,342.45454545454544,0,1,0,1,0,0
4728,13,25,0,0,0,0,0,0,363.6923076923077,0,1,0,1,0,0
5146,14,25,0,0,0,0,0,0,367.57142857142856,0,1,0,1,0,0
2172,7,74,1,0,0,0,0,0,310.2857142857143,0,1,0,0,0,1
4706,13,74,1,0,0,0,0,0,362.0,0,1,0,0,0,1
6926,16,74,1,0,0,0,0,0,432.875,0,1,0,0,0,1
4101,13,74,1,0,0,0,0,0,315.46153846153845,0,1,0,0,0,1
5035,12,74,1,0,0,0,0,0,419.5833333333333,0,1,0,0,0,1
4340,13,74,1,0,0,0,0,0,333.84615384615387,0,1,0,0,0,1
8834,24,74,1,0,0,0,0,0,368.0833333333333,0,1,0,0,0,1
5351,14,74,1,0,0,0,0,0,382.2142857142857,0,1,0,0,0,1
3897,9,74,1,0,0,0,0,0,433.0,0,1,0,0,0,1
3746,11,74,1,0,0,0,0,0,340.54545454545456,0,1,0,0,0,1
5559,23,85,0,0,1,0,0,1,241.69565217391303,0,1,0,0,0,1
5328,8,85,0,0,1,0,0,1,666.0,0,1,0,0,0,1
4044,15,85,0,0,1,0,0,1,269.6,0,1,0,0,0,1
2118,13,85,0,0,1,0,0,1,162.92307692307693,0,1,0,0,0,1
5039,10,85,0,0,1,0,0,1,503.9,0,1,0,0,0,1
2644,10,85,0,0,1,0,0,1,264.4,0,1,0,0,0,1
4317,16,85,0,0,1,0,0,1,269.8125,0,1,0,0,0,1
4090,14,85,0,0,1,0,0,1,292.14285714285717,0,1,0,0,0,1
4072,16,85,0,0,1,0,0,1,254.5,0,1,0,0,0,1
4318,12,85,0,0,1,0,0,1,359.8333333333333,0,1,0,0,0,1
1263,7,85,0,0,1,0,0,1,180.42857142857142,0,1,0,0,0,1
6848,13,85,0,0,1,0,0,1,526.7692307692307,0,1,0,0,0,1
1734,15,84,0,0,0,0,0,0,115.6,0,1,0,0,0,1
5526,11,84,0,0,0,0,0,0,502.3636363636364,0,1,0,0,0,1
2760,12,84,0,0,0,0,0,0,230.0,0,1,0,0,0,1
1653,12,84,0,0,0,0,0,0,137.75,0,1,0,0,0,1
1354,15,84,0,0,0,0,0,0,90.26666666666667,0,1,0,0,0,1
2187,12,84,0,0,0,0,0,0,182.25,0,1,0,0,0,1
4195,13,84,0,0,0,0,0,0,322.6923076923077,0,1,0,0,0,1
5727,13,84,0,0,0,0,0,0,440.53846153846155,0,1,0,0,0,1
3155,12,84,0,0,0,0,0,0,262.9166666666667,0,1,0,0,0,1
1411,16,84,0,0,0,0,0,0,88.1875,0,1,0,0,0,1
4651,22,84,0,0,0,0,0,0,211.4090909090909,0,1,0,0,0,1
1434,12,84,0,0,0,0,0,0,119.5,0,1,0,0,0,1
5648,18,68,1,0,0,1,0,0,313.77777777777777,0,1,0,0,0,1
5333,12,68,1,0,0,1,0,0,444.4166666666667,0,1,0,0,0,1
4795,12,68,1,0,0,1,0,0,399.5833333333333,0,1,0,0,0,1
5881,19,68,1,0,0,1,0,0,309.5263157894737,0,1,0,0,0,1
1954,4,68,1,0,0,1,0,0,488.5,0,1,0,0,0,1
4026,8,68,1,0,0,1,0,0,503.25,0,1,0,0,0,1
4672,11,68,1,0,0,1,0,0,424.72727272727275,0,1,0,0,0,1
7586,15,68,1,0,0,1,0,0,505.73333333333335,0,1,0,0,0,1
8130,9,68,1,0,0,1,0,0,903.3333333333334,0,1,0,0,0,1
6005,16,68,1,0,0,1,0,0,375.3125,0,1,0,0,0,1
7275,13,68,1,0,0,1,0,0,559.6153846153846,0,1,0,0,0,1
7869,11,23,0,1,1,1,0,1,715.3636363636364,0,1,1,0,0,0
6330,11,23,0,1,1,1,0,1,575.4545454545455,0,1,1,0,0,0
8138,13,23,0,1,1,1,0,1,626.0,0,1,1,0,0,0
7548,10,23,0,1,1,1,0,1,754.8,0,1,1,0,0,0
6007,15,23,0,1,1,1,0,1,400.46666666666664,0,1,1,0,0,0
7406,17,23,0,1,1,1,0,1,435.6470588235294,0,1,1,0,0,0
5377,10,23,0,1,1,1,0,1,537.7,0,1,1,0,0,0
6501,14,50,0,0,0,1,0,0,464.35714285714283,0,1,0,0,1,0
4676,10,50,0,0,0,1,0,0,467.6,0,1,0,0,1,0
4249,14,50,0,0,0,1,0,0,303.5,0,1,0,0,1,0
3859,12,50,0,0,0,1,0,0,321.5833333333333,0,1,0,0,1,0
4055,13,50,0,0,0,1,0,0,311.9230769230769,0,1,0,0,1,0
3106,14,50,0,0,0,1,0,0,221.85714285714286,0,1,0,0,1,0
3901,12,50,0,0,0,1,0,0,325.0833333333333,0,1,0,0,1,0
4351,16,50,0,0,0,1,0,0,271.9375,0,1,0,0,1,0
5030,17,50,0,0,0,1,0,0,295.88235294117646,0,1,0,0,1,0
3295,9,50,0,0,0,1,0,0,366.1111111111111,0,1,0,0,1,0
4771,13,50,0,0,0,1,0,0,367.0,0,1,0,0,1,0
3775,16,50,0,0,0,1,0,0,235.9375,0,1,0,0,1,0
7949,15,67,0,0,0,0,0,0,529.9333333333333,0,1,0,0,0,1
4833,10,67,0,0,0,0,0,0,483.3,0,1,0,0,0,1
6383,16,67,0,0,0,0,0,0,398.9375,0,1,0,0,0,1
5365,11,67,0,0,0,0,0,0,487.72727272727275,0,1,0,0,0,1
6882,8,67,0,0,0,0,0,0,860.25,0,1,0,0,0,1
7909,15,67,0,0,0,0,0,0,527.2666666666667,0,1,0,0,0,1
6882,17,67,0,0,0,0,0,0,404.8235294117647,0,1,0,0,0,1
8274,9,67,0,0,0,0,0,0,919.3333333333334,0,1,0,0,0,1
7864,11,67,0,0,0,0,0,0,714.9090909090909,0,1,0,0,0,1
8514,12,67,0,0,0,0,0,0,709.5,0,1,0,0,0,1
3394,12,67,0,0,0,0,0,0,282.8333333333333,0,1,0,0,0,1
5118,11,69,0,1,0,1,0,1,465.27272727272725,0,1,0,0,0,1
5926,12,69,0,1,0,1,0,1,493.8333333333333,0,1,0,0,0,1
7405,17,69,0,1,0,1,0,1,435.5882352941176,0,1,0,0,0,1
4412,15,69,0,1,0,1,0,1,294.1333333333333,0,1,0,0,0,1
6706,13,69,0,1,0,1,0,1,515.8461538461538,0,1,0,0,0,1
4988,11,69,0,1,0,1,0,1,453.45454545454544,0,1,0,0,0,1
5132,12,69,0,1,0,1,0,1,427.6666666666667,0,1,0,0,0,1
3220,13,69,0,1,0,1,0,1,247.69230769230768,0,1,0,0,0,1
3843,12,69,0,1,0,1,0,1,320.25,0,1,0,0,0,1
6304,8,69,0,1,0,1,0,1,788.0,0,1,0,0,0,1
5323,17,69,0,1,0,1,0,1,313.11764705882354,0,1,0,0,0,1
3278,9,71,0,0,0,1,0,0,364.22222222222223,0,1,0,0,0,1
7703,35,71,0,0,0,1,0,0,220.0857142857143,0,1,0,0,0,1
7772,13,71,0,0,0,1,0,0,597.8461538461538,0,1,0,0,0,1
3720,5,71,0,0,0,1,0,0,744.0,0,1,0,0,0,1
5862,11,71,0,0,0,1,0,0,532.9090909090909,0,1,0,0,0,1
7927,11,71,0,0,0,1,0,0,720.6363636363636,0,1,0,0,0,1
7525,14,38,0,0,0,1,0,0,537.5,0,1,0,1,0,0
8561,13,38,0,0,0,1,0,0,658.5384615384615,0,1,0,1,0,0
8493,5,38,0,0,0,1,0,0,1698.6,0,1,0,1,0,0
8503,9,38,0,0,0,1,0,0,944.7777777777778,0,1,0,1,0,0
6597,11,42,0,0,0,0,0,0,599.7272727272727,0,1,0,1,0,0
5489,13,42,0,0,0,0,0,0,422.2307692307692,0,1,0,1,0,0
7138,10,42,0,0,0,0,0,0,713.8,0,1,0,1,0,0
4512,16,42,0,0,0,0,0,0,282.0,0,1,0,1,0,0
6540,17,42,0,0,0,0,0,0,384.70588235294116,0,1,0,1,0,0
5364,13,42,0,0,0,0,0,0,412.61538461538464,0,1,0,1,0,0
4473,10,42,0,0,0,0,0,0,447.3,0,1,0,1,0,0
7472,14,42,0,0,0,0,0,0,533.7142857142857,0,1,0,1,0,0
6454,15,42,0,0,0,0,0,0,430.26666666666665,0,1,0,1,0,0
8344,17,42,0,0,0,0,0,0,490.8235294117647,0,1,0,1,0,0
4624,13,42,0,0,0,0,0,0,355.6923076923077,0,1,0,1,0,0
5408,11,42,0,0,0,0,0,0,491.6363636363636,0,1,0,1,0,0
6156,14,32,1,1,0,1,0,1,439.7142857142857,0,1,0,1,0,0
4542,8,32,1,1,0,1,0,1,567.75,0,1,0,1,0,0
6081,17,32,1,1,0,1,0,1,357.70588235294116,0,1,0,1,0,0
8758,15,32,1,1,0,1,0,1,583.8666666666667,0,1,0,1,0,0
8976,12,32,1,1,0,1,0,1,748.0,0,1,0,1,0,0
2314,9,85,0,0,1,0,0,1,257.1111111111111,0,1,0,0,0,1
2069,16,85,0,0,1,0,0,1,129.3125,0,1,0,0,0,1
2396,13,85,0,0,1,0,0,1,184.30769230769232,0,1,0,0,0,1
3721,8,85,0,0,1,0,0,1,465.125,0,1,0,0,0,1
1137,11,85,0,0,1,0,0,1,103.36363636363636,0,1,0,0,0,1
1667,14,85,0,0,1,0,0,1,119.07142857142857,0,1,0,0,0,1
1843,7,85,0,0,1,0,0,1,263.2857142857143,0,1,0,0,0,1
1181,14,85,0,0,1,0,0,1,84.35714285714286,0,1,0,0,0,1
6481,20,85,0,0,1,0,0,1,324.05,0,1,0,0,0,1
647,6,85,0,0,1,0,0,1,107.83333333333333,0,1,0,0,0,1
1111,7,85,0,0,1,0,0,1,158.71428571428572,0,1,0,0,0,1
1555,7,85,0,0,1,0,0,1,222.14285714285714,0,1,0,0,0,1
3318,14,59,0,0,0,0,0,0,237.0,0,1,0,0,1,0
1238,6,59,0,0,0,0,0,0,206.33333333333334,0,1,0,0,1,0
3683,11,59,0,0,0,0,0,0,334.8181818181818,0,1,0,0,1,0
1220,9,59,0,0,0,0,0,0,135.55555555555554,0,1,0,0,1,0
2661,14,59,0,0,0,0,0,0,190.07142857142858,0,1,0,0,1,0
3720,5,59,0,0,0,0,0,0,744.0,0,1,0,0,1,0
3573,10,59,0,0,0,0,0,0,357.3,0,1,0,0,1,0
2218,10,59,0,0,0,0,0,0,221.8,0,1,0,0,1,0
1355,3,59,0,0,0,0,0,0,451.6666666666667,0,1,0,0,1,0
4203,12,59,0,0,0,0,0,0,350.25,0,1,0,0,1,0
1813,16,59,0,0,0,0,0,0,113.3125,0,1,0,0,1,0
2775,11,59,0,0,0,0,0,0,252.27272727272728,0,1,0,0,1,0
5128,15,21,0,0,0,0,0,0,341.8666666666667,0,1,1,0,0,0
3029,10,21,0,0,0,0,0,0,302.9,0,1,1,0,0,0
3825,15,21,0,0,0,0,0,0,255.0,0,1,1,0,0,0
4174,11,21,0,0,0,0,0,0,379.45454545454544,0,1,1,0,0,0
3691,5,21,0,0,0,0,0,0,738.2,0,1,1,0,0,0
4408,17,21,0,0,0,0,0,0,259.29411764705884,0,1,1,0,0,0
4945,14,21,0,0,0,0,0,0,353.2142857142857,0,1,1,0,0,0
3576,14,21,0,0,0,0,0,0,255.42857142857142,0,1,1,0,0,0
2999,11,21,0,0,0,0,0,0,272.6363636363636,0,1,1,0,0,0
3715,11,21,0,0,0,0,0,0,337.72727272727275,0,1,1,0,0,0
4559,11,21,0,0,0,0,0,0,414.45454545454544,0,1,1,0,0,0
5228,14,48,0,0,0,1,0,0,373.42857142857144,0,1,0,0,1,0
3815,18,48,0,0,0,1,0,0,211.94444444444446,0,1,0,0,1,0
2765,12,48,0,0,0,1,0,0,230.41666666666666,0,1,0,0,1,0
4092,11,48,0,0,0,1,0,0,372.0,0,1,0,0,1,0
4334,16,48,0,0,0,1,0,0,270.875,0,1,0,0,1,0
2986,10,48,0,0,0,1,0,0,298.6,0,1,0,0,1,0
3180,6,48,0,0,0,1,0,0,530.0,0,1,0,0,1,0
5913,12,48,0,0,0,1,0,0,492.75,0,1,0,0,1,0
5300,14,48,0,0,0,1,0,0,378.57142857142856,0,1,0,0,1,0
3433,14,48,0,0,0,1,0,0,245.21428571428572,0,1,0,0,1,0
2554,13,48,0,0,0,1,0,0,196.46153846153845,0,1,0,0,1,0
4838,16,48,0,0,0,1,0,0,302.375,0,1,0,0,1,0
3887,6,36,0,0,0,0,0,0,647.8333333333334,0,1,0,1,0,0
7186,16,36,0,0,0,0,0,0,449.125,0,1,0,1,0,0
7483,16,36,0,0,0,0,0,0,467.6875,0,1,0,1,0,0
8213,16,36,0,0,0,0,0,0,513.3125,0,1,0,1,0,0
5933,17,36,0,0,0,0,0,0,349.0,0,1,0,1,0,0
7502,14,36,0,0,0,0,0,0,535.8571428571429,0,1,0,1,0,0
7230,12,73,1,0,1,0,0,1,602.5,0,1,0,0,0,1
6354,8,73,1,0,1,0,0,1,794.25,0,1,0,0,0,1
8165,7,73,1,0,1,0,0,1,1166.4285714285713,0,1,0,0,0,1
7477,17,73,1,0,1,0,0,1,439.8235294117647,0,1,0,0,0,1
6932,15,19,0,0,0,1,0,0,462.1333333333333,0,1,1,0,0,0
6889,4,19,0,0,0,1,0,0,1722.25,0,1,1,0,0,0
6552,9,19,0,0,0,1,0,0,728.0,0,1,1,0,0,0
4880,12,19,0,0,0,1,0,0,406.6666666666667,0,1,1,0,0,0
6927,13,19,0,0,0,1,0,0,532.8461538461538,0,1,1,0,0,0
4990,11,19,0,0,0,1,0,0,453.6363636363636,0,1,1,0,0,0
4862,11,19,0,0,0,1,0,0,442.0,0,1,1,0,0,0
2892,16,80,0,0,0,1,0,0,180.75,0,1,0,0,0,1
3489,9,80,0,0,0,1,0,0,387.6666666666667,0,1,0,0,0,1
3635,17,80,0,0,0,1,0,0,213.8235294117647,0,1,0,0,0,1
2811,14,80,0,0,0,1,0,0,200.78571428571428,0,1,0,0,0,1
2811,13,80,0,0,0,1,0,0,216.23076923076923,0,1,0,0,0,1
2750,20,80,0,0,0,1,0,0,137.5,0,1,0,0,0,1
3177,14,80,0,0,0,1,0,0,226.92857142857142,0,1,0,0,0,1
4336,13,80,0,0,0,1,0,0,333.53846153846155,0,1,0,0,0,1
3548,15,80,0,0,0,1,0,0,236.53333333333333,0,1,0,0,0,1
2542,15,80,0,0,0,1,0,0,169.46666666666667,0,1,0,0,0,1
2933,12,80,0,0,0,1,0,0,244.41666666666666,0,1,0,0,0,1
1911,13,80,0,0,0,1,0,0,147.0,0,1,0,0,0,1
4340,11,64,1,1,0,0,0,1,394.54545454545456,0,1,0,0,1,0
2138,16,64,1,1,0,0,0,1,133.625,0,1,0,0,1,0
2242,13,64,1,1,0,0,0,1,172.46153846153845,0,1,0,0,1,0
4006,12,64,1,1,0,0,0,1,333.8333333333333,0,1,0,0,1,0
5172,13,64,1,1,0,0,0,1,397.84615384615387,0,1,0,0,1,0
2146,14,64,1,1,0,0,0,1,153.28571428571428,0,1,0,0,1,0
2662,10,64,1,1,0,0,0,1,266.2,0,1,0,0,1,0
1919,11,64,1,1,0,0,0,1,174.45454545454547,0,1,0,0,1,0
2488,5,64,1,1,0,0,0,1,497.6,0,1,0,0,1,0
2675,16,64,1,1,0,0,0,1,167.1875,0,1,0,0,1,0
2265,12,64,1,1,0,0,0,1,188.75,0,1,0,0,1,0
3614,18,64,1,1,0,0,0,1,200.77777777777777,0,1,0,0,1,0
1568,17,21,1,0,0,0,0,0,92.23529411764706,0,1,1,0,0,0
2239,12,21,1,0,0,0,0,0,186.58333333333334,0,1,1,0,0,0
5866,20,21,1,0,0,0,0,0,293.3,0,1,1,0,0,0
3958,13,21,1,0,0,0,0,0,304.46153846153845,0,1,1,0,0,0
5493,12,21,1,0,0,0,0,0,457.75,0,1,1,0,0,0
1067,11,21,1,0,0,0,0,0,97.0,0,1,1,0,0,0
942,12,21,1,0,0,0,0,0,78.5,0,1,1,0,0,0
1120,21,21,1,0,0,0,0,0,53.333333333333336,0,1,1,0,0,0
829,12,21,1,0,0,0,0,0,69.08333333333333,0,1,1,0,0,0
975,16,21,1,0,0,0,0,0,60.9375,0,1,1,0,0,0
1276,9,21,1,0,0,0,0,0,141.77777777777777,0,1,1,0,0,0
1153,12,21,1,0,0,0,0,0,96.08333333333333,0,1,1,0,0,0
6013,11,18,0,1,0,1,0,1,546.6363636363636,0,1,1,0,0,0
7491,11,18,0,1,0,1,0,1,681.0,0,1,1,0,0,0
6658,18,18,0,1,0,1,0,1,369.8888888888889,0,1,1,0,0,0
6423,18,18,0,1,0,1,0,1,356.8333333333333,0,1,1,0,0,0
3769,12,18,0,1,0,1,0,1,314.0833333333333,0,1,1,0,0,0
4023,13,18,0,1,0,1,0,1,309.46153846153845,0,1,1,0,0,0
8132,12,18,0,1,0,1,0,1,677.6666666666666,0,1,1,0,0,0
6637,15,18,0,1,0,1,0,1,442.46666666666664,0,1,1,0,0,0
5680,17,18,0,1,0,1,0,1,334.11764705882354,0,1,1,0,0,0
4690,10,18,0,1,0,1,0,1,469.0,0,1,1,0,0,0
6650,12,18,0,1,0,1,0,1,554.1666666666666,0,1,1,0,0,0
7815,12,18,0,1,0,1,0,1,651.25,0,1,1,0,0,0
2858,12,26,0,0,0,0,0,0,238.16666666666666,0,1,0,1,0,0
2140,16,26,0,0,0,0,0,0,133.75,0,1,0,1,0,0
3153,16,26,0,0,0,0,0,0,197.0625,0,1,0,1,0,0
1383,9,26,0,0,0,0,0,0,153.66666666666666,0,1,0,1,0,0
2423,15,26,0,0,0,0,0,0,161.53333333333333,0,1,0,1,0,0
2591,11,26,0,0,0,0,0,0,235.54545454545453,0,1,0,1,0,0
2771,12,26,0,0,0,0,0,0,230.91666666666666,0,1,0,1,0,0
1355,11,26,0,0,0,0,0,0,123.18181818181819,0,1,0,1,0,0
6107,14,26,0,0,0,0,0,0,436.2142857142857,0,1,0,1,0,0
2289,14,26,0,0,0,0,0,0,163.5,0,1,0,1,0,0
3907,10,26,0,0,0,0,0,0,390.7,0,1,0,1,0,0
2221,12,26,0,0,0,0,0,0,185.08333333333334,0,1,0,1,0,0
4289,9,32,0,0,0,0,0,0,476.55555555555554,0,1,0,1,0,0
3800,21,32,0,0,0,0,0,0,180.95238095238096,0,1,0,1,0,0
5140,11,32,0,0,0,0,0,0,467.27272727272725,0,1,0,1,0,0
2484,7,32,0,0,0,0,0,0,354.85714285714283,0,1,0,1,0,0
2613,11,32,0,0,0,0,0,0,237.54545454545453,0,1,0,1,0,0
5686,13,32,0,0,0,0,0,0,437.38461538461536,0,1,0,1,0,0
3500,8,32,0,0,0,0,0,0,437.5,0,1,0,1,0,0
4255,18,32,0,0,0,0,0,0,236.38888888888889,0,1,0,1,0,0
3858,11,32,0,0,0,0,0,0,350.72727272727275,0,1,0,1,0,0
2330,17,32,0,0,0,0,0,0,137.05882352941177,0,1,0,1,0,0
3973,14,32,0,0,0,0,0,0,283.7857142857143,0,1,0,1,0,0
6488,15,63,0,1,0,0,0,1,432.53333333333336,0,1,0,0,1,0
7264,22,63,0,1,0,0,0,1,330.1818181818182,0,1,0,0,1,0
7602,15,63,0,1,0,0,0,1,506.8,0,1,0,0,1,0
3686,5,63,0,1,0,0,0,1,737.2,0,1,0,0,1,0
6436,16,63,0,1,0,0,0,1,402.25,0,1,0,0,1,0
8671,14,63,0,1,0,0,0,1,619.3571428571429,0,1,0,0,1,0
7888,12,63,0,1,0,0,0,1,657.3333333333334,0,1,0,0,1,0
7607,11,63,0,1,0,0,0,1,691.5454545454545,0,1,0,0,1,0
8850,11,73,0,0,0,0,0,0,804.5454545454545,0,1,0,0,0,1
4829,13,73,0,0,0,0,0,0,371.46153846153845,0,1,0,0,0,1
6932,10,73,0,0,0,0,0,0,693.2,0,1,0,0,0,1
3543,7,73,0,0,0,0,0,0,506.14285714285717,0,1,0,0,0,1
7421,12,73,0,0,0,0,0,0,618.4166666666666,0,1,0,0,0,1
8666,15,73,0,0,0,0,0,0,577.7333333333333,0,1,0,0,0,1
6529,9,73,0,0,0,0,0,0,725.4444444444445,0,1,0,0,0,1
1542,19,39,0,1,0,0,0,1,81.15789473684211,0,1,0,1,0,0
1467,19,39,0,1,0,0,0,1,77.21052631578948,0,1,0,1,0,0
953,8,39,0,1,0,0,0,1,119.125,0,1,0,1,0,0
4289,13,39,0,1,0,0,0,1,329.9230769230769,0,1,0,1,0,0
1076,12,39,0,1,0,0,0,1,89.66666666666667,0,1,0,1,0,0
946,9,39,0,1,0,0,0,1,105.11111111111111,0,1,0,1,0,0
1007,8,39,0,1,0,0,0,1,125.875,0,1,0,1,0,0
1519,19,39,0,1,0,0,0,1,79.94736842105263,0,1,0,1,0,0
1597,20,39,0,1,0,0,0,1,79.85,0,1,0,1,0,0
2443,8,39,0,1,0,0,0,1,305.375,0,1,0,1,0,0
1489,14,39,0,1,0,0,0,1,106.35714285714286,0,1,0,1,0,0
1266,14,39,0,1,0,0,0,1,90.42857142857143,0,1,0,1,0,0
7712,6,39,0,0,0,0,1,0,1285.3333333333333,0,1,0,1,0,0
7936,9,39,0,0,0,0,1,0,881.7777777777778,0,1,0,1,0,0
6910,13,39,0,0,0,0,1,0,531.5384615384615,0,1,0,1,0,0
7132,16,39,0,0,0,0,1,0,445.75,0,1,0,1,0,0
7463,19,39,0,0,0,0,1,0,392.7894736842105,0,1,0,1,0,0
6483,16,39,0,0,0,0,1,0,405.1875,0,1,0,1,0,0
7322,9,39,0,0,0,0,1,0,813.5555555555555,0,1,0,1,0,0
5361,13,49,1,0,0,1,0,0,412.38461538461536,0,1,0,0,1,0
5128,13,49,1,0,0,1,0,0,394.46153846153845,0,1,0,0,1,0
5497,19,49,1,0,0,1,0,0,289.3157894736842,0,1,0,0,1,0
6290,10,49,1,0,0,1,0,0,629.0,0,1,0,0,1,0
6176,15,49,1,0,0,1,0,0,411.73333333333335,0,1,0,0,1,0
7873,12,49,1,0,0,1,0,0,656.0833333333334,0,1,0,0,1,0
6557,11,49,1,0,0,1,0,0,596.0909090909091,0,1,0,0,1,0
3930,15,49,1,0,0,1,0,0,262.0,0,1,0,0,1,0
4052,13,49,1,0,0,1,0,0,311.6923076923077,0,1,0,0,1,0
8638,14,49,1,0,0,1,0,0,617.0,0,1,0,0,1,0
4317,17,49,1,0,0,1,0,0,253.94117647058823,0,1,0,0,1,0
3874,15,49,1,0,0,1,0,0,258.26666666666665,0,1,0,0,1,0
8428,31,76,1,1,0,1,1,1,271.8709677419355,0,1,0,0,0,1
6819,16,76,1,1,0,1,1,1,426.1875,0,1,0,0,0,1
7935,21,76,1,1,0,1,1,1,377.85714285714283,0,1,0,0,0,1
1570,5,83,1,0,0,1,0,0,314.0,0,1,0,0,0,1
1403,12,83,1,0,0,1,0,0,116.91666666666667,0,1,0,0,0,1
1780,8,83,1,0,0,1,0,0,222.5,0,1,0,0,0,1
1524,9,83,1,0,0,1,0,0,169.33333333333334,0,1,0,0,0,1
1688,12,83,1,0,0,1,0,0,140.66666666666666,0,1,0,0,0,1
1670,15,83,1,0,0,1,0,0,111.33333333333333,0,1,0,0,0,1
1443,11,83,1,0,0,1,0,0,131.1818181818182,0,1,0,0,0,1
1501,4,83,1,0,0,1,0,0,375.25,0,1,0,0,0,1
1715,8,83,1,0,0,1,0,0,214.375,0,1,0,0,0,1
1676,18,83,1,0,0,1,0,0,93.11111111111111,0,1,0,0,0,1
1582,15,83,1,0,0,1,0,0,105.46666666666667,0,1,0,0,0,1
3168,13,83,1,0,0,1,0,0,243.69230769230768,0,1,0,0,0,1
3583,9,28,1,0,0,0,0,0,398.1111111111111,0,1,0,1,0,0
5962,14,28,1,0,0,0,0,0,425.85714285714283,0,1,0,1,0,0
7198,13,28,1,0,0,0,0,0,553.6923076923077,0,1,0,1,0,0
7423,15,28,1,0,0,0,0,0,494.8666666666667,0,1,0,1,0,0
5000,14,28,1,0,0,0,0,0,357.14285714285717,0,1,0,1,0,0
3733,13,28,1,0,0,0,0,0,287.15384615384613,0,1,0,1,0,0
2330,6,28,1,0,0,0,0,0,388.3333333333333,0,1,0,1,0,0
8659,9,28,1,0,0,0,0,0,962.1111111111111,0,1,0,1,0,0
8596,7,28,1,0,0,0,0,0,1228.0,0,1,0,1,0,0
5306,10,28,1,0,0,0,0,0,530.6,0,1,0,1,0,0
5319,17,28,1,0,0,0,0,0,312.88235294117646,0,1,0,1,0,0
3122,8,28,1,0,0,0,0,0,390.25,0,1,0,1,0,0
4032,13,29,1,0,0,0,0,0,310.15384615384613,0,1,0,1,0,0
3657,13,29,1,0,0,0,0,0,281.3076923076923,0,1,0,1,0,0
4280,14,29,1,0,0,0,0,0,305.7142857142857,0,1,0,1,0,0
3809,16,29,1,0,0,0,0,0,238.0625,0,1,0,1,0,0
4059,15,29,1,0,0,0,0,0,270.6,0,1,0,1,0,0
3740,12,29,1,0,0,0,0,0,311.6666666666667,0,1,0,1,0,0
4059,12,29,1,0,0,0,0,0,338.25,0,1,0,1,0,0
3928,17,29,1,0,0,0,0,0,231.05882352941177,0,1,0,1,0,0
4089,13,29,1,0,0,0,0,0,314.53846153846155,0,1,0,1,0,0
2929,14,29,1,0,0,0,0,0,209.21428571428572,0,1,0,1,0,0
3575,13,29,1,0,0,0,0,0,275.0,0,1,0,1,0,0
4318,12,29,1,0,0,0,0,0,359.8333333333333,0,1,0,1,0,0
7320,16,27,1,0,0,1,0,0,457.5,0,1,0,1,0,0
5182,6,27,1,0,0,1,0,0,863.6666666666666,0,1,0,1,0,0
4831,8,27,1,0,0,1,0,0,603.875,0,1,0,1,0,0
6492,8,27,1,0,0,1,0,0,811.5,0,1,0,1,0,0
923,17,75,1,0,0,0,0,0,54.294117647058826,0,1,0,0,0,1
387,5,75,1,0,0,0,0,0,77.4,0,1,0,0,0,1
693,8,75,1,0,0,0,0,0,86.625,0,1,0,0,0,1
1169,16,75,1,0,0,0,0,0,73.0625,0,1,0,0,0,1
1019,17,75,1,0,0,0,0,0,59.94117647058823,0,1,0,0,0,1
1690,12,75,1,0,0,0,0,0,140.83333333333334,0,1,0,0,0,1
1304,11,75,1,0,0,0,0,0,118.54545454545455,0,1,0,0,0,1
731,11,75,1,0,0,0,0,0,66.45454545454545,0,1,0,0,0,1
889,14,75,1,0,0,0,0,0,63.5,0,1,0,0,0,1
2147,13,75,1,0,0,0,0,0,165.15384615384616,0,1,0,0,0,1
1185,12,75,1,0,0,0,0,0,98.75,0,1,0,0,0,1
1608,13,75,1,0,0,0,0,0,123.6923076923077,0,1,0,0,0,1
4374,14,85,1,0,0,1,0,0,312.42857142857144,0,1,0,0,0,1
8841,23,85,1,0,0,1,0,0,384.39130434782606,0,1,0,0,0,1
8865,13,85,1,0,0,1,0,0,681.9230769230769,0,1,0,0,0,1
8713,5,85,1,0,0,1,0,0,1742.6,0,1,0,0,0,1
7214,13,85,1,0,0,1,0,0,554.9230769230769,0,1,0,0,0,1
7474,9,85,1,0,0,1,0,0,830.4444444444445,0,1,0,0,0,1
8796,14,85,1,0,0,1,0,0,628.2857142857143,0,1,0,0,0,1
7687,8,85,1,0,0,1,0,0,960.875,0,1,0,0,0,1
7658,11,85,1,0,0,1,0,0,696.1818181818181,0,1,0,0,0,1
3615,18,49,1,0,0,1,1,0,200.83333333333334,0,1,0,0,1,0
7054,20,49,1,0,0,1,1,0,352.7,0,1,0,0,1,0
6662,10,49,1,0,0,1,1,0,666.2,0,1,0,0,1,0
3585,21,49,1,0,0,1,1,0,170.71428571428572,0,1,0,0,1,0
2591,10,49,1,0,0,1,1,0,259.1,0,1,0,0,1,0
3663,11,49,1,0,0,1,1,0,333.0,0,1,0,0,1,0
3596,14,49,1,0,0,1,1,0,256.85714285714283,0,1,0,0,1,0
4009,12,49,1,0,0,1,1,0,334.0833333333333,0,1,0,0,1,0
2116,14,49,1,0,0,1,1,0,151.14285714285714,0,1,0,0,1,0
4671,16,49,1,0,0,1,1,0,291.9375,0,1,0,0,1,0
3298,10,49,1,0,0,1,1,0,329.8,0,1,0,0,1,0
2029,13,49,1,0,0,1,1,0,156.07692307692307,0,1,0,0,1,0
4855,8,20,1,0,0,0,0,0,606.875,0,1,1,0,0,0
5742,13,20,1,0,0,0,0,0,441.6923076923077,0,1,1,0,0,0
6849,8,20,1,0,0,0,0,0,856.125,0,1,1,0,0,0
3284,11,20,1,0,0,0,0,0,298.54545454545456,0,1,1,0,0,0
7680,9,20,1,0,0,0,0,0,853.3333333333334,0,1,1,0,0,0
4439,6,20,1,0,0,0,0,0,739.8333333333334,0,1,1,0,0,0
7705,10,20,1,0,0,0,0,0,770.5,0,1,1,0,0,0
8439,8,56,1,0,0,0,0,0,1054.875,0,1,0,0,1,0
4241,11,56,1,0,0,0,0,0,385.54545454545456,0,1,0,0,1,0
7982,14,56,1,0,0,0,0,0,570.1428571428571,0,1,0,0,1,0
7869,19,56,1,0,0,0,0,0,414.1578947368421,0,1,0,0,1,0
5656,10,58,1,0,0,0,0,0,565.6,0,1,0,0,1,0
2825,15,58,1,0,0,0,0,0,188.33333333333334,0,1,0,0,1,0
4405,16,58,1,0,0,0,0,0,275.3125,0,1,0,0,1,0
5062,18,58,1,0,0,0,0,0,281.22222222222223,0,1,0,0,1,0
3660,11,58,1,0,0,0,0,0,332.72727272727275,0,1,0,0,1,0
5506,10,58,1,0,0,0,0,0,550.6,0,1,0,0,1,0
5499,12,58,1,0,0,0,0,0,458.25,0,1,0,0,1,0
2740,10,58,1,0,0,0,0,0,274.0,0,1,0,0,1,0
5313,10,58,1,0,0,0,0,0,531.3,0,1,0,0,1,0
6239,6,58,1,0,0,0,0,0,1039.8333333333333,0,1,0,0,1,0
3228,16,58,1,0,0,0,0,0,201.75,0,1,0,0,1,0
5006,10,58,1,0,0,0,0,0,500.6,0,1,0,0,1,0
8677,14,70,0,0,0,0,0,0,619.7857142857143,0,1,0,0,0,1
5856,6,70,0,0,0,0,0,0,976.0,0,1,0,0,0,1
8559,17,70,0,0,0,0,0,0,503.47058823529414,0,1,0,0,0,1
8490,12,70,0,0,0,0,0,0,707.5,0,1,0,0,0,1
7178,12,70,0,0,0,0,0,0,598.1666666666666,0,1,0,0,0,1
6970,10,70,0,0,0,0,0,0,697.0,0,1,0,0,0,1
5872,10,70,0,0,0,0,0,0,587.2,0,1,0,0,0,1
7490,20,70,0,0,0,0,0,0,374.5,0,1,0,0,0,1
7986,15,70,0,0,0,0,0,0,532.4,0,1,0,0,0,1
5150,18,70,0,0,0,0,0,0,286.1111111111111,0,1,0,0,0,1
5126,18,40,0,0,0,1,0,0,284.77777777777777,0,1,0,1,0,0
3051,11,40,0,0,0,1,0,0,277.3636363636364,0,1,0,1,0,0
5334,12,40,0,0,0,1,0,0,444.5,0,1,0,1,0,0
6450,20,40,0,0,0,1,0,0,322.5,0,1,0,1,0,0
7078,15,40,0,0,0,1,0,0,471.8666666666667,0,1,0,1,0,0
3873,8,40,0,0,0,1,0,0,484.125,0,1,0,1,0,0
4178,10,40,0,0,0,1,0,0,417.8,0,1,0,1,0,0
4713,18,40,0,0,0,1,0,0,261.8333333333333,0,1,0,1,0,0
4054,14,40,0,0,0,1,0,0,289.57142857142856,0,1,0,1,0,0
3105,13,40,0,0,0,1,0,0,238.84615384615384,0,1,0,1,0,0
4964,11,40,0,0,0,1,0,0,451.27272727272725,0,1,0,1,0,0
4775,15,40,0,0,0,1,0,0,318.3333333333333,0,1,0,1,0,0
7991,9,51,1,1,0,0,0,1,887.8888888888889,0,1,0,0,1,0
6251,16,69,0,0,0,1,0,0,390.6875,0,1,0,0,0,1
7009,13,69,0,0,0,1,0,0,539.1538461538462,0,1,0,0,0,1
7924,8,69,0,0,0,1,0,0,990.5,0,1,0,0,0,1
8282,14,69,0,0,0,1,0,0,591.5714285714286,0,1,0,0,0,1
8950,13,54,1,1,0,1,0,1,688.4615384615385,0,1,0,0,1,0
7454,15,54,1,1,0,1,0,1,496.93333333333334,0,1,0,0,1,0
8042,23,54,1,1,0,1,0,1,349.6521739130435,0,1,0,0,1,0
5574,10,54,1,1,0,1,0,1,557.4,0,1,0,0,1,0
8099,18,54,1,1,0,1,0,1,449.94444444444446,0,1,0,0,1,0
2005,17,80,0,0,1,0,0,1,117.94117647058823,0,1,0,0,0,1
1295,13,80,0,0,1,0,0,1,99.61538461538461,0,1,0,0,0,1
1006,11,80,0,0,1,0,0,1,91.45454545454545,0,1,0,0,0,1
2976,14,80,0,0,1,0,0,1,212.57142857142858,0,1,0,0,0,1
1583,12,80,0,0,1,0,0,1,131.91666666666666,0,1,0,0,0,1
2447,15,80,0,0,1,0,0,1,163.13333333333333,0,1,0,0,0,1
1128,13,80,0,0,1,0,0,1,86.76923076923077,0,1,0,0,0,1
1371,11,80,0,0,1,0,0,1,124.63636363636364,0,1,0,0,0,1
1044,14,80,0,0,1,0,0,1,74.57142857142857,0,1,0,0,0,1
1569,15,80,0,0,1,0,0,1,104.6,0,1,0,0,0,1
1308,7,80,0,0,1,0,0,1,186.85714285714286,0,1,0,0,0,1
1283,10,80,0,0,1,0,0,1,128.3,0,1,0,0,0,1
8096,13,30,1,0,0,1,0,0,622.7692307692307,0,1,0,1,0,0
5478,15,30,1,0,0,1,0,0,365.2,0,1,0,1,0,0
7060,8,30,1,0,0,1,0,0,882.5,0,1,0,1,0,0
4499,7,30,1,0,0,1,0,0,642.7142857142857,0,1,0,1,0,0
5274,9,30,1,0,0,1,0,0,586.0,0,1,0,1,0,0
5629,15,30,1,0,0,1,0,0,375.26666666666665,0,1,0,1,0,0
4298,10,30,1,0,0,1,0,0,429.8,0,1,0,1,0,0
4217,13,30,1,0,0,1,0,0,324.38461538461536,0,1,0,1,0,0
4731,14,30,1,0,0,1,0,0,337.92857142857144,0,1,0,1,0,0
5405,13,30,1,0,0,1,0,0,415.7692307692308,0,1,0,1,0,0
6123,16,30,1,0,0,1,0,0,382.6875,0,1,0,1,0,0
7271,12,69,0,1,0,1,0,1,605.9166666666666,0,1,0,0,0,1
3692,9,26,1,1,0,1,0,1,410.22222222222223,0,1,0,1,0,0
5546,10,26,1,1,0,1,0,1,554.6,0,1,0,1,0,0
3488,13,26,1,1,0,1,0,1,268.3076923076923,0,1,0,1,0,0
5383,14,26,1,1,0,1,0,1,384.5,0,1,0,1,0,0
5505,8,26,1,1,0,1,0,1,688.125,0,1,0,1,0,0
4283,19,26,1,1,0,1,0,1,225.42105263157896,0,1,0,1,0,0
4222,11,26,1,1,0,1,0,1,383.8181818181818,0,1,0,1,0,0
2927,12,26,1,1,0,1,0,1,243.91666666666666,0,1,0,1,0,0
6726,17,26,1,1,0,1,0,1,395.6470588235294,0,1,0,1,0,0
7250,12,26,1,1,0,1,0,1,604.1666666666666,0,1,0,1,0,0
5885,14,26,1,1,0,1,0,1,420.35714285714283,0,1,0,1,0,0
2842,12,26,1,1,0,1,0,1,236.83333333333334,0,1,0,1,0,0
8383,21,62,1,0,0,0,0,0,399.1904761904762,0,1,0,0,1,0
1091,12,48,0,0,1,0,0,1,90.91666666666667,0,1,0,0,1,0
2019,16,48,0,0,1,0,0,1,126.1875,0,1,0,0,1,0
2389,14,48,0,0,1,0,0,1,170.64285714285714,0,1,0,0,1,0
2690,7,48,0,0,1,0,0,1,384.2857142857143,0,1,0,0,1,0
1145,15,48,0,0,1,0,0,1,76.33333333333333,0,1,0,0,1,0
2549,16,48,0,0,1,0,0,1,159.3125,0,1,0,0,1,0
2208,13,48,0,0,1,0,0,1,169.84615384615384,0,1,0,0,1,0
3565,16,48,0,0,1,0,0,1,222.8125,0,1,0,0,1,0
2324,15,48,0,0,1,0,0,1,154.93333333333334,0,1,0,0,1,0
1212,9,48,0,0,1,0,0,1,134.66666666666666,0,1,0,0,1,0
2039,12,48,0,0,1,0,0,1,169.91666666666666,0,1,0,0,1,0
8979,10,40,1,0,0,0,0,0,897.9,0,1,0,1,0,0
7851,8,40,1,0,0,0,0,0,981.375,0,1,0,1,0,0
7728,8,40,1,0,0,0,0,0,966.0,0,1,0,1,0,0
6735,13,40,1,0,0,0,0,0,518.0769230769231,0,1,0,1,0,0
6691,10,40,1,0,0,0,0,0,669.1,0,1,0,1,0,0
7047,10,40,1,0,0,0,0,0,704.7,0,1,0,1,0,0
1844,16,61,1,1,0,0,0,1,115.25,0,1,0,0,1,0
4415,8,61,1,1,0,0,0,1,551.875,0,1,0,0,1,0
2373,17,61,1,1,0,0,0,1,139.58823529411765,0,1,0,0,1,0
3064,11,61,1,1,0,0,0,1,278.54545454545456,0,1,0,0,1,0
1697,16,61,1,1,0,0,0,1,106.0625,0,1,0,0,1,0
2143,12,61,1,1,0,0,0,1,178.58333333333334,0,1,0,0,1,0
2682,18,61,1,1,0,0,0,1,149.0,0,1,0,0,1,0
4660,12,61,1,1,0,0,0,1,388.3333333333333,0,1,0,0,1,0
5433,18,61,1,1,0,0,0,1,301.8333333333333,0,1,0,0,1,0
1192,10,61,1,1,0,0,0,1,119.2,0,1,0,0,1,0
2846,8,61,1,1,0,0,0,1,355.75,0,1,0,0,1,0
2467,18,61,1,1,0,0,0,1,137.05555555555554,0,1,0,0,1,0
5942,10,70,0,0,1,1,0,1,594.2,0,1,0,0,0,1
8015,15,70,0,0,1,1,0,1,534.3333333333334,0,1,0,0,0,1
5173,13,70,0,0,1,1,0,1,397.9230769230769,0,1,0,0,0,1
4545,12,70,0,0,1,1,0,1,378.75,0,1,0,0,0,1
7826,6,70,0,0,1,1,0,1,1304.3333333333333,0,1,0,0,0,1
8912,13,70,0,0,1,1,0,1,685.5384615384615,0,1,0,0,0,1
5994,21,70,0,0,1,1,0,1,285.42857142857144,0,1,0,0,0,1
6288,15,70,0,0,1,1,0,1,419.2,0,1,0,0,0,1
6300,9,70,0,0,1,1,0,1,700.0,0,1,0,0,0,1
4228,9,70,0,0,1,1,0,1,469.77777777777777,0,1,0,0,0,1
5083,15,26,0,0,0,0,0,0,338.8666666666667,0,1,0,1,0,0
2665,6,26,0,0,0,0,0,0,444.1666666666667,0,1,0,1,0,0
6405,10,26,0,0,0,0,0,0,640.5,0,1,0,1,0,0
6677,16,26,0,0,0,0,0,0,417.3125,0,1,0,1,0,0
4274,21,26,0,0,0,0,0,0,203.52380952380952,0,1,0,1,0,0
2052,7,26,0,0,0,0,0,0,293.14285714285717,0,1,0,1,0,0
4323,11,26,0,0,0,0,0,0,393.0,0,1,0,1,0,0
5503,13,26,0,0,0,0,0,0,423.3076923076923,0,1,0,1,0,0
5566,13,26,0,0,0,0,0,0,428.15384615384613,0,1,0,1,0,0
5929,12,26,0,0,0,0,0,0,494.0833333333333,0,1,0,1,0,0
3262,11,78,0,0,0,0,0,0,296.54545454545456,0,1,0,0,0,1
5324,16,78,0,0,0,0,0,0,332.75,0,1,0,0,0,1
5440,14,78,0,0,0,0,0,0,388.57142857142856,0,1,0,0,0,1
4433,7,78,0,0,0,0,0,0,633.2857142857143,0,1,0,0,0,1
4609,22,78,0,0,0,0,0,0,209.5,0,1,0,0,0,1
4548,12,78,0,0,0,0,0,0,379.0,0,1,0,0,0,1
6115,12,78,0,0,0,0,0,0,509.5833333333333,0,1,0,0,0,1
6231,14,78,0,0,0,0,0,0,445.07142857142856,0,1,0,0,0,1
4329,12,78,0,0,0,0,0,0,360.75,0,1,0,0,0,1
3530,8,78,0,0,0,0,0,0,441.25,0,1,0,0,0,1
4406,18,78,0,0,0,0,0,0,244.77777777777777,0,1,0,0,0,1
4327,12,59,1,0,0,1,0,0,360.5833333333333,0,1,0,0,1,0
5430,13,59,1,0,0,1,0,0,417.6923076923077,0,1,0,0,1,0
6308,23,59,1,0,0,1,0,0,274.2608695652174,0,1,0,0,1,0
6126,18,59,1,0,0,1,0,0,340.3333333333333,0,1,0,0,1,0
5485,17,59,1,0,0,1,0,0,322.6470588235294,0,1,0,0,1,0
5099,10,59,1,0,0,1,0,0,509.9,0,1,0,0,1,0
3099,7,59,1,0,0,1,0,0,442.7142857142857,0,1,0,0,1,0
960,10,59,1,0,0,1,0,0,96.0,0,1,0,0,1,0
8194,22,59,1,0,0,1,0,0,372.45454545454544,0,1,0,0,1,0
4310,9,59,1,0,0,1,0,0,478.8888888888889,0,1,0,0,1,0
6616,12,59,1,0,0,1,0,0,551.3333333333334,0,1,0,0,1,0
3644,14,59,1,0,0,1,0,0,260.2857142857143,0,1,0,0,1,0
8151,16,69,1,0,1,1,0,1,509.4375,0,1,0,0,0,1
7252,10,69,1,0,1,1,0,1,725.2,0,1,0,0,0,1
7645,8,69,1,0,1,1,0,1,955.625,0,1,0,0,0,1
3229,13,47,0,0,1,0,0,1,248.3846153846154,0,1,0,0,1,0
4590,17,47,0,0,1,0,0,1,270.0,0,1,0,0,1,0
2664,9,47,0,0,1,0,0,1,296.0,0,1,0,0,1,0
5358,9,47,0,0,1,0,0,1,595.3333333333334,0,1,0,0,1,0
3849,12,47,0,0,1,0,0,1,320.75,0,1,0,0,1,0
3337,13,47,0,0,1,0,0,1,256.6923076923077,0,1,0,0,1,0
2151,12,47,0,0,1,0,0,1,179.25,0,1,0,0,1,0
3722,17,47,0,0,1,0,0,1,218.94117647058823,0,1,0,0,1,0
7143,13,47,0,0,1,0,0,1,549.4615384615385,0,1,0,0,1,0
2494,14,47,0,0,1,0,0,1,178.14285714285714,0,1,0,0,1,0
3221,11,47,0,0,1,0,0,1,292.8181818181818,0,1,0,0,1,0
5014,12,47,0,0,1,0,0,1,417.8333333333333,0,1,0,0,1,0
5691,20,74,1,1,0,1,1,1,284.55,0,1,0,0,0,1
7216,12,74,1,1,0,1,1,1,601.3333333333334,0,1,0,0,0,1
5395,6,74,1,1,0,1,1,1,899.1666666666666,0,1,0,0,0,1
5351,13,74,1,1,0,1,1,1,411.61538461538464,0,1,0,0,0,1
4828,13,74,1,1,0,1,1,1,371.38461538461536,0,1,0,0,0,1
4830,8,74,1,1,0,1,1,1,603.75,0,1,0,0,0,1
5428,14,74,1,1,0,1,1,1,387.7142857142857,0,1,0,0,0,1
4938,13,74,1,1,0,1,1,1,379.84615384615387,0,1,0,0,0,1
7889,16,74,1,1,0,1,1,1,493.0625,0,1,0,0,0,1
2903,14,55,0,1,0,0,0,1,207.35714285714286,0,1,0,0,1,0
3073,10,55,0,1,0,0,0,1,307.3,0,1,0,0,1,0
3350,12,55,0,1,0,0,0,1,279.1666666666667,0,1,0,0,1,0
3313,12,55,0,1,0,0,0,1,276.0833333333333,0,1,0,0,1,0
3993,15,55,0,1,0,0,0,1,266.2,0,1,0,0,1,0
4748,15,55,0,1,0,0,0,1,316.53333333333336,0,1,0,0,1,0
2693,11,55,0,1,0,0,0,1,244.8181818181818,0,1,0,0,1,0
3166,16,55,0,1,0,0,0,1,197.875,0,1,0,0,1,0
4348,18,55,0,1,0,0,0,1,241.55555555555554,0,1,0,0,1,0
2737,9,55,0,1,0,0,0,1,304.1111111111111,0,1,0,0,1,0
7751,18,55,0,1,0,0,0,1,430.6111111111111,0,1,0,0,1,0
3221,15,55,0,1,0,0,0,1,214.73333333333332,0,1,0,0,1,0
6654,9,63,1,0,0,0,0,0,739.3333333333334,0,1,0,0,1,0
3476,14,63,1,0,0,0,0,0,248.28571428571428,0,1,0,0,1,0
4421,13,63,1,0,0,0,0,0,340.0769230769231,0,1,0,0,1,0
4692,9,63,1,0,0,0,0,0,521.3333333333334,0,1,0,0,1,0
4429,12,63,1,0,0,0,0,0,369.0833333333333,0,1,0,0,1,0
6018,13,63,1,0,0,0,0,0,462.9230769230769,0,1,0,0,1,0
3031,19,63,1,0,0,0,0,0,159.52631578947367,0,1,0,0,1,0
5170,15,63,1,0,0,0,0,0,344.6666666666667,0,1,0,0,1,0
3637,11,63,1,0,0,0,0,0,330.6363636363636,0,1,0,0,1,0
5441,17,63,1,0,0,0,0,0,320.05882352941177,0,1,0,0,1,0
4361,11,63,1,0,0,0,0,0,396.45454545454544,0,1,0,0,1,0
7927,20,46,1,0,1,0,1,1,396.35,0,1,0,0,1,0
8636,11,46,1,0,1,0,1,1,785.0909090909091,0,1,0,0,1,0
8312,9,46,1,0,1,0,1,1,923.5555555555555,0,1,0,0,1,0
6074,11,46,1,0,1,0,1,1,552.1818181818181,0,1,0,0,1,0
3040,12,67,0,1,0,0,0,1,253.33333333333334,0,1,0,0,0,1
3681,25,67,0,1,0,0,0,1,147.24,0,1,0,0,0,1
8148,16,67,0,1,0,0,0,1,509.25,0,1,0,0,0,1
3333,13,67,0,1,0,0,0,1,256.38461538461536,0,1,0,0,0,1
3028,12,67,0,1,0,0,0,1,252.33333333333334,0,1,0,0,0,1
4374,17,67,0,1,0,0,0,1,257.29411764705884,0,1,0,0,0,1
2436,14,67,0,1,0,0,0,1,174.0,0,1,0,0,0,1
3554,13,67,0,1,0,0,0,1,273.38461538461536,0,1,0,0,0,1
2662,9,67,0,1,0,0,0,1,295.77777777777777,0,1,0,0,0,1
3533,13,67,0,1,0,0,0,1,271.7692307692308,0,1,0,0,0,1
1208,11,67,0,1,0,0,0,1,109.81818181818181,0,1,0,0,0,1
4980,15,67,0,1,0,0,0,1,332.0,0,1,0,0,0,1
8265,17,50,1,0,0,0,0,0,486.1764705882353,0,1,0,0,1,0
7228,15,50,1,0,0,0,0,0,481.8666666666667,0,1,0,0,1,0
8252,20,50,1,0,0,0,0,0,412.6,0,1,0,0,1,0
8986,11,50,1,0,0,0,0,0,816.9090909090909,0,1,0,0,1,0
4572,8,50,1,0,0,0,0,0,571.5,0,1,0,0,1,0
8404,7,50,1,0,0,0,0,0,1200.5714285714287,0,1,0,0,1,0
7261,14,24,0,1,0,1,0,1,518.6428571428571,0,1,1,0,0,0
7267,11,24,0,1,0,1,0,1,660.6363636363636,0,1,1,0,0,0
6800,16,24,0,1,0,1,0,1,425.0,0,1,1,0,0,0
7149,11,24,0,1,0,1,0,1,649.9090909090909,0,1,1,0,0,0
7085,12,24,0,1,0,1,0,1,590.4166666666666,0,1,1,0,0,0
7936,21,24,0,1,0,1,0,1,377.9047619047619,0,1,1,0,0,0
5064,16,21,0,0,0,1,0,0,316.5,0,1,1,0,0,0
3329,14,21,0,0,0,1,0,0,237.78571428571428,0,1,1,0,0,0
5805,12,21,0,0,0,1,0,0,483.75,0,1,1,0,0,0
5073,17,21,0,0,0,1,0,0,298.4117647058824,0,1,1,0,0,0
5811,12,21,0,0,0,1,0,0,484.25,0,1,1,0,0,0
7711,14,21,0,0,0,1,0,0,550.7857142857143,0,1,1,0,0,0
5228,15,21,0,0,0,1,0,0,348.53333333333336,0,1,1,0,0,0
4442,10,21,0,0,0,1,0,0,444.2,0,1,1,0,0,0
3145,13,21,0,0,0,1,0,0,241.92307692307693,0,1,1,0,0,0
6652,13,21,0,0,0,1,0,0,511.6923076923077,0,1,1,0,0,0
3378,17,21,0,0,0,1,0,0,198.7058823529412,0,1,1,0,0,0
4556,8,21,0,0,0,1,0,0,569.5,0,1,1,0,0,0
6688,16,47,1,0,0,0,0,0,418.0,0,1,0,0,1,0
8910,10,33,1,1,0,0,0,1,891.0,0,1,0,1,0,0
8904,18,33,1,1,0,0,0,1,494.6666666666667,0,1,0,1,0,0
4876,11,33,1,1,0,0,0,1,443.27272727272725,0,1,0,1,0,0
5604,9,36,1,0,0,0,0,0,622.6666666666666,0,1,0,1,0,0
1466,13,36,1,0,0,0,0,0,112.76923076923077,0,1,0,1,0,0
882,5,36,1,0,0,0,0,0,176.4,0,1,0,1,0,0
952,10,36,1,0,0,0,0,0,95.2,0,1,0,1,0,0
1422,12,36,1,0,0,0,0,0,118.5,0,1,0,1,0,0
2008,10,36,1,0,0,0,0,0,200.8,0,1,0,1,0,0
777,10,36,1,0,0,0,0,0,77.7,0,1,0,1,0,0
2468,14,36,1,0,0,0,0,0,176.28571428571428,0,1,0,1,0,0
976,8,36,1,0,0,0,0,0,122.0,0,1,0,1,0,0
1126,14,36,1,0,0,0,0,0,80.42857142857143,0,1,0,1,0,0
1709,10,36,1,0,0,0,0,0,170.9,0,1,0,1,0,0
1902,11,36,1,0,0,0,0,0,172.9090909090909,0,1,0,1,0,0
3747,10,31,1,1,0,1,0,1,374.7,0,1,0,1,0,0
4541,14,31,1,1,0,1,0,1,324.35714285714283,0,1,0,1,0,0
2527,10,31,1,1,0,1,0,1,252.7,0,1,0,1,0,0
2320,13,31,1,1,0,1,0,1,178.46153846153845,0,1,0,1,0,0
3602,13,31,1,1,0,1,0,1,277.0769230769231,0,1,0,1,0,0
2485,8,31,1,1,0,1,0,1,310.625,0,1,0,1,0,0
3825,8,31,1,1,0,1,0,1,478.125,0,1,0,1,0,0
3043,16,31,1,1,0,1,0,1,190.1875,0,1,0,1,0,0
4527,13,31,1,1,0,1,0,1,348.2307692307692,0,1,0,1,0,0
3000,12,31,1,1,0,1,0,1,250.0,0,1,0,1,0,0
3028,10,31,1,1,0,1,0,1,302.8,0,1,0,1,0,0
2713,13,31,1,1,0,1,0,1,208.69230769230768,0,1,0,1,0,0
1796,12,78,1,0,0,1,0,0,149.66666666666666,0,1,0,0,0,1
3252,17,78,1,0,0,1,0,0,191.2941176470588,0,1,0,0,0,1
2594,17,78,1,0,0,1,0,0,152.58823529411765,0,1,0,0,0,1
2098,16,78,1,0,0,1,0,0,131.125,0,1,0,0,0,1
1825,11,78,1,0,0,1,0,0,165.9090909090909,0,1,0,0,0,1
2599,14,78,1,0,0,1,0,0,185.64285714285714,0,1,0,0,0,1
1795,8,78,1,0,0,1,0,0,224.375,0,1,0,0,0,1
1475,11,78,1,0,0,1,0,0,134.0909090909091,0,1,0,0,0,1
1694,16,78,1,0,0,1,0,0,105.875,0,1,0,0,0,1
1462,11,78,1,0,0,1,0,0,132.9090909090909,0,1,0,0,0,1
1978,10,78,1,0,0,1,0,0,197.8,0,1,0,0,0,1
1122,6,78,1,0,0,1,0,0,187.0,0,1,0,0,0,1
7578,8,43,0,1,0,0,0,1,947.25,0,1,0,1,0,0
8787,17,43,0,1,0,0,0,1,516.8823529411765,0,1,0,1,0,0
6758,18,43,0,1,0,0,0,1,375.44444444444446,0,1,0,1,0,0
7973,15,43,0,1,0,0,0,1,531.5333333333333,0,1,0,1,0,0
8891,14,43,0,1,0,0,0,1,635.0714285714286,0,1,0,1,0,0
5864,10,43,0,1,0,0,0,1,586.4,0,1,0,1,0,0
6103,20,22,0,1,0,1,0,1,305.15,0,1,1,0,0,0
6983,16,22,0,1,0,1,0,1,436.4375,0,1,1,0,0,0
8309,11,22,0,1,0,1,0,1,755.3636363636364,0,1,1,0,0,0
8692,18,22,0,1,0,1,0,1,482.8888888888889,0,1,1,0,0,0
4754,12,22,0,1,0,1,0,1,396.1666666666667,0,1,1,0,0,0
7620,16,22,0,1,0,1,0,1,476.25,0,1,1,0,0,0
4932,9,22,0,1,0,1,0,1,548.0,0,1,1,0,0,0
8102,9,22,0,1,0,1,0,1,900.2222222222222,0,1,1,0,0,0
7845,17,22,0,1,0,1,0,1,461.47058823529414,0,1,1,0,0,0
4913,11,22,0,1,0,1,0,1,446.6363636363636,0,1,1,0,0,0
6887,18,22,0,1,0,1,0,1,382.6111111111111,0,1,1,0,0,0
4755,16,22,0,1,0,1,0,1,297.1875,0,1,1,0,0,0
7285,11,44,0,0,0,0,0,0,662.2727272727273,0,1,0,1,0,0
8073,12,44,0,0,0,0,0,0,672.75,0,1,0,1,0,0
5109,15,25,0,0,0,1,0,0,340.6,0,1,0,1,0,0
4806,10,25,0,0,0,1,0,0,480.6,0,1,0,1,0,0
3041,16,25,0,0,0,1,0,0,190.0625,0,1,0,1,0,0
2776,11,25,0,0,0,1,0,0,252.36363636363637,0,1,0,1,0,0
2882,18,25,0,0,0,1,0,0,160.11111111111111,0,1,0,1,0,0
2124,7,25,0,0,0,1,0,0,303.42857142857144,0,1,0,1,0,0
3107,9,25,0,0,0,1,0,0,345.22222222222223,0,1,0,1,0,0
3712,17,25,0,0,0,1,0,0,218.35294117647058,0,1,0,1,0,0
2664,19,25,0,0,0,1,0,0,140.21052631578948,0,1,0,1,0,0
3288,17,25,0,0,0,1,0,0,193.41176470588235,0,1,0,1,0,0
1766,13,25,0,0,0,1,0,0,135.84615384615384,0,1,0,1,0,0
2152,13,25,0,0,0,1,0,0,165.53846153846155,0,1,0,1,0,0
8773,10,53,0,0,0,0,0,0,877.3,0,1,0,0,1,0
7774,15,53,0,0,0,0,0,0,518.2666666666667,0,1,0,0,1,0
8169,15,53,0,0,0,0,0,0,544.6,0,1,0,0,1,0
8592,15,53,0,0,0,0,0,0,572.8,0,1,0,0,1,0
8736,14,53,0,0,0,0,0,0,624.0,0,1,0,0,1,0
8341,11,53,0,0,0,0,0,0,758.2727272727273,0,1,0,0,1,0
6743,10,53,0,0,0,0,0,0,674.3,0,1,0,0,1,0
5147,12,53,0,0,0,0,0,0,428.9166666666667,0,1,0,0,1,0
8230,14,53,0,0,0,0,0,0,587.8571428571429,0,1,0,0,1,0
2029,12,84,0,1,0,0,0,1,169.08333333333334,0,1,0,0,0,1
1730,9,84,0,1,0,0,0,1,192.22222222222223,0,1,0,0,0,1
2626,9,84,0,1,0,0,0,1,291.77777777777777,0,1,0,0,0,1
3679,17,84,0,1,0,0,0,1,216.41176470588235,0,1,0,0,0,1
1734,10,84,0,1,0,0,0,1,173.4,0,1,0,0,0,1
1675,16,84,0,1,0,0,0,1,104.6875,0,1,0,0,0,1
1601,8,84,0,1,0,0,0,1,200.125,0,1,0,0,0,1
7769,19,84,0,1,0,0,0,1,408.89473684210526,0,1,0,0,0,1
1195,12,84,0,1,0,0,0,1,99.58333333333333,0,1,0,0,0,1
1065,13,84,0,1,0,0,0,1,81.92307692307692,0,1,0,0,0,1
1291,16,84,0,1,0,0,0,1,80.6875,0,1,0,0,0,1
1394,10,84,0,1,0,0,0,1,139.4,0,1,0,0,0,1
5296,17,76,0,0,0,0,0,0,311.52941176470586,0,1,0,0,0,1
5550,15,76,0,0,0,0,0,0,370.0,0,1,0,0,0,1
6018,7,76,0,0,0,0,0,0,859.7142857142857,0,1,0,0,0,1
2158,8,76,0,0,0,0,0,0,269.75,0,1,0,0,0,1
5959,16,76,0,0,0,0,0,0,372.4375,0,1,0,0,0,1
5546,16,76,0,0,0,0,0,0,346.625,0,1,0,0,0,1
5626,14,76,0,0,0,0,0,0,401.85714285714283,0,1,0,0,0,1
5009,7,76,0,0,0,0,0,0,715.5714285714286,0,1,0,0,0,1
5058,8,76,0,0,0,0,0,0,632.25,0,1,0,0,0,1
5781,12,76,0,0,0,0,0,0,481.75,0,1,0,0,0,1
6373,16,76,0,0,0,0,0,0,398.3125,0,1,0,0,0,1
8068,20,46,0,0,0,0,0,0,403.4,0,1,0,0,1,0
5940,18,46,0,0,0,0,0,0,330.0,0,1,0,0,1,0
6152,12,46,0,0,0,0,0,0,512.6666666666666,0,1,0,0,1,0
3434,9,46,0,0,0,0,0,0,381.55555555555554,0,1,0,0,1,0
8885,20,46,0,0,0,0,0,0,444.25,0,1,0,0,1,0
5441,13,46,0,0,0,0,0,0,418.53846153846155,0,1,0,0,1,0
6062,13,46,0,0,0,0,0,0,466.3076923076923,0,1,0,0,1,0
8971,11,46,0,0,0,0,0,0,815.5454545454545,0,1,0,0,1,0
7700,17,46,0,0,0,0,0,0,452.94117647058823,0,1,0,0,1,0
5556,13,36,1,1,0,0,0,1,427.38461538461536,0,1,0,1,0,0
8862,12,36,1,1,0,0,0,1,738.5,0,1,0,1,0,0
4438,8,36,1,1,0,0,0,1,554.75,0,1,0,1,0,0
6731,9,36,1,1,0,0,0,1,747.8888888888889,0,1,0,1,0,0
7361,12,36,1,1,0,0,0,1,613.4166666666666,0,1,0,1,0,0
8296,8,36,1,1,0,0,0,1,1037.0,0,1,0,1,0,0
7861,13,36,1,1,0,0,0,1,604.6923076923077,0,1,0,1,0,0
8680,11,36,1,1,0,0,0,1,789.0909090909091,0,1,0,1,0,0
8258,11,36,1,1,0,0,0,1,750.7272727272727,0,1,0,1,0,0
7411,8,36,1,1,0,0,0,1,926.375,0,1,0,1,0,0
4044,12,52,1,1,1,0,0,1,337.0,0,1,0,0,1,0
5118,6,52,1,1,1,0,0,1,853.0,0,1,0,0,1,0
5141,13,52,1,1,1,0,0,1,395.46153846153845,0,1,0,0,1,0
4047,14,52,1,1,1,0,0,1,289.07142857142856,0,1,0,0,1,0
5000,12,52,1,1,1,0,0,1,416.6666666666667,0,1,0,0,1,0
3326,15,52,1,1,1,0,0,1,221.73333333333332,0,1,0,0,1,0
5124,11,52,1,1,1,0,0,1,465.8181818181818,0,1,0,0,1,0
3958,5,52,1,1,1,0,0,1,791.6,0,1,0,0,1,0
1923,8,52,1,1,1,0,0,1,240.375,0,1,0,0,1,0
5359,14,52,1,1,1,0,0,1,382.7857142857143,0,1,0,0,1,0
5207,14,52,1,1,1,0,0,1,371.92857142857144,0,1,0,0,1,0
8287,16,52,1,1,1,0,0,1,517.9375,0,1,0,0,1,0
8545,7,68,1,0,0,0,0,0,1220.7142857142858,0,1,0,0,0,1
7404,10,68,1,0,0,0,0,0,740.4,0,1,0,0,0,1
7564,13,68,1,0,0,0,0,0,581.8461538461538,0,1,0,0,0,1
8573,17,68,1,0,0,0,0,0,504.29411764705884,0,1,0,0,0,1
3277,14,80,0,1,0,1,0,1,234.07142857142858,0,1,0,0,0,1
4085,7,80,0,1,0,1,0,1,583.5714285714286,0,1,0,0,0,1
7552,8,80,0,1,0,1,0,1,944.0,0,1,0,0,0,1
2924,6,80,0,1,0,1,0,1,487.3333333333333,0,1,0,0,0,1
3128,12,80,0,1,0,1,0,1,260.6666666666667,0,1,0,0,0,1
4758,12,80,0,1,0,1,0,1,396.5,0,1,0,0,0,1
2511,14,80,0,1,0,1,0,1,179.35714285714286,0,1,0,0,0,1
3392,20,80,0,1,0,1,0,1,169.6,0,1,0,0,0,1
6012,14,80,0,1,0,1,0,1,429.42857142857144,0,1,0,0,0,1
1434,7,80,0,1,0,1,0,1,204.85714285714286,0,1,0,0,0,1
2699,13,80,0,1,0,1,0,1,207.6153846153846,0,1,0,0,0,1
5013,9,80,0,1,0,1,0,1,557.0,0,1,0,0,0,1
3147,11,42,1,0,0,0,0,0,286.09090909090907,0,1,0,1,0,0
6445,16,42,1,0,0,0,0,0,402.8125,0,1,0,1,0,0
6468,7,42,1,0,0,0,0,0,924.0,0,1,0,1,0,0
8800,12,42,1,0,0,0,0,0,733.3333333333334,0,1,0,1,0,0
8918,14,42,1,0,0,0,0,0,637.0,0,1,0,1,0,0
7356,12,42,1,0,0,0,0,0,613.0,0,1,0,1,0,0
5983,12,42,1,0,0,0,0,0,498.5833333333333,0,1,0,1,0,0
5737,13,42,1,0,0,0,0,0,441.3076923076923,0,1,0,1,0,0
4978,10,42,1,0,0,0,0,0,497.8,0,1,0,1,0,0
7657,17,82,1,0,0,0,0,0,450.4117647058824,0,1,0,0,0,1
7254,13,82,1,0,0,0,0,0,558.0,0,1,0,0,0,1
6552,16,82,1,0,0,0,0,0,409.5,0,1,0,0,0,1
5503,19,82,1,0,0,0,0,0,289.63157894736844,0,1,0,0,0,1
5887,6,82,1,0,0,0,0,0,981.1666666666666,0,1,0,0,0,1
5831,14,82,1,0,0,0,0,0,416.5,0,1,0,0,0,1
5441,6,82,1,0,0,0,0,0,906.8333333333334,0,1,0,0,0,1
7913,17,82,1,0,0,0,0,0,465.47058823529414,0,1,0,0,0,1
6049,18,82,1,0,0,0,0,0,336.05555555555554,0,1,0,0,0,1
3968,9,82,1,0,0,0,0,0,440.8888888888889,0,1,0,0,0,1
7493,16,82,1,0,0,0,0,0,468.3125,0,1,0,0,0,1
1286,14,38,0,0,0,1,0,0,91.85714285714286,0,1,0,1,0,0
1900,16,38,0,0,0,1,0,0,118.75,0,1,0,1,0,0
1666,12,38,0,0,0,1,0,0,138.83333333333334,0,1,0,1,0,0
1067,13,38,0,0,0,1,0,0,82.07692307692308,0,1,0,1,0,0
1810,16,38,0,0,0,1,0,0,113.125,0,1,0,1,0,0
1631,17,38,0,0,0,1,0,0,95.94117647058823,0,1,0,1,0,0
2725,14,38,0,0,0,1,0,0,194.64285714285714,0,1,0,1,0,0
1846,8,38,0,0,0,1,0,0,230.75,0,1,0,1,0,0
2827,15,38,0,0,0,1,0,0,188.46666666666667,0,1,0,1,0,0
1655,16,38,0,0,0,1,0,0,103.4375,0,1,0,1,0,0
2575,20,38,0,0,0,1,0,0,128.75,0,1,0,1,0,0
933,8,38,0,0,0,1,0,0,116.625,0,1,0,1,0,0
4350,18,62,1,1,0,1,0,1,241.66666666666666,0,1,0,0,1,0
1349,9,62,1,1,0,1,0,1,149.88888888888889,0,1,0,0,1,0
1999,15,62,1,1,0,1,0,1,133.26666666666668,0,1,0,0,1,0
2375,16,62,1,1,0,1,0,1,148.4375,0,1,0,0,1,0
4207,13,62,1,1,0,1,0,1,323.61538461538464,0,1,0,0,1,0
1671,16,62,1,1,0,1,0,1,104.4375,0,1,0,0,1,0
1821,17,62,1,1,0,1,0,1,107.11764705882354,0,1,0,0,1,0
3862,18,62,1,1,0,1,0,1,214.55555555555554,0,1,0,0,1,0
2024,16,62,1,1,0,1,0,1,126.5,0,1,0,0,1,0
2644,15,62,1,1,0,1,0,1,176.26666666666668,0,1,0,0,1,0
2049,10,62,1,1,0,1,0,1,204.9,0,1,0,0,1,0
1866,13,62,1,1,0,1,0,1,143.53846153846155,0,1,0,0,1,0
6755,9,79,1,0,0,0,0,0,750.5555555555555,0,1,0,0,0,1
5527,9,79,1,0,0,0,0,0,614.1111111111111,0,1,0,0,0,1
8849,21,79,1,0,0,0,0,0,421.3809523809524,0,1,0,0,0,1
7112,13,79,1,0,0,0,0,0,547.0769230769231,0,1,0,0,0,1
6808,13,79,1,0,0,0,0,0,523.6923076923077,0,1,0,0,0,1
8982,16,79,1,0,0,0,0,0,561.375,0,1,0,0,0,1
6371,9,79,1,0,0,0,0,0,707.8888888888889,0,1,0,0,0,1
8113,12,56,1,1,0,0,0,1,676.0833333333334,0,1,0,0,1,0
8889,19,56,1,1,0,0,0,1,467.8421052631579,0,1,0,0,1,0
6863,13,56,1,1,0,0,0,1,527.9230769230769,0,1,0,0,1,0
8546,16,56,1,1,0,0,0,1,534.125,0,1,0,0,1,0
7649,13,56,1,1,0,0,0,1,588.3846153846154,0,1,0,0,1,0
6543,16,60,0,0,0,0,0,0,408.9375,0,1,0,0,1,0
8094,19,60,0,0,0,0,0,0,426.0,0,1,0,0,1,0
6009,14,60,0,0,0,0,0,0,429.2142857142857,0,1,0,0,1,0
6835,14,60,0,0,0,0,0,0,488.2142857142857,0,1,0,0,1,0
5098,13,60,0,0,0,0,0,0,392.15384615384613,0,1,0,0,1,0
6066,13,60,0,0,0,0,0,0,466.61538461538464,0,1,0,0,1,0
6878,11,60,0,0,0,0,0,0,625.2727272727273,0,1,0,0,1,0
4844,12,60,0,0,0,0,0,0,403.6666666666667,0,1,0,0,1,0
5073,11,60,0,0,0,0,0,0,461.1818181818182,0,1,0,0,1,0
5542,15,60,0,0,0,0,0,0,369.46666666666664,0,1,0,0,1,0
7257,13,60,0,0,0,0,0,0,558.2307692307693,0,1,0,0,1,0
1920,6,58,1,0,0,0,0,0,320.0,0,1,0,0,1,0
1210,4,58,1,0,0,0,0,0,302.5,0,1,0,0,1,0
1509,8,58,1,0,0,0,0,0,188.625,0,1,0,0,1,0
5216,14,58,1,0,0,0,0,0,372.57142857142856,0,1,0,0,1,0
2791,13,58,1,0,0,0,0,0,214.69230769230768,0,1,0,0,1,0
3302,15,58,1,0,0,0,0,0,220.13333333333333,0,1,0,0,1,0
2599,14,58,1,0,0,0,0,0,185.64285714285714,0,1,0,0,1,0
4066,11,58,1,0,0,0,0,0,369.6363636363636,0,1,0,0,1,0
6185,11,58,1,0,0,0,0,0,562.2727272727273,0,1,0,0,1,0
1732,15,58,1,0,0,0,0,0,115.46666666666667,0,1,0,0,1,0
3393,11,58,1,0,0,0,0,0,308.45454545454544,0,1,0,0,1,0
2518,14,58,1,0,0,0,0,0,179.85714285714286,0,1,0,0,1,0
3272,13,80,1,0,0,0,0,0,251.69230769230768,0,1,0,0,0,1
3137,9,80,1,0,0,0,0,0,348.55555555555554,0,1,0,0,0,1
7209,13,80,1,0,0,0,0,0,554.5384615384615,0,1,0,0,0,1
2974,11,80,1,0,0,0,0,0,270.3636363636364,0,1,0,0,0,1
3084,13,80,1,0,0,0,0,0,237.23076923076923,0,1,0,0,0,1
1676,8,80,1,0,0,0,0,0,209.5,0,1,0,0,0,1
3251,14,80,1,0,0,0,0,0,232.21428571428572,0,1,0,0,0,1
4021,11,80,1,0,0,0,0,0,365.54545454545456,0,1,0,0,0,1
3391,20,80,1,0,0,0,0,0,169.55,0,1,0,0,0,1
2871,16,80,1,0,0,0,0,0,179.4375,0,1,0,0,0,1
5279,9,80,1,0,0,0,0,0,586.5555555555555,0,1,0,0,0,1
5555,19,80,1,0,0,0,0,0,292.36842105263156,0,1,0,0,0,1
5259,13,58,1,0,0,1,1,0,404.53846153846155,0,1,0,0,1,0
8235,12,58,1,0,0,1,1,0,686.25,0,1,0,0,1,0
8701,18,58,1,0,0,1,1,0,483.3888888888889,0,1,0,0,1,0
4330,10,58,1,0,0,1,1,0,433.0,0,1,0,0,1,0
7855,18,58,1,0,0,1,1,0,436.3888888888889,0,1,0,0,1,0
6958,8,58,1,0,0,1,1,0,869.75,0,1,0,0,1,0
5613,8,65,1,0,1,0,0,1,701.625,0,1,0,0,0,1
8885,18,65,1,0,1,0,0,1,493.6111111111111,0,1,0,0,0,1
7930,18,65,1,0,1,0,0,1,440.55555555555554,0,1,0,0,0,1
5969,12,65,1,0,1,0,0,1,497.4166666666667,0,1,0,0,0,1
3555,11,18,0,0,0,0,0,0,323.1818181818182,0,1,1,0,0,0
4697,8,18,0,0,0,0,0,0,587.125,0,1,1,0,0,0
3854,25,18,0,0,0,0,0,0,154.16,0,1,1,0,0,0
2856,14,18,0,0,0,0,0,0,204.0,0,1,1,0,0,0
2510,9,18,0,0,0,0,0,0,278.8888888888889,0,1,1,0,0,0
3560,11,18,0,0,0,0,0,0,323.6363636363636,0,1,1,0,0,0
3678,17,18,0,0,0,0,0,0,216.35294117647058,0,1,1,0,0,0
2788,16,18,0,0,0,0,0,0,174.25,0,1,1,0,0,0
3877,10,18,0,0,0,0,0,0,387.7,0,1,1,0,0,0
4753,12,18,0,0,0,0,0,0,396.0833333333333,0,1,1,0,0,0
7711,15,18,0,0,0,0,0,0,514.0666666666667,0,1,1,0,0,0
2534,21,58,0,1,1,1,0,1,120.66666666666667,0,1,0,0,1,0
2077,10,58,0,1,1,1,0,1,207.7,0,1,0,0,1,0
2185,14,58,0,1,1,1,0,1,156.07142857142858,0,1,0,0,1,0
1552,10,58,0,1,1,1,0,1,155.2,0,1,0,0,1,0
2043,12,58,0,1,1,1,0,1,170.25,0,1,0,0,1,0
1955,9,58,0,1,1,1,0,1,217.22222222222223,0,1,0,0,1,0
1755,17,58,0,1,1,1,0,1,103.23529411764706,0,1,0,0,1,0
1292,9,58,0,1,1,1,0,1,143.55555555555554,0,1,0,0,1,0
1811,12,58,0,1,1,1,0,1,150.91666666666666,0,1,0,0,1,0
2056,13,58,0,1,1,1,0,1,158.15384615384616,0,1,0,0,1,0
1492,8,58,0,1,1,1,0,1,186.5,0,1,0,0,1,0
4768,17,58,0,1,1,1,0,1,280.47058823529414,0,1,0,0,1,0
7952,12,26,1,1,0,1,0,1,662.6666666666666,0,1,0,1,0,0
7704,15,26,1,1,0,1,0,1,513.6,0,1,0,1,0,0
5220,12,26,1,1,0,1,0,1,435.0,0,1,0,1,0,0
6893,12,26,1,1,0,1,0,1,574.4166666666666,0,1,0,1,0,0
3688,13,26,1,1,0,1,0,1,283.6923076923077,0,1,0,1,0,0
7950,15,26,1,1,0,1,0,1,530.0,0,1,0,1,0,0
5124,6,26,1,1,0,1,0,1,854.0,0,1,0,1,0,0
8945,18,26,1,1,0,1,0,1,496.94444444444446,0,1,0,1,0,0
3536,10,46,1,0,0,0,0,0,353.6,0,1,0,0,1,0
5720,11,46,1,0,0,0,0,0,520.0,0,1,0,0,1,0
6022,10,46,1,0,0,0,0,0,602.2,0,1,0,0,1,0
4739,14,46,1,0,0,0,0,0,338.5,0,1,0,0,1,0
8532,16,46,1,0,0,0,0,0,533.25,0,1,0,0,1,0
5423,11,46,1,0,0,0,0,0,493.0,0,1,0,0,1,0
4957,10,46,1,0,0,0,0,0,495.7,0,1,0,0,1,0
3944,11,46,1,0,0,0,0,0,358.54545454545456,0,1,0,0,1,0
4178,11,46,1,0,0,0,0,0,379.8181818181818,0,1,0,0,1,0
6373,17,46,1,0,0,0,0,0,374.88235294117646,0,1,0,0,1,0
6278,14,46,1,0,0,0,0,0,448.42857142857144,0,1,0,0,1,0
6608,12,46,1,0,0,0,0,0,550.6666666666666,0,1,0,0,1,0
4622,12,82,1,0,0,1,0,0,385.1666666666667,0,1,0,0,0,1
3119,13,82,1,0,0,1,0,0,239.92307692307693,0,1,0,0,0,1
5237,14,82,1,0,0,1,0,0,374.07142857142856,0,1,0,0,0,1
3444,13,82,1,0,0,1,0,0,264.9230769230769,0,1,0,0,0,1
3837,9,82,1,0,0,1,0,0,426.3333333333333,0,1,0,0,0,1
4852,19,82,1,0,0,1,0,0,255.3684210526316,0,1,0,0,0,1
3678,19,82,1,0,0,1,0,0,193.57894736842104,0,1,0,0,0,1
7239,10,82,1,0,0,1,0,0,723.9,0,1,0,0,0,1
6301,12,82,1,0,0,1,0,0,525.0833333333334,0,1,0,0,0,1
2969,8,82,1,0,0,1,0,0,371.125,0,1,0,0,0,1
7979,16,82,1,0,0,1,0,0,498.6875,0,1,0,0,0,1
1519,11,82,1,0,0,1,0,0,138.0909090909091,0,1,0,0,0,1
7714,14,39,0,0,0,1,1,0,551.0,0,1,0,1,0,0
8482,14,39,0,0,0,1,1,0,605.8571428571429,0,1,0,1,0,0
4266,22,65,1,0,0,0,0,0,193.9090909090909,0,1,0,0,0,1
3066,17,65,1,0,0,0,0,0,180.35294117647058,0,1,0,0,0,1
2181,8,65,1,0,0,0,0,0,272.625,0,1,0,0,0,1
5124,16,65,1,0,0,0,0,0,320.25,0,1,0,0,0,1
2693,11,65,1,0,0,0,0,0,244.8181818181818,0,1,0,0,0,1
3995,9,65,1,0,0,0,0,0,443.8888888888889,0,1,0,0,0,1
2970,13,65,1,0,0,0,0,0,228.46153846153845,0,1,0,0,0,1
3226,8,65,1,0,0,0,0,0,403.25,0,1,0,0,0,1
5912,8,65,1,0,0,0,0,0,739.0,0,1,0,0,0,1
4224,18,65,1,0,0,0,0,0,234.66666666666666,0,1,0,0,0,1
6653,20,78,0,0,0,0,0,0,332.65,0,1,0,0,0,1
5066,8,78,0,0,0,0,0,0,633.25,0,1,0,0,0,1
7954,11,78,0,0,0,0,0,0,723.0909090909091,0,1,0,0,0,1
3207,14,78,0,0,0,0,0,0,229.07142857142858,0,1,0,0,0,1
7402,18,78,0,0,0,0,0,0,411.22222222222223,0,1,0,0,0,1
6983,20,78,0,0,0,0,0,0,349.15,0,1,0,0,0,1
2504,7,78,0,0,0,0,0,0,357.7142857142857,0,1,0,0,0,1
4913,12,78,0,0,0,0,0,0,409.4166666666667,0,1,0,0,0,1
3401,11,78,0,0,0,0,0,0,309.1818181818182,0,1,0,0,0,1
7447,12,78,0,0,0,0,0,0,620.5833333333334,0,1,0,0,0,1
5610,14,78,0,0,0,0,0,0,400.7142857142857,0,1,0,0,0,1
7668,13,78,0,0,0,0,0,0,589.8461538461538,0,1,0,0,0,1
2051,10,80,0,0,0,0,0,0,205.1,0,1,0,0,0,1
1053,8,80,0,0,0,0,0,0,131.625,0,1,0,0,0,1
1667,9,80,0,0,0,0,0,0,185.22222222222223,0,1,0,0,0,1
3667,14,80,0,0,0,0,0,0,261.92857142857144,0,1,0,0,0,1
1415,12,80,0,0,0,0,0,0,117.91666666666667,0,1,0,0,0,1
7122,12,80,0,0,0,0,0,0,593.5,0,1,0,0,0,1
1523,13,80,0,0,0,0,0,0,117.15384615384616,0,1,0,0,0,1
1339,15,80,0,0,0,0,0,0,89.26666666666667,0,1,0,0,0,1
2249,12,80,0,0,0,0,0,0,187.41666666666666,0,1,0,0,0,1
2738,20,80,0,0,0,0,0,0,136.9,0,1,0,0,0,1
2986,11,80,0,0,0,0,0,0,271.45454545454544,0,1,0,0,0,1
2371,17,80,0,0,0,0,0,0,139.47058823529412,0,1,0,0,0,1
1624,7,40,0,0,0,0,0,0,232.0,0,1,0,1,0,0
2193,16,40,0,0,0,0,0,0,137.0625,0,1,0,1,0,0
1264,12,40,0,0,0,0,0,0,105.33333333333333,0,1,0,1,0,0
1172,13,40,0,0,0,0,0,0,90.15384615384616,0,1,0,1,0,0
696,13,40,0,0,0,0,0,0,53.53846153846154,0,1,0,1,0,0
1554,5,40,0,0,0,0,0,0,310.8,0,1,0,1,0,0
2628,13,40,0,0,0,0,0,0,202.15384615384616,0,1,0,1,0,0
2697,18,40,0,0,0,0,0,0,149.83333333333334,0,1,0,1,0,0
3410,12,40,0,0,0,0,0,0,284.1666666666667,0,1,0,1,0,0
1736,15,40,0,0,0,0,0,0,115.73333333333333,0,1,0,1,0,0
1871,7,40,0,0,0,0,0,0,267.2857142857143,0,1,0,1,0,0
1592,12,40,0,0,0,0,0,0,132.66666666666666,0,1,0,1,0,0
4179,9,22,1,0,0,0,0,0,464.3333333333333,0,1,1,0,0,0
5613,9,22,1,0,0,0,0,0,623.6666666666666,0,1,1,0,0,0
4427,12,22,1,0,0,0,0,0,368.9166666666667,0,1,1,0,0,0
6446,6,22,1,0,0,0,0,0,1074.3333333333333,0,1,1,0,0,0
5240,12,22,1,0,0,0,0,0,436.6666666666667,0,1,1,0,0,0
8219,12,22,1,0,0,0,0,0,684.9166666666666,0,1,1,0,0,0
4252,14,22,1,0,0,0,0,0,303.7142857142857,0,1,1,0,0,0
4666,15,22,1,0,0,0,0,0,311.06666666666666,0,1,1,0,0,0
2763,11,22,1,0,0,0,0,0,251.1818181818182,0,1,1,0,0,0
8036,17,22,1,0,0,0,0,0,472.70588235294116,0,1,1,0,0,0
9000,8,83,0,1,1,0,0,1,1125.0,0,1,0,0,0,1
6477,21,83,0,1,1,0,0,1,308.42857142857144,0,1,0,0,0,1
4635,17,83,0,1,1,0,0,1,272.6470588235294,0,1,0,0,0,1
6421,16,83,0,1,1,0,0,1,401.3125,0,1,0,0,0,1
6608,19,83,0,1,1,0,0,1,347.7894736842105,0,1,0,0,0,1
6527,18,83,0,1,1,0,0,1,362.6111111111111,0,1,0,0,0,1
4468,8,83,0,1,1,0,0,1,558.5,0,1,0,0,0,1
6882,13,83,0,1,1,0,0,1,529.3846153846154,0,1,0,0,0,1
8052,17,83,0,1,1,0,0,1,473.6470588235294,0,1,0,0,0,1
5251,10,83,0,1,1,0,0,1,525.1,0,1,0,0,0,1
6229,16,83,0,1,1,0,0,1,389.3125,0,1,0,0,0,1
3331,11,83,0,1,1,0,0,1,302.8181818181818,0,1,0,0,0,1
2885,10,63,1,0,0,1,0,0,288.5,0,1,0,0,1,0
2886,13,63,1,0,0,1,0,0,222.0,0,1,0,0,1,0
3644,15,63,1,0,0,1,0,0,242.93333333333334,0,1,0,0,1,0
1926,8,63,1,0,0,1,0,0,240.75,0,1,0,0,1,0
2693,10,63,1,0,0,1,0,0,269.3,0,1,0,0,1,0
1387,11,63,1,0,0,1,0,0,126.0909090909091,0,1,0,0,1,0
3460,6,63,1,0,0,1,0,0,576.6666666666666,0,1,0,0,1,0
5829,19,63,1,0,0,1,0,0,306.7894736842105,0,1,0,0,1,0
2402,17,63,1,0,0,1,0,0,141.2941176470588,0,1,0,0,1,0
2680,15,63,1,0,0,1,0,0,178.66666666666666,0,1,0,0,1,0
2073,9,63,1,0,0,1,0,0,230.33333333333334,0,1,0,0,1,0
3742,23,63,1,0,0,1,0,0,162.69565217391303,0,1,0,0,1,0
6614,11,73,0,1,0,0,1,1,601.2727272727273,0,1,0,0,0,1
7372,9,73,0,1,0,0,1,1,819.1111111111111,0,1,0,0,0,1
4627,14,73,0,1,0,0,1,1,330.5,0,1,0,0,0,1
6778,13,73,0,1,0,0,1,1,521.3846153846154,0,1,0,0,0,1
6428,12,73,0,1,0,0,1,1,535.6666666666666,0,1,0,0,0,1
8205,10,62,0,0,1,0,0,1,820.5,0,1,0,0,1,0
6292,8,62,0,0,1,0,0,1,786.5,0,1,0,0,1,0
2949,19,51,0,0,0,0,0,0,155.21052631578948,0,1,0,0,1,0
4533,14,51,0,0,0,0,0,0,323.7857142857143,0,1,0,0,1,0
3900,15,51,0,0,0,0,0,0,260.0,0,1,0,0,1,0
1778,16,51,0,0,0,0,0,0,111.125,0,1,0,0,1,0
1607,15,51,0,0,0,0,0,0,107.13333333333334,0,1,0,0,1,0
1726,14,51,0,0,0,0,0,0,123.28571428571429,0,1,0,0,1,0
2543,11,51,0,0,0,0,0,0,231.1818181818182,0,1,0,0,1,0
3671,17,51,0,0,0,0,0,0,215.94117647058823,0,1,0,0,1,0
1889,8,51,0,0,0,0,0,0,236.125,0,1,0,0,1,0
6412,22,51,0,0,0,0,0,0,291.45454545454544,0,1,0,0,1,0
1563,11,51,0,0,0,0,0,0,142.0909090909091,0,1,0,0,1,0
1346,11,24,1,1,0,1,0,1,122.36363636363636,0,1,1,0,0,0
1398,17,24,1,1,0,1,0,1,82.23529411764706,0,1,1,0,0,0
3416,20,24,1,1,0,1,0,1,170.8,0,1,1,0,0,0
617,6,24,1,1,0,1,0,1,102.83333333333333,0,1,1,0,0,0
3977,10,24,1,1,0,1,0,1,397.7,0,1,1,0,0,0
3474,15,24,1,1,0,1,0,1,231.6,0,1,1,0,0,0
1311,13,24,1,1,0,1,0,1,100.84615384615384,0,1,1,0,0,0
975,23,24,1,1,0,1,0,1,42.391304347826086,0,1,1,0,0,0
1763,16,24,1,1,0,1,0,1,110.1875,0,1,1,0,0,0
1737,15,24,1,1,0,1,0,1,115.8,0,1,1,0,0,0
1484,9,24,1,1,0,1,0,1,164.88888888888889,0,1,1,0,0,0
1016,12,24,1,1,0,1,0,1,84.66666666666667,0,1,1,0,0,0
7411,13,61,1,1,0,1,0,1,570.0769230769231,0,1,0,0,1,0
7911,16,61,1,1,0,1,0,1,494.4375,0,1,0,0,1,0
7204,9,61,1,1,0,1,0,1,800.4444444444445,0,1,0,0,1,0
4340,10,61,1,1,0,1,0,1,434.0,0,1,0,0,1,0
7773,15,61,1,1,0,1,0,1,518.2,0,1,0,0,1,0
8693,14,48,1,1,0,0,0,1,620.9285714285714,0,1,0,0,1,0
8423,11,48,1,1,0,0,0,1,765.7272727272727,0,1,0,0,1,0
2776,6,48,1,1,0,0,0,1,462.6666666666667,0,1,0,0,1,0
8421,14,48,1,1,0,0,0,1,601.5,0,1,0,0,1,0
5135,11,48,1,1,0,0,0,1,466.8181818181818,0,1,0,0,1,0
6854,16,48,1,1,0,0,0,1,428.375,0,1,0,0,1,0
8500,13,48,1,1,0,0,0,1,653.8461538461538,0,1,0,0,1,0
5772,14,48,1,1,0,0,0,1,412.2857142857143,0,1,0,0,1,0
7178,12,48,1,1,0,0,0,1,598.1666666666666,0,1,0,0,1,0
5101,17,48,1,1,0,0,0,1,300.05882352941177,0,1,0,0,1,0
7203,16,48,1,1,0,0,0,1,450.1875,0,1,0,0,1,0
8463,11,21,0,0,0,0,1,0,769.3636363636364,0,1,1,0,0,0
6450,13,21,0,0,0,0,1,0,496.15384615384613,0,1,1,0,0,0
7086,11,21,0,0,0,0,1,0,644.1818181818181,0,1,1,0,0,0
2313,8,64,0,1,0,0,0,1,289.125,0,1,0,0,1,0
2033,12,64,0,1,0,0,0,1,169.41666666666666,0,1,0,0,1,0
3473,7,64,0,1,0,0,0,1,496.14285714285717,0,1,0,0,1,0
2401,12,64,0,1,0,0,0,1,200.08333333333334,0,1,0,0,1,0
1407,10,64,0,1,0,0,0,1,140.7,0,1,0,0,1,0
2362,22,64,0,1,0,0,0,1,107.36363636363636,0,1,0,0,1,0
3534,19,64,0,1,0,0,0,1,186.0,0,1,0,0,1,0
868,14,64,0,1,0,0,0,1,62.0,0,1,0,0,1,0
2227,14,64,0,1,0,0,0,1,159.07142857142858,0,1,0,0,1,0
2566,13,64,0,1,0,0,0,1,197.3846153846154,0,1,0,0,1,0
3472,11,64,0,1,0,0,0,1,315.6363636363636,0,1,0,0,1,0
1713,8,64,0,1,0,0,0,1,214.125,0,1,0,0,1,0
1474,19,33,1,1,0,0,0,1,77.57894736842105,0,1,0,1,0,0
1746,16,33,1,1,0,0,0,1,109.125,0,1,0,1,0,0
2195,18,33,1,1,0,0,0,1,121.94444444444444,0,1,0,1,0,0
1361,4,33,1,1,0,0,0,1,340.25,0,1,0,1,0,0
1409,12,33,1,1,0,0,0,1,117.41666666666667,0,1,0,1,0,0
1270,11,33,1,1,0,0,0,1,115.45454545454545,0,1,0,1,0,0
1615,16,33,1,1,0,0,0,1,100.9375,0,1,0,1,0,0
2176,11,33,1,1,0,0,0,1,197.8181818181818,0,1,0,1,0,0
643,4,33,1,1,0,0,0,1,160.75,0,1,0,1,0,0
1971,8,33,1,1,0,0,0,1,246.375,0,1,0,1,0,0
1398,11,33,1,1,0,0,0,1,127.0909090909091,0,1,0,1,0,0
2080,8,33,1,1,0,0,0,1,260.0,0,1,0,1,0,0
5225,12,83,0,0,0,0,0,0,435.4166666666667,0,1,0,0,0,1
6736,13,83,0,0,0,0,0,0,518.1538461538462,0,1,0,0,0,1
5692,13,83,0,0,0,0,0,0,437.84615384615387,0,1,0,0,0,1
4656,16,83,0,0,0,0,0,0,291.0,0,1,0,0,0,1
6418,12,83,0,0,0,0,0,0,534.8333333333334,0,1,0,0,0,1
7303,15,83,0,0,0,0,0,0,486.8666666666667,0,1,0,0,0,1
4856,11,83,0,0,0,0,0,0,441.45454545454544,0,1,0,0,0,1
7959,12,83,0,0,0,0,0,0,663.25,0,1,0,0,0,1
5443,5,83,0,0,0,0,0,0,1088.6,0,1,0,0,0,1
7680,8,27,1,0,0,0,0,0,960.0,0,1,0,1,0,0
6439,14,27,1,0,0,0,0,0,459.92857142857144,0,1,0,1,0,0
3481,13,27,1,0,0,0,0,0,267.7692307692308,0,1,0,1,0,0
6499,15,27,1,0,0,0,0,0,433.26666666666665,0,1,0,1,0,0
5139,6,27,1,0,0,0,0,0,856.5,0,1,0,1,0,0
4791,17,27,1,0,0,0,0,0,281.8235294117647,0,1,0,1,0,0
3730,14,78,1,1,0,0,0,1,266.42857142857144,0,1,0,0,0,1
4728,9,78,1,1,0,0,0,1,525.3333333333334,0,1,0,0,0,1
5529,18,78,1,1,0,0,0,1,307.1666666666667,0,1,0,0,0,1
5636,16,78,1,1,0,0,0,1,352.25,0,1,0,0,0,1
5304,9,78,1,1,0,0,0,1,589.3333333333334,0,1,0,0,0,1
5803,14,78,1,1,0,0,0,1,414.5,0,1,0,0,0,1
3455,17,78,1,1,0,0,0,1,203.23529411764707,0,1,0,0,0,1
3831,11,78,1,1,0,0,0,1,348.27272727272725,0,1,0,0,0,1
5737,18,78,1,1,0,0,0,1,318.72222222222223,0,1,0,0,0,1
3152,17,78,1,1,0,0,0,1,185.41176470588235,0,1,0,0,0,1
3352,9,78,1,1,0,0,0,1,372.44444444444446,0,1,0,0,0,1
4831,11,78,1,1,0,0,0,1,439.1818181818182,0,1,0,0,0,1
3529,22,27,1,0,0,1,0,0,160.4090909090909,0,1,0,1,0,0
3294,17,27,1,0,0,1,0,0,193.76470588235293,0,1,0,1,0,0
2815,15,27,1,0,0,1,0,0,187.66666666666666,0,1,0,1,0,0
4024,15,27,1,0,0,1,0,0,268.26666666666665,0,1,0,1,0,0
4705,17,27,1,0,0,1,0,0,276.7647058823529,0,1,0,1,0,0
2404,18,27,1,0,0,1,0,0,133.55555555555554,0,1,0,1,0,0
2880,12,27,1,0,0,1,0,0,240.0,0,1,0,1,0,0
3401,15,27,1,0,0,1,0,0,226.73333333333332,0,1,0,1,0,0
2801,13,27,1,0,0,1,0,0,215.46153846153845,0,1,0,1,0,0
1814,14,27,1,0,0,1,0,0,129.57142857142858,0,1,0,1,0,0
1711,3,27,1,0,0,1,0,0,570.3333333333334,0,1,0,1,0,0
866,9,45,0,1,0,0,0,1,96.22222222222223,0,1,0,0,1,0
1001,11,45,0,1,0,0,0,1,91.0,0,1,0,0,1,0
1273,10,45,0,1,0,0,0,1,127.3,0,1,0,0,1,0
1316,9,45,0,1,0,0,0,1,146.22222222222223,0,1,0,0,1,0
2314,13,45,0,1,0,0,0,1,178.0,0,1,0,0,1,0
2114,13,45,0,1,0,0,0,1,162.6153846153846,0,1,0,0,1,0
3381,11,45,0,1,0,0,0,1,307.3636363636364,0,1,0,0,1,0
1690,15,45,0,1,0,0,0,1,112.66666666666667,0,1,0,0,1,0
2718,26,45,0,1,0,0,0,1,104.53846153846153,0,1,0,0,1,0
2106,11,45,0,1,0,0,0,1,191.45454545454547,0,1,0,0,1,0
1422,7,45,0,1,0,0,0,1,203.14285714285714,0,1,0,0,1,0
4998,14,45,0,1,0,0,0,1,357.0,0,1,0,0,1,0
4959,12,77,0,0,0,1,0,0,413.25,0,1,0,0,0,1
3742,3,77,0,0,0,1,0,0,1247.3333333333333,0,1,0,0,0,1
4598,13,77,0,0,0,1,0,0,353.6923076923077,0,1,0,0,0,1
7925,20,77,0,0,0,1,0,0,396.25,0,1,0,0,0,1
7516,12,77,0,0,0,1,0,0,626.3333333333334,0,1,0,0,0,1
6903,17,53,0,0,1,0,0,1,406.05882352941177,0,1,0,0,1,0
8972,22,53,0,0,1,0,0,1,407.8181818181818,0,1,0,0,1,0
8653,18,53,0,0,1,0,0,1,480.72222222222223,0,1,0,0,1,0
5754,8,53,0,0,1,0,0,1,719.25,0,1,0,0,1,0
1961,15,83,1,1,1,1,0,1,130.73333333333332,0,1,0,0,0,1
1220,8,83,1,1,1,1,0,1,152.5,0,1,0,0,0,1
2643,9,83,1,1,1,1,0,1,293.6666666666667,0,1,0,0,0,1
1709,18,83,1,1,1,1,0,1,94.94444444444444,0,1,0,0,0,1
2454,12,83,1,1,1,1,0,1,204.5,0,1,0,0,0,1
1836,13,83,1,1,1,1,0,1,141.23076923076923,0,1,0,0,0,1
1903,15,83,1,1,1,1,0,1,126.86666666666666,0,1,0,0,0,1
2530,13,83,1,1,1,1,0,1,194.6153846153846,0,1,0,0,0,1
2205,12,83,1,1,1,1,0,1,183.75,0,1,0,0,0,1
2001,13,83,1,1,1,1,0,1,153.92307692307693,0,1,0,0,0,1
2449,17,83,1,1,1,1,0,1,144.05882352941177,0,1,0,0,0,1
1306,12,83,1,1,1,1,0,1,108.83333333333333,0,1,0,0,0,1
5556,6,55,0,0,0,1,0,0,926.0,0,1,0,0,1,0
7493,12,55,0,0,0,1,0,0,624.4166666666666,0,1,0,0,1,0
7245,12,80,1,1,0,0,0,1,603.75,0,1,0,0,0,1
6333,11,80,1,1,0,0,0,1,575.7272727272727,0,1,0,0,0,1
6288,18,80,1,1,0,0,0,1,349.3333333333333,0,1,0,0,0,1
5711,10,80,1,1,0,0,0,1,571.1,0,1,0,0,0,1
5692,18,80,1,1,0,0,0,1,316.22222222222223,0,1,0,0,0,1
4082,13,80,1,1,0,0,0,1,314.0,0,1,0,0,0,1
2945,11,80,1,1,0,0,0,1,267.72727272727275,0,1,0,0,0,1
6636,12,80,1,1,0,0,0,1,553.0,0,1,0,0,0,1
2864,11,80,1,1,0,0,0,1,260.3636363636364,0,1,0,0,0,1
4660,12,80,1,1,0,0,0,1,388.3333333333333,0,1,0,0,0,1
2096,9,30,0,0,0,1,0,0,232.88888888888889,0,1,0,1,0,0
4477,13,30,0,0,0,1,0,0,344.38461538461536,0,1,0,1,0,0
6992,15,30,0,0,0,1,0,0,466.1333333333333,0,1,0,1,0,0
5379,12,30,0,0,0,1,0,0,448.25,0,1,0,1,0,0
5393,18,30,0,0,0,1,0,0,299.6111111111111,0,1,0,1,0,0
3899,8,30,0,0,0,1,0,0,487.375,0,1,0,1,0,0
6341,14,30,0,0,0,1,0,0,452.92857142857144,0,1,0,1,0,0
3845,7,30,0,0,0,1,0,0,549.2857142857143,0,1,0,1,0,0
4390,18,30,0,0,0,1,0,0,243.88888888888889,0,1,0,1,0,0
6445,13,30,0,0,0,1,0,0,495.7692307692308,0,1,0,1,0,0
3650,9,30,0,0,0,1,0,0,405.55555555555554,0,1,0,1,0,0
2208,10,84,1,0,0,0,0,0,220.8,0,1,0,0,0,1
3273,18,84,1,0,0,0,0,0,181.83333333333334,0,1,0,0,0,1
1194,8,84,1,0,0,0,0,0,149.25,0,1,0,0,0,1
2365,8,84,1,0,0,0,0,0,295.625,0,1,0,0,0,1
1489,12,84,1,0,0,0,0,0,124.08333333333333,0,1,0,0,0,1
1695,10,84,1,0,0,0,0,0,169.5,0,1,0,0,0,1
3372,10,84,1,0,0,0,0,0,337.2,0,1,0,0,0,1
2995,12,84,1,0,0,0,0,0,249.58333333333334,0,1,0,0,0,1
1360,12,84,1,0,0,0,0,0,113.33333333333333,0,1,0,0,0,1
1551,13,84,1,0,0,0,0,0,119.3076923076923,0,1,0,0,0,1
1297,7,84,1,0,0,0,0,0,185.28571428571428,0,1,0,0,0,1
4159,14,84,1,0,0,0,0,0,297.07142857142856,0,1,0,0,0,1
8967,17,35,0,0,0,0,0,0,527.4705882352941,0,1,0,1,0,0
5267,13,35,0,0,0,0,0,0,405.15384615384613,0,1,0,1,0,0
5067,10,35,0,0,0,0,0,0,506.7,0,1,0,1,0,0
5244,11,35,0,0,0,0,0,0,476.72727272727275,0,1,0,1,0,0
5142,9,35,0,0,0,0,0,0,571.3333333333334,0,1,0,1,0,0
5424,14,35,0,0,0,0,0,0,387.42857142857144,0,1,0,1,0,0
7039,16,35,0,0,0,0,0,0,439.9375,0,1,0,1,0,0
3778,15,35,0,0,0,0,0,0,251.86666666666667,0,1,0,1,0,0
5598,20,35,0,0,0,0,0,0,279.9,0,1,0,1,0,0
4339,14,35,0,0,0,0,0,0,309.92857142857144,0,1,0,1,0,0
6843,13,35,0,0,0,0,0,0,526.3846153846154,0,1,0,1,0,0
5191,16,35,0,0,0,0,0,0,324.4375,0,1,0,1,0,0
5335,9,28,0,1,0,1,1,1,592.7777777777778,0,1,0,1,0,0
6519,15,28,0,1,0,1,1,1,434.6,0,1,0,1,0,0
5195,9,28,0,1,0,1,1,1,577.2222222222222,0,1,0,1,0,0
7744,13,28,0,1,0,1,1,1,595.6923076923077,0,1,0,1,0,0
6506,12,28,0,1,0,1,1,1,542.1666666666666,0,1,0,1,0,0
2265,10,28,0,1,0,1,1,1,226.5,0,1,0,1,0,0
3956,13,67,1,0,0,0,0,0,304.3076923076923,0,1,0,0,0,1
3905,15,67,1,0,0,0,0,0,260.3333333333333,0,1,0,0,0,1
4675,12,67,1,0,0,0,0,0,389.5833333333333,0,1,0,0,0,1
5815,8,67,1,0,0,0,0,0,726.875,0,1,0,0,0,1
4163,15,67,1,0,0,0,0,0,277.53333333333336,0,1,0,0,0,1
5382,15,67,1,0,0,0,0,0,358.8,0,1,0,0,0,1
3427,12,67,1,0,0,0,0,0,285.5833333333333,0,1,0,0,0,1
5371,19,67,1,0,0,0,0,0,282.6842105263158,0,1,0,0,0,1
3676,12,67,1,0,0,0,0,0,306.3333333333333,0,1,0,0,0,1
3903,9,67,1,0,0,0,0,0,433.6666666666667,0,1,0,0,0,1
5387,19,67,1,0,0,0,0,0,283.5263157894737,0,1,0,0,0,1
4104,14,67,1,0,0,0,0,0,293.14285714285717,0,1,0,0,0,1
2228,11,78,1,0,0,1,0,0,202.54545454545453,0,1,0,0,0,1
2782,15,78,1,0,0,1,0,0,185.46666666666667,0,1,0,0,0,1
5810,15,78,1,0,0,1,0,0,387.3333333333333,0,1,0,0,0,1
3015,10,78,1,0,0,1,0,0,301.5,0,1,0,0,0,1
4792,13,78,1,0,0,1,0,0,368.61538461538464,0,1,0,0,0,1
3036,13,78,1,0,0,1,0,0,233.53846153846155,0,1,0,0,0,1
5161,8,78,1,0,0,1,0,0,645.125,0,1,0,0,0,1
4711,15,78,1,0,0,1,0,0,314.06666666666666,0,1,0,0,0,1
5776,14,78,1,0,0,1,0,0,412.57142857142856,0,1,0,0,0,1
1996,13,78,1,0,0,1,0,0,153.53846153846155,0,1,0,0,0,1
3154,17,78,1,0,0,1,0,0,185.52941176470588,0,1,0,0,0,1
1240,9,33,0,0,0,0,0,0,137.77777777777777,0,1,0,1,0,0
3442,13,33,0,0,0,0,0,0,264.7692307692308,0,1,0,1,0,0
3046,5,33,0,0,0,0,0,0,609.2,0,1,0,1,0,0
1875,12,33,0,0,0,0,0,0,156.25,0,1,0,1,0,0
1935,13,33,0,0,0,0,0,0,148.84615384615384,0,1,0,1,0,0
1828,11,33,0,0,0,0,0,0,166.1818181818182,0,1,0,1,0,0
2012,15,33,0,0,0,0,0,0,134.13333333333333,0,1,0,1,0,0
2659,11,33,0,0,0,0,0,0,241.72727272727272,0,1,0,1,0,0
2113,8,33,0,0,0,0,0,0,264.125,0,1,0,1,0,0
2608,17,33,0,0,0,0,0,0,153.41176470588235,0,1,0,1,0,0
1411,9,33,0,0,0,0,0,0,156.77777777777777,0,1,0,1,0,0
2668,17,33,0,0,0,0,0,0,156.94117647058823,0,1,0,1,0,0
