Customer_ID,Month,SAR
1,Apr,0
1,Aug,1
1,Dec,0
1,Feb,0
1,Jan,0
1,Jul,0
1,Jun,0
1,Mar,0
1,May,0
1,Nov,0
1,Oct,0
1,Sep,0
2,Apr,0
2,Aug,0
2,Dec,0
2,Feb,0
2,Jan,0
2,Jul,0
2,Jun,0
2,Mar,0
2,May,0
2,Nov,0
2,Oct,0
2,Sep,0
3,Apr,0
3,Aug,0
3,Dec,0
3,Feb,0
3,Jan,0
3,Jul,1
3,Jun,0
3,Mar,0
3,May,0
3,Nov,1
3,Oct,0
3,Sep,0
4,Apr,0
4,Aug,0
4,Dec,0
4,Feb,0
4,Jan,0
4,Jul,0
4,Jun,0
4,Mar,0
4,May,0
4,Nov,0
4,Oct,0
4,Sep,0
5,Apr,0
5,Aug,0
5,Dec,1
5,Feb,0
5,Jan,0
5,Jul,0
5,Jun,1
5,Mar,0
5,May,0
5,Nov,1
5,Oct,0
5,Sep,0
6,Apr,0
6,Aug,0
6,Dec,0
6,Feb,0
6,Jan,0
6,Jul,0
6,Jun,0
6,Mar,0
6,May,0
6,Nov,0
6,Oct,0
6,Sep,0
7,Apr,0
7,Aug,0
7,Dec,0
7,Feb,0
7,Jan,0
7,Jul,0
7,Jun,0
7,Mar,0
7,May,0
7,Nov,0
7,Oct,0
7,Sep,0
8,Apr,0
8,Aug,0
8,Dec,0
8,Feb,0
8,Jan,0
8,Jul,0
8,Jun,0
8,Mar,0
8,May,0
8,Nov,0
8,Oct,0
8,Sep,1
9,Apr,0
9,Aug,0
9,Dec,0
9,Feb,0
9,Jan,0
9,Jul,0
9,Jun,0
9,Mar,0
9,May,0
9,Nov,0
9,Oct,0
9,Sep,0
10,Apr,0
10,Aug,0
10,Dec,0
10,Feb,0
10,Jan,0
10,Jul,0
10,Jun,0
10,Mar,0
10,May,1
10,Nov,0
10,Oct,0
10,Sep,0
11,Apr,0
11,Aug,0
11,Dec,0
11,Feb,0
11,Jan,0
11,Jul,0
11,Jun,0
11,Mar,0
11,May,1
11,Nov,0
11,Oct,0
11,Sep,0
12,Apr,0
12,Aug,0
12,Dec,0
12,Feb,0
12,Jan,0
12,Jul,0
12,Jun,0
12,Mar,1
12,May,1
12,Nov,0
12,Oct,0
12,Sep,0
13,Apr,0
13,Aug,0
13,Dec,0
13,Feb,0
13,Jan,0
13,Jul,0
13,Jun,0
13,Mar,0
13,May,0
13,Nov,0
13,Oct,0
13,Sep,0
14,Apr,0
14,Aug,0
14,Dec,0
14,Feb,0
14,Jan,0
14,Jul,0
14,Jun,0
14,Mar,0
14,May,0
14,Nov,0
14,Oct,0
14,Sep,0
15,Apr,0
15,Aug,0
15,Dec,0
15,Feb,0
15,Jan,0
15,Jul,0
15,Jun,0
15,Mar,0
15,May,0
15,Nov,0
15,Oct,0
15,Sep,0
16,Apr,1
16,Aug,0
16,Dec,0
16,Feb,0
16,Jan,0
16,Jul,0
16,Jun,0
16,Mar,0
16,May,0
16,Nov,0
16,Oct,0
16,Sep,0
17,Apr,0
17,Aug,0
17,Dec,0
17,Feb,0
17,Jan,0
17,Jul,0
17,Jun,0
17,Mar,0
17,May,0
17,Nov,0
17,Oct,0
17,Sep,0
18,Apr,0
18,Aug,0
18,Dec,0
18,Feb,0
18,Jan,0
18,Jul,0
18,Jun,0
18,Mar,0
18,May,0
18,Nov,0
18,Oct,0
18,Sep,0
19,Apr,0
19,Aug,0
19,Dec,0
19,Feb,0
19,Jan,0
19,Jul,0
19,Jun,0
19,Mar,0
19,May,0
19,Nov,0
19,Oct,0
19,Sep,0
20,Apr,0
20,Aug,0
20,Dec,0
20,Feb,0
20,Jan,0
20,Jul,0
20,Jun,0
20,Mar,0
20,May,0
20,Nov,0
20,Oct,0
20,Sep,0
21,Apr,0
21,Aug,0
21,Dec,0
21,Feb,0
21,Jan,0
21,Jul,0
21,Jun,0
21,Mar,0
21,May,0
21,Nov,0
21,Oct,0
21,Sep,0
22,Apr,0
22,Aug,0
22,Dec,0
22,Feb,0
22,Jan,0
22,Jul,0
22,Jun,0
22,Mar,0
22,May,0
22,Nov,0
22,Oct,0
22,Sep,0
23,Apr,0
23,Aug,0
23,Dec,0
23,Feb,1
23,Jan,0
23,Jul,0
23,Jun,0
23,Mar,0
23,May,0
23,Nov,0
23,Oct,0
23,Sep,0
24,Apr,0
24,Aug,0
24,Dec,0
24,Feb,0
24,Jan,0
24,Jul,0
24,Jun,0
24,Mar,0
24,May,0
24,Nov,0
24,Oct,0
24,Sep,0
25,Apr,1
25,Aug,0
25,Dec,1
25,Feb,0
25,Jan,0
25,Jul,0
25,Jun,0
25,Mar,0
25,May,0
25,Nov,0
25,Oct,0
25,Sep,0
26,Apr,0
26,Aug,0
26,Dec,0
26,Feb,1
26,Jan,0
26,Jul,0
26,Jun,0
26,Mar,0
26,May,1
26,Nov,0
26,Oct,0
26,Sep,0
27,Apr,0
27,Aug,0
27,Dec,0
27,Feb,0
27,Jan,0
27,Jul,0
27,Jun,0
27,Mar,0
27,May,0
27,Nov,0
27,Oct,0
27,Sep,0
28,Apr,0
28,Aug,0
28,Dec,0
28,Feb,1
28,Jan,0
28,Jul,0
28,Jun,0
28,Mar,0
28,May,0
28,Nov,0
28,Oct,0
28,Sep,0
29,Apr,0
29,Aug,0
29,Dec,0
29,Feb,0
29,Jan,0
29,Jul,0
29,Jun,0
29,Mar,0
29,May,0
29,Nov,0
29,Oct,0
29,Sep,0
30,Apr,0
30,Aug,0
30,Dec,0
30,Feb,0
30,Jan,0
30,Jul,0
30,Jun,0
30,Mar,0
30,May,0
30,Nov,0
30,Oct,0
30,Sep,0
31,Apr,0
31,Aug,0
31,Dec,0
31,Feb,0
31,Jan,0
31,Jul,0
31,Jun,0
31,Mar,0
31,May,0
31,Nov,0
31,Oct,0
31,Sep,0
32,Apr,0
32,Aug,0
32,Dec,0
32,Feb,0
32,Jan,0
32,Jul,0
32,Jun,0
32,Mar,0
32,May,0
32,Nov,0
32,Oct,0
32,Sep,0
33,Apr,0
33,Aug,0
33,Dec,0
33,Feb,0
33,Jan,0
33,Jul,0
33,Jun,0
33,Mar,0
33,May,0
33,Nov,0
33,Oct,0
33,Sep,0
34,Apr,0
34,Aug,0
34,Dec,0
34,Feb,0
34,Jan,0
34,Jul,0
34,Jun,0
34,Mar,0
34,May,0
34,Nov,0
34,Oct,0
34,Sep,0
35,Apr,0
35,Aug,0
35,Dec,1
35,Feb,0
35,Jan,0
35,Jul,0
35,Jun,0
35,Mar,0
35,May,0
35,Nov,0
35,Oct,0
35,Sep,0
36,Apr,0
36,Aug,0
36,Dec,0
36,Feb,0
36,Jan,0
36,Jul,0
36,Jun,0
36,Mar,0
36,May,0
36,Nov,0
36,Oct,0
36,Sep,0
37,Apr,0
37,Aug,0
37,Dec,0
37,Feb,0
37,Jan,0
37,Jul,0
37,Jun,0
37,Mar,0
37,May,0
37,Nov,0
37,Oct,0
37,Sep,0
38,Apr,0
38,Aug,0
38,Dec,0
38,Feb,0
38,Jan,0
38,Jul,0
38,Jun,0
38,Mar,0
38,May,0
38,Nov,0
38,Oct,0
38,Sep,0
39,Apr,0
39,Aug,0
39,Dec,0
39,Feb,0
39,Jan,0
39,Jul,0
39,Jun,0
39,Mar,0
39,May,0
39,Nov,0
39,Oct,0
39,Sep,0
40,Apr,0
40,Aug,0
40,Dec,0
40,Feb,0
40,Jan,0
40,Jul,0
40,Jun,0
40,Mar,0
40,May,0
40,Nov,0
40,Oct,0
40,Sep,0
41,Apr,0
41,Aug,0
41,Dec,0
41,Feb,0
41,Jan,0
41,Jul,0
41,Jun,0
41,Mar,0
41,May,0
41,Nov,0
41,Oct,0
41,Sep,0
42,Apr,0
42,Aug,0
42,Dec,0
42,Feb,0
42,Jan,0
42,Jul,0
42,Jun,0
42,Mar,0
42,May,0
42,Nov,0
42,Oct,0
42,Sep,0
43,Apr,0
43,Aug,0
43,Dec,0
43,Feb,0
43,Jan,0
43,Jul,1
43,Jun,0
43,Mar,0
43,May,0
43,Nov,0
43,Oct,0
43,Sep,0
44,Apr,0
44,Aug,1
44,Dec,0
44,Feb,0
44,Jan,0
44,Jul,0
44,Jun,0
44,Mar,0
44,May,0
44,Nov,0
44,Oct,0
44,Sep,0
45,Apr,0
45,Aug,0
45,Dec,0
45,Feb,0
45,Jan,0
45,Jul,0
45,Jun,0
45,Mar,0
45,May,0
45,Nov,0
45,Oct,0
45,Sep,0
46,Apr,0
46,Aug,0
46,Dec,0
46,Feb,0
46,Jan,0
46,Jul,0
46,Jun,0
46,Mar,0
46,May,0
46,Nov,0
46,Oct,0
46,Sep,0
47,Apr,0
47,Aug,0
47,Dec,0
47,Feb,0
47,Jan,0
47,Jul,0
47,Jun,0
47,Mar,0
47,May,0
47,Nov,0
47,Oct,0
47,Sep,0
48,Apr,1
48,Aug,0
48,Dec,0
48,Feb,0
48,Jan,0
48,Jul,0
48,Jun,0
48,Mar,0
48,May,0
48,Nov,0
48,Oct,0
48,Sep,0
49,Apr,0
49,Aug,0
49,Dec,0
49,Feb,0
49,Jan,0
49,Jul,0
49,Jun,0
49,Mar,0
49,May,0
49,Nov,0
49,Oct,0
49,Sep,0
50,Apr,0
50,Aug,0
50,Dec,0
50,Feb,0
50,Jan,0
50,Jul,0
50,Jun,0
50,Mar,0
50,May,1
50,Nov,1
50,Oct,0
50,Sep,0
51,Apr,0
51,Aug,0
51,Dec,0
51,Feb,0
51,Jan,0
51,Jul,0
51,Jun,0
51,Mar,0
51,May,0
51,Nov,0
51,Oct,0
51,Sep,0
52,Apr,0
52,Aug,0
52,Dec,0
52,Feb,0
52,Jan,0
52,Jul,0
52,Jun,0
52,Mar,0
52,May,0
52,Nov,0
52,Oct,0
52,Sep,0
53,Apr,0
53,Aug,0
53,Dec,0
53,Feb,0
53,Jan,0
53,Jul,0
53,Jun,0
53,Mar,0
53,May,0
53,Nov,0
53,Oct,0
53,Sep,0
54,Apr,0
54,Aug,0
54,Dec,0
54,Feb,0
54,Jan,0
54,Jul,0
54,Jun,0
54,Mar,0
54,May,0
54,Nov,0
54,Oct,0
54,Sep,0
55,Apr,0
55,Aug,0
55,Dec,0
55,Feb,0
55,Jan,0
55,Jul,0
55,Jun,0
55,Mar,0
55,May,0
55,Nov,0
55,Oct,0
55,Sep,0
56,Apr,0
56,Aug,0
56,Dec,0
56,Feb,0
56,Jan,0
56,Jul,0
56,Jun,0
56,Mar,0
56,May,0
56,Nov,0
56,Oct,0
56,Sep,0
57,Apr,0
57,Aug,0
57,Dec,0
57,Feb,0
57,Jan,0
57,Jul,0
57,Jun,0
57,Mar,0
57,May,0
57,Nov,0
57,Oct,0
57,Sep,0
58,Apr,0
58,Aug,0
58,Dec,0
58,Feb,0
58,Jan,0
58,Jul,0
58,Jun,0
58,Mar,0
58,May,0
58,Nov,0
58,Oct,0
58,Sep,0
59,Apr,0
59,Aug,0
59,Dec,0
59,Feb,0
59,Jan,0
59,Jul,0
59,Jun,0
59,Mar,0
59,May,0
59,Nov,0
59,Oct,0
59,Sep,0
60,Apr,0
60,Aug,0
60,Dec,0
60,Feb,0
60,Jan,0
60,Jul,0
60,Jun,0
60,Mar,0
60,May,0
60,Nov,0
60,Oct,0
60,Sep,0
61,Apr,0
61,Aug,0
61,Dec,0
61,Feb,0
61,Jan,1
61,Jul,0
61,Jun,0
61,Mar,0
61,May,0
61,Nov,0
61,Oct,0
61,Sep,0
62,Apr,0
62,Aug,0
62,Dec,0
62,Feb,0
62,Jan,0
62,Jul,0
62,Jun,0
62,Mar,0
62,May,0
62,Nov,0
62,Oct,0
62,Sep,0
63,Apr,0
63,Aug,0
63,Dec,0
63,Feb,0
63,Jan,0
63,Jul,0
63,Jun,0
63,Mar,0
63,May,0
63,Nov,0
63,Oct,0
63,Sep,0
64,Apr,0
64,Aug,0
64,Dec,0
64,Feb,0
64,Jan,0
64,Jul,0
64,Jun,0
64,Mar,0
64,May,0
64,Nov,0
64,Oct,0
64,Sep,0
65,Apr,0
65,Aug,0
65,Dec,0
65,Feb,0
65,Jan,0
65,Jul,0
65,Jun,0
65,Mar,1
65,May,0
65,Nov,0
65,Oct,1
65,Sep,0
66,Apr,0
66,Aug,0
66,Dec,0
66,Feb,0
66,Jan,0
66,Jul,0
66,Jun,0
66,Mar,0
66,May,0
66,Nov,0
66,Oct,0
66,Sep,0
67,Apr,0
67,Aug,0
67,Dec,0
67,Feb,0
67,Jan,0
67,Jul,0
67,Jun,0
67,Mar,0
67,May,0
67,Nov,0
67,Oct,0
67,Sep,0
68,Apr,1
68,Aug,1
68,Dec,0
68,Feb,0
68,Jan,1
68,Jul,0
68,Jun,0
68,Mar,0
68,May,0
68,Nov,0
68,Oct,0
68,Sep,0
69,Apr,0
69,Aug,0
69,Dec,0
69,Feb,0
69,Jan,0
69,Jul,0
69,Jun,0
69,Mar,0
69,May,0
69,Nov,0
69,Oct,0
69,Sep,0
70,Apr,0
70,Aug,0
70,Dec,0
70,Feb,0
70,Jan,0
70,Jul,0
70,Jun,0
70,Mar,0
70,May,0
70,Nov,0
70,Oct,0
70,Sep,0
71,Apr,0
71,Aug,0
71,Dec,0
71,Feb,0
71,Jan,0
71,Jul,0
71,Jun,0
71,Mar,0
71,May,0
71,Nov,0
71,Oct,0
71,Sep,0
72,Apr,1
72,Aug,1
72,Dec,0
72,Feb,0
72,Jan,1
72,Jul,0
72,Jun,0
72,Mar,1
72,May,1
72,Nov,0
72,Oct,0
72,Sep,0
73,Apr,0
73,Aug,0
73,Dec,0
73,Feb,0
73,Jan,0
73,Jul,0
73,Jun,0
73,Mar,0
73,May,0
73,Nov,0
73,Oct,0
73,Sep,0
74,Apr,0
74,Aug,0
74,Dec,0
74,Feb,0
74,Jan,0
74,Jul,0
74,Jun,0
74,Mar,0
74,May,0
74,Nov,0
74,Oct,0
74,Sep,0
75,Apr,0
75,Aug,0
75,Dec,0
75,Feb,0
75,Jan,0
75,Jul,0
75,Jun,0
75,Mar,0
75,May,0
75,Nov,0
75,Oct,0
75,Sep,0
76,Apr,0
76,Aug,0
76,Dec,0
76,Feb,0
76,Jan,0
76,Jul,0
76,Jun,0
76,Mar,0
76,May,1
76,Nov,0
76,Oct,0
76,Sep,0
77,Apr,0
77,Aug,0
77,Dec,0
77,Feb,0
77,Jan,0
77,Jul,0
77,Jun,0
77,Mar,0
77,May,0
77,Nov,0
77,Oct,0
77,Sep,0
78,Apr,0
78,Aug,0
78,Dec,0
78,Feb,0
78,Jan,0
78,Jul,0
78,Jun,0
78,Mar,0
78,May,0
78,Nov,0
78,Oct,0
78,Sep,0
79,Apr,0
79,Aug,0
79,Dec,0
79,Feb,0
79,Jan,0
79,Jul,0
79,Jun,0
79,Mar,0
79,May,0
79,Nov,0
79,Oct,0
79,Sep,0
80,Apr,0
80,Aug,0
80,Dec,0
80,Feb,0
80,Jan,0
80,Jul,0
80,Jun,0
80,Mar,0
80,May,0
80,Nov,0
80,Oct,0
80,Sep,0
81,Apr,1
81,Aug,0
81,Dec,1
81,Feb,0
81,Jan,1
81,Jul,0
81,Jun,0
81,Mar,0
81,May,0
81,Nov,0
81,Oct,0
81,Sep,1
82,Apr,0
82,Aug,0
82,Dec,0
82,Feb,0
82,Jan,0
82,Jul,0
82,Jun,0
82,Mar,1
82,May,0
82,Nov,0
82,Oct,1
82,Sep,0
83,Apr,0
83,Aug,0
83,Dec,0
83,Feb,0
83,Jan,0
83,Jul,0
83,Jun,0
83,Mar,0
83,May,0
83,Nov,0
83,Oct,0
83,Sep,0
84,Apr,0
84,Aug,0
84,Dec,0
84,Feb,0
84,Jan,0
84,Jul,0
84,Jun,0
84,Mar,0
84,May,0
84,Nov,0
84,Oct,0
84,Sep,0
85,Apr,0
85,Aug,0
85,Dec,0
85,Feb,0
85,Jan,0
85,Jul,0
85,Jun,0
85,Mar,0
85,May,0
85,Nov,0
85,Oct,0
85,Sep,0
86,Apr,0
86,Aug,1
86,Dec,0
86,Feb,0
86,Jan,0
86,Jul,0
86,Jun,0
86,Mar,0
86,May,0
86,Nov,0
86,Oct,0
86,Sep,0
87,Apr,0
87,Aug,0
87,Dec,0
87,Feb,0
87,Jan,0
87,Jul,0
87,Jun,0
87,Mar,0
87,May,0
87,Nov,0
87,Oct,0
87,Sep,0
88,Apr,0
88,Aug,0
88,Dec,0
88,Feb,0
88,Jan,0
88,Jul,0
88,Jun,0
88,Mar,0
88,May,0
88,Nov,0
88,Oct,0
88,Sep,0
89,Apr,0
89,Aug,0
89,Dec,0
89,Feb,0
89,Jan,0
89,Jul,0
89,Jun,0
89,Mar,0
89,May,0
89,Nov,0
89,Oct,0
89,Sep,0
90,Apr,0
90,Aug,0
90,Dec,0
90,Feb,0
90,Jan,0
90,Jul,0
90,Jun,0
90,Mar,0
90,May,0
90,Nov,0
90,Oct,0
90,Sep,0
91,Apr,0
91,Aug,0
91,Dec,0
91,Feb,0
91,Jan,0
91,Jul,0
91,Jun,0
91,Mar,0
91,May,0
91,Nov,0
91,Oct,0
91,Sep,0
92,Apr,0
92,Aug,0
92,Dec,0
92,Feb,0
92,Jan,0
92,Jul,0
92,Jun,0
92,Mar,0
92,May,1
92,Nov,0
92,Oct,0
92,Sep,0
93,Apr,0
93,Aug,0
93,Dec,0
93,Feb,0
93,Jan,0
93,Jul,0
93,Jun,0
93,Mar,0
93,May,0
93,Nov,0
93,Oct,0
93,Sep,0
94,Apr,0
94,Aug,0
94,Dec,0
94,Feb,0
94,Jan,0
94,Jul,0
94,Jun,0
94,Mar,0
94,May,0
94,Nov,0
94,Oct,0
94,Sep,0
95,Apr,0
95,Aug,0
95,Dec,0
95,Feb,0
95,Jan,0
95,Jul,0
95,Jun,0
95,Mar,0
95,May,0
95,Nov,0
95,Oct,0
95,Sep,0
96,Apr,0
96,Aug,0
96,Dec,0
96,Feb,0
96,Jan,0
96,Jul,0
96,Jun,0
96,Mar,0
96,May,0
96,Nov,0
96,Oct,0
96,Sep,0
97,Apr,0
97,Aug,0
97,Dec,0
97,Feb,0
97,Jan,0
97,Jul,0
97,Jun,0
97,Mar,0
97,May,0
97,Nov,0
97,Oct,0
97,Sep,0
98,Apr,0
98,Aug,0
98,Dec,0
98,Feb,0
98,Jan,0
98,Jul,0
98,Jun,0
98,Mar,0
98,May,0
98,Nov,0
98,Oct,0
98,Sep,0
99,Apr,0
99,Aug,0
99,Dec,0
99,Feb,0
99,Jan,0
99,Jul,0
99,Jun,0
99,Mar,0
99,May,0
99,Nov,0
99,Oct,0
99,Sep,0
100,Apr,0
100,Aug,0
100,Dec,0
100,Feb,0
100,Jan,0
100,Jul,0
100,Jun,0
100,Mar,0
100,May,0
100,Nov,0
100,Oct,0
100,Sep,0
101,Apr,0
101,Aug,0
101,Dec,0
101,Feb,0
101,Jan,0
101,Jul,0
101,Jun,0
101,Mar,0
101,May,0
101,Nov,0
101,Oct,0
101,Sep,0
102,Apr,0
102,Aug,0
102,Dec,0
102,Feb,0
102,Jan,0
102,Jul,0
102,Jun,0
102,Mar,0
102,May,0
102,Nov,0
102,Oct,0
102,Sep,0
103,Apr,1
103,Aug,0
103,Dec,0
103,Feb,0
103,Jan,0
103,Jul,0
103,Jun,1
103,Mar,0
103,May,0
103,Nov,0
103,Oct,0
103,Sep,0
104,Apr,0
104,Aug,0
104,Dec,0
104,Feb,0
104,Jan,0
104,Jul,0
104,Jun,0
104,Mar,0
104,May,0
104,Nov,0
104,Oct,0
104,Sep,0
105,Apr,0
105,Aug,0
105,Dec,0
105,Feb,1
105,Jan,0
105,Jul,0
105,Jun,0
105,Mar,0
105,May,0
105,Nov,0
105,Oct,0
105,Sep,0
106,Apr,0
106,Aug,0
106,Dec,0
106,Feb,0
106,Jan,0
106,Jul,0
106,Jun,0
106,Mar,0
106,May,0
106,Nov,0
106,Oct,0
106,Sep,0
107,Apr,0
107,Aug,0
107,Dec,0
107,Feb,0
107,Jan,0
107,Jul,0
107,Jun,0
107,Mar,0
107,May,0
107,Nov,0
107,Oct,0
107,Sep,0
108,Apr,0
108,Aug,1
108,Dec,0
108,Feb,1
108,Jan,1
108,Jul,0
108,Jun,0
108,Mar,0
108,May,0
108,Nov,0
108,Oct,0
108,Sep,0
109,Apr,0
109,Aug,0
109,Dec,0
109,Feb,0
109,Jan,0
109,Jul,0
109,Jun,0
109,Mar,0
109,May,0
109,Nov,0
109,Oct,0
109,Sep,0
110,Apr,0
110,Aug,0
110,Dec,0
110,Feb,0
110,Jan,0
110,Jul,0
110,Jun,0
110,Mar,0
110,May,0
110,Nov,0
110,Oct,0
110,Sep,0
111,Apr,0
111,Aug,0
111,Dec,0
111,Feb,0
111,Jan,0
111,Jul,0
111,Jun,0
111,Mar,0
111,May,0
111,Nov,0
111,Oct,0
111,Sep,0
112,Apr,1
112,Aug,0
112,Dec,0
112,Feb,0
112,Jan,1
112,Jul,0
112,Jun,1
112,Mar,0
112,May,0
112,Nov,0
112,Oct,1
112,Sep,0
113,Apr,0
113,Aug,0
113,Dec,0
113,Feb,0
113,Jan,0
113,Jul,0
113,Jun,0
113,Mar,0
113,May,0
113,Nov,0
113,Oct,0
113,Sep,0
114,Apr,0
114,Aug,0
114,Dec,0
114,Feb,0
114,Jan,0
114,Jul,0
114,Jun,0
114,Mar,0
114,May,0
114,Nov,0
114,Oct,0
114,Sep,0
115,Apr,0
115,Aug,0
115,Dec,0
115,Feb,0
115,Jan,0
115,Jul,0
115,Jun,0
115,Mar,0
115,May,0
115,Nov,0
115,Oct,0
115,Sep,0
116,Apr,0
116,Aug,0
116,Dec,0
116,Feb,0
116,Jan,0
116,Jul,0
116,Jun,0
116,Mar,0
116,May,0
116,Nov,0
116,Oct,0
116,Sep,0
117,Apr,0
117,Aug,0
117,Dec,0
117,Feb,0
117,Jan,0
117,Jul,0
117,Jun,0
117,Mar,0
117,May,0
117,Nov,0
117,Oct,0
117,Sep,0
118,Apr,1
118,Aug,0
118,Dec,0
118,Feb,0
118,Jan,0
118,Jul,0
118,Jun,0
118,Mar,1
118,May,1
118,Nov,0
118,Oct,0
118,Sep,0
119,Apr,0
119,Aug,0
119,Dec,0
119,Feb,0
119,Jan,0
119,Jul,0
119,Jun,0
119,Mar,0
119,May,0
119,Nov,0
119,Oct,0
119,Sep,0
120,Apr,1
120,Aug,0
120,Dec,0
120,Feb,0
120,Jan,0
120,Jul,1
120,Jun,0
120,Mar,0
120,May,0
120,Nov,1
120,Oct,1
120,Sep,1
121,Apr,0
121,Aug,0
121,Dec,0
121,Feb,0
121,Jan,0
121,Jul,0
121,Jun,0
121,Mar,0
121,May,0
121,Nov,0
121,Oct,0
121,Sep,0
122,Apr,0
122,Aug,0
122,Dec,0
122,Feb,0
122,Jan,0
122,Jul,0
122,Jun,0
122,Mar,0
122,May,0
122,Nov,0
122,Oct,0
122,Sep,0
123,Apr,0
123,Aug,0
123,Dec,0
123,Feb,0
123,Jan,0
123,Jul,0
123,Jun,0
123,Mar,0
123,May,1
123,Nov,0
123,Oct,0
123,Sep,0
124,Apr,0
124,Aug,0
124,Dec,0
124,Feb,1
124,Jan,0
124,Jul,0
124,Jun,0
124,Mar,0
124,May,0
124,Nov,0
124,Oct,0
124,Sep,0
125,Apr,0
125,Aug,0
125,Dec,0
125,Feb,0
125,Jan,0
125,Jul,0
125,Jun,0
125,Mar,0
125,May,0
125,Nov,0
125,Oct,0
125,Sep,0
126,Apr,1
126,Aug,0
126,Dec,0
126,Feb,1
126,Jan,0
126,Jul,0
126,Jun,0
126,Mar,1
126,May,0
126,Nov,0
126,Oct,0
126,Sep,1
127,Apr,0
127,Aug,0
127,Dec,0
127,Feb,0
127,Jan,0
127,Jul,0
127,Jun,0
127,Mar,0
127,May,0
127,Nov,0
127,Oct,0
127,Sep,0
128,Apr,0
128,Aug,0
128,Dec,0
128,Feb,0
128,Jan,0
128,Jul,0
128,Jun,0
128,Mar,0
128,May,0
128,Nov,0
128,Oct,0
128,Sep,0
129,Apr,0
129,Aug,0
129,Dec,0
129,Feb,0
129,Jan,1
129,Jul,0
129,Jun,0
129,Mar,0
129,May,0
129,Nov,0
129,Oct,1
129,Sep,0
130,Apr,0
130,Aug,0
130,Dec,0
130,Feb,0
130,Jan,0
130,Jul,0
130,Jun,0
130,Mar,0
130,May,0
130,Nov,0
130,Oct,0
130,Sep,0
131,Apr,0
131,Aug,0
131,Dec,0
131,Feb,0
131,Jan,0
131,Jul,0
131,Jun,0
131,Mar,0
131,May,0
131,Nov,0
131,Oct,0
131,Sep,0
132,Apr,0
132,Aug,0
132,Dec,0
132,Feb,0
132,Jan,0
132,Jul,0
132,Jun,0
132,Mar,0
132,May,0
132,Nov,0
132,Oct,0
132,Sep,0
133,Apr,0
133,Aug,0
133,Dec,0
133,Feb,0
133,Jan,0
133,Jul,0
133,Jun,0
133,Mar,0
133,May,0
133,Nov,0
133,Oct,0
133,Sep,0
134,Apr,0
134,Aug,0
134,Dec,0
134,Feb,0
134,Jan,0
134,Jul,0
134,Jun,0
134,Mar,0
134,May,0
134,Nov,0
134,Oct,0
134,Sep,1
135,Apr,0
135,Aug,0
135,Dec,0
135,Feb,0
135,Jan,0
135,Jul,0
135,Jun,0
135,Mar,0
135,May,0
135,Nov,0
135,Oct,0
135,Sep,0
136,Apr,0
136,Aug,0
136,Dec,0
136,Feb,0
136,Jan,0
136,Jul,0
136,Jun,0
136,Mar,0
136,May,0
136,Nov,0
136,Oct,0
136,Sep,0
137,Apr,0
137,Aug,0
137,Dec,0
137,Feb,0
137,Jan,0
137,Jul,0
137,Jun,0
137,Mar,0
137,May,0
137,Nov,0
137,Oct,0
137,Sep,0
138,Apr,0
138,Aug,0
138,Dec,0
138,Feb,0
138,Jan,0
138,Jul,0
138,Jun,0
138,Mar,0
138,May,0
138,Nov,0
138,Oct,0
138,Sep,0
139,Apr,0
139,Aug,0
139,Dec,0
139,Feb,0
139,Jan,0
139,Jul,0
139,Jun,0
139,Mar,0
139,May,0
139,Nov,0
139,Oct,0
139,Sep,0
140,Apr,0
140,Aug,0
140,Dec,0
140,Feb,0
140,Jan,0
140,Jul,0
140,Jun,0
140,Mar,0
140,May,0
140,Nov,0
140,Oct,0
140,Sep,0
141,Apr,0
141,Aug,0
141,Dec,0
141,Feb,0
141,Jan,0
141,Jul,0
141,Jun,0
141,Mar,0
141,May,0
141,Nov,0
141,Oct,0
141,Sep,0
142,Apr,0
142,Aug,0
142,Dec,0
142,Feb,0
142,Jan,0
142,Jul,0
142,Jun,0
142,Mar,0
142,May,0
142,Nov,0
142,Oct,0
142,Sep,0
143,Apr,0
143,Aug,1
143,Dec,1
143,Feb,0
143,Jan,0
143,Jul,0
143,Jun,0
143,Mar,0
143,May,0
143,Nov,1
143,Oct,0
143,Sep,0
144,Apr,0
144,Aug,0
144,Dec,0
144,Feb,0
144,Jan,0
144,Jul,0
144,Jun,0
144,Mar,0
144,May,0
144,Nov,0
144,Oct,0
144,Sep,0
145,Apr,0
145,Aug,0
145,Dec,0
145,Feb,0
145,Jan,0
145,Jul,0
145,Jun,0
145,Mar,0
145,May,0
145,Nov,0
145,Oct,0
145,Sep,0
146,Apr,0
146,Aug,0
146,Dec,0
146,Feb,0
146,Jan,0
146,Jul,0
146,Jun,0
146,Mar,0
146,May,0
146,Nov,0
146,Oct,0
146,Sep,0
147,Apr,0
147,Aug,0
147,Dec,0
147,Feb,0
147,Jan,0
147,Jul,0
147,Jun,0
147,Mar,0
147,May,0
147,Nov,0
147,Oct,0
147,Sep,0
148,Apr,0
148,Aug,0
148,Dec,0
148,Feb,0
148,Jan,0
148,Jul,0
148,Jun,0
148,Mar,0
148,May,0
148,Nov,0
148,Oct,0
148,Sep,0
149,Apr,0
149,Aug,0
149,Dec,0
149,Feb,0
149,Jan,0
149,Jul,0
149,Jun,0
149,Mar,0
149,May,0
149,Nov,0
149,Oct,0
149,Sep,0
150,Apr,0
150,Aug,0
150,Dec,0
150,Feb,0
150,Jan,0
150,Jul,0
150,Jun,0
150,Mar,0
150,May,0
150,Nov,0
150,Oct,0
150,Sep,0
151,Apr,0
151,Aug,0
151,Dec,0
151,Feb,0
151,Jan,0
151,Jul,0
151,Jun,0
151,Mar,0
151,May,0
151,Nov,0
151,Oct,0
151,Sep,0
152,Apr,0
152,Aug,0
152,Dec,0
152,Feb,0
152,Jan,1
152,Jul,0
152,Jun,0
152,Mar,0
152,May,1
152,Nov,0
152,Oct,0
152,Sep,0
153,Apr,0
153,Aug,0
153,Dec,0
153,Feb,0
153,Jan,0
153,Jul,0
153,Jun,0
153,Mar,0
153,May,0
153,Nov,0
153,Oct,0
153,Sep,0
154,Apr,0
154,Aug,0
154,Dec,0
154,Feb,0
154,Jan,0
154,Jul,0
154,Jun,0
154,Mar,0
154,May,0
154,Nov,0
154,Oct,0
154,Sep,0
155,Apr,0
155,Aug,0
155,Dec,0
155,Feb,0
155,Jan,0
155,Jul,0
155,Jun,0
155,Mar,0
155,May,0
155,Nov,0
155,Oct,0
155,Sep,0
156,Apr,1
156,Aug,0
156,Dec,0
156,Feb,0
156,Jan,0
156,Jul,0
156,Jun,0
156,Mar,0
156,May,0
156,Nov,1
156,Oct,0
156,Sep,1
157,Apr,0
157,Aug,0
157,Dec,0
157,Feb,0
157,Jan,0
157,Jul,0
157,Jun,0
157,Mar,0
157,May,0
157,Nov,0
157,Oct,1
157,Sep,0
158,Apr,0
158,Aug,0
158,Dec,0
158,Feb,0
158,Jan,0
158,Jul,0
158,Jun,0
158,Mar,0
158,May,0
158,Nov,0
158,Oct,0
158,Sep,0
159,Apr,0
159,Aug,0
159,Dec,0
159,Feb,0
159,Jan,0
159,Jul,0
159,Jun,0
159,Mar,0
159,May,0
159,Nov,0
159,Oct,0
159,Sep,0
160,Apr,0
160,Aug,0
160,Dec,0
160,Feb,0
160,Jan,0
160,Jul,0
160,Jun,1
160,Mar,0
160,May,0
160,Nov,0
160,Oct,0
160,Sep,0
161,Apr,0
161,Aug,0
161,Dec,0
161,Feb,0
161,Jan,0
161,Jul,0
161,Jun,0
161,Mar,0
161,May,0
161,Nov,0
161,Oct,0
161,Sep,0
162,Apr,0
162,Aug,0
162,Dec,0
162,Feb,0
162,Jan,0
162,Jul,0
162,Jun,0
162,Mar,0
162,May,0
162,Nov,0
162,Oct,0
162,Sep,0
163,Apr,0
163,Aug,0
163,Dec,0
163,Feb,0
163,Jan,0
163,Jul,0
163,Jun,0
163,Mar,0
163,May,0
163,Nov,0
163,Oct,0
163,Sep,0
164,Apr,0
164,Aug,0
164,Dec,0
164,Feb,0
164,Jan,0
164,Jul,0
164,Jun,0
164,Mar,0
164,May,0
164,Nov,0
164,Oct,0
164,Sep,0
165,Apr,0
165,Aug,0
165,Dec,0
165,Feb,0
165,Jan,0
165,Jul,0
165,Jun,0
165,Mar,0
165,May,0
165,Nov,0
165,Oct,0
165,Sep,0
166,Apr,0
166,Aug,0
166,Dec,0
166,Feb,0
166,Jan,0
166,Jul,0
166,Jun,0
166,Mar,0
166,May,0
166,Nov,0
166,Oct,0
166,Sep,0
167,Apr,0
167,Aug,0
167,Dec,0
167,Feb,0
167,Jan,0
167,Jul,1
167,Jun,0
167,Mar,0
167,May,0
167,Nov,0
167,Oct,0
167,Sep,0
168,Apr,0
168,Aug,0
168,Dec,0
168,Feb,0
168,Jan,0
168,Jul,0
168,Jun,0
168,Mar,0
168,May,0
168,Nov,0
168,Oct,0
168,Sep,0
169,Apr,0
169,Aug,0
169,Dec,0
169,Feb,0
169,Jan,0
169,Jul,0
169,Jun,0
169,Mar,1
169,May,0
169,Nov,0
169,Oct,0
169,Sep,0
170,Apr,0
170,Aug,0
170,Dec,0
170,Feb,0
170,Jan,0
170,Jul,0
170,Jun,0
170,Mar,0
170,May,0
170,Nov,1
170,Oct,0
170,Sep,0
171,Apr,0
171,Aug,0
171,Dec,1
171,Feb,1
171,Jan,0
171,Jul,0
171,Jun,0
171,Mar,0
171,May,0
171,Nov,0
171,Oct,0
171,Sep,0
172,Apr,0
172,Aug,0
172,Dec,0
172,Feb,0
172,Jan,0
172,Jul,0
172,Jun,0
172,Mar,0
172,May,0
172,Nov,0
172,Oct,0
172,Sep,1
173,Apr,0
173,Aug,0
173,Dec,0
173,Feb,0
173,Jan,0
173,Jul,0
173,Jun,0
173,Mar,0
173,May,0
173,Nov,0
173,Oct,0
173,Sep,0
174,Apr,0
174,Aug,0
174,Dec,0
174,Feb,0
174,Jan,0
174,Jul,0
174,Jun,0
174,Mar,0
174,May,0
174,Nov,0
174,Oct,0
174,Sep,0
175,Apr,0
175,Aug,0
175,Dec,1
175,Feb,0
175,Jan,0
175,Jul,0
175,Jun,0
175,Mar,0
175,May,0
175,Nov,0
175,Oct,0
175,Sep,0
176,Apr,1
176,Aug,0
176,Dec,0
176,Feb,0
176,Jan,0
176,Jul,0
176,Jun,0
176,Mar,0
176,May,0
176,Nov,0
176,Oct,0
176,Sep,1
177,Apr,0
177,Aug,0
177,Dec,0
177,Feb,0
177,Jan,0
177,Jul,0
177,Jun,0
177,Mar,0
177,May,0
177,Nov,0
177,Oct,0
177,Sep,0
178,Apr,0
178,Aug,0
178,Dec,0
178,Feb,0
178,Jan,0
178,Jul,0
178,Jun,0
178,Mar,0
178,May,0
178,Nov,1
178,Oct,0
178,Sep,0
179,Apr,0
179,Aug,0
179,Dec,0
179,Feb,0
179,Jan,0
179,Jul,0
179,Jun,0
179,Mar,0
179,May,0
179,Nov,0
179,Oct,0
179,Sep,1
180,Apr,0
180,Aug,0
180,Dec,0
180,Feb,0
180,Jan,0
180,Jul,0
180,Jun,0
180,Mar,0
180,May,0
180,Nov,0
180,Oct,0
180,Sep,0
181,Apr,0
181,Aug,0
181,Dec,0
181,Feb,0
181,Jan,0
181,Jul,0
181,Jun,0
181,Mar,0
181,May,0
181,Nov,0
181,Oct,0
181,Sep,0
182,Apr,0
182,Aug,0
182,Dec,0
182,Feb,1
182,Jan,0
182,Jul,0
182,Jun,0
182,Mar,0
182,May,0
182,Nov,0
182,Oct,0
182,Sep,0
183,Apr,0
183,Aug,0
183,Dec,0
183,Feb,0
183,Jan,0
183,Jul,0
183,Jun,0
183,Mar,0
183,May,0
183,Nov,0
183,Oct,0
183,Sep,0
184,Apr,0
184,Aug,0
184,Dec,0
184,Feb,0
184,Jan,0
184,Jul,0
184,Jun,0
184,Mar,0
184,May,0
184,Nov,0
184,Oct,0
184,Sep,0
185,Apr,0
185,Aug,0
185,Dec,0
185,Feb,0
185,Jan,0
185,Jul,0
185,Jun,0
185,Mar,0
185,May,0
185,Nov,0
185,Oct,0
185,Sep,0
186,Apr,0
186,Aug,0
186,Dec,0
186,Feb,0
186,Jan,0
186,Jul,0
186,Jun,0
186,Mar,0
186,May,0
186,Nov,0
186,Oct,0
186,Sep,0
187,Apr,0
187,Aug,0
187,Dec,0
187,Feb,0
187,Jan,0
187,Jul,1
187,Jun,0
187,Mar,0
187,May,0
187,Nov,0
187,Oct,1
187,Sep,1
188,Apr,0
188,Aug,0
188,Dec,0
188,Feb,0
188,Jan,0
188,Jul,0
188,Jun,0
188,Mar,0
188,May,0
188,Nov,0
188,Oct,0
188,Sep,0
189,Apr,1
189,Aug,0
189,Dec,0
189,Feb,0
189,Jan,0
189,Jul,0
189,Jun,0
189,Mar,0
189,May,0
189,Nov,0
189,Oct,1
189,Sep,0
190,Apr,0
190,Aug,0
190,Dec,0
190,Feb,0
190,Jan,1
190,Jul,0
190,Jun,0
190,Mar,0
190,May,0
190,Nov,0
190,Oct,1
190,Sep,0
191,Apr,0
191,Aug,1
191,Dec,0
191,Feb,0
191,Jan,0
191,Jul,1
191,Jun,0
191,Mar,0
191,May,0
191,Nov,0
191,Oct,0
191,Sep,0
192,Apr,0
192,Aug,0
192,Dec,0
192,Feb,0
192,Jan,0
192,Jul,0
192,Jun,1
192,Mar,0
192,May,0
192,Nov,0
192,Oct,0
192,Sep,0
193,Apr,0
193,Aug,0
193,Dec,0
193,Feb,0
193,Jan,0
193,Jul,0
193,Jun,0
193,Mar,1
193,May,0
193,Nov,0
193,Oct,0
193,Sep,0
194,Apr,0
194,Aug,0
194,Dec,0
194,Feb,0
194,Jan,0
194,Jul,0
194,Jun,0
194,Mar,0
194,May,0
194,Nov,0
194,Oct,0
194,Sep,0
195,Apr,0
195,Aug,0
195,Dec,0
195,Feb,0
195,Jan,0
195,Jul,0
195,Jun,0
195,Mar,0
195,May,0
195,Nov,0
195,Oct,0
195,Sep,0
196,Apr,1
196,Aug,0
196,Dec,0
196,Feb,0
196,Jan,0
196,Jul,0
196,Jun,0
196,Mar,0
196,May,0
196,Nov,0
196,Oct,0
196,Sep,0
197,Apr,1
197,Aug,0
197,Dec,0
197,Feb,0
197,Jan,1
197,Jul,0
197,Jun,0
197,Mar,0
197,May,0
197,Nov,0
197,Oct,0
197,Sep,0
198,Apr,0
198,Aug,0
198,Dec,0
198,Feb,0
198,Jan,0
198,Jul,0
198,Jun,0
198,Mar,0
198,May,0
198,Nov,0
198,Oct,0
198,Sep,0
199,Apr,0
199,Aug,0
199,Dec,0
199,Feb,0
199,Jan,0
199,Jul,0
199,Jun,0
199,Mar,0
199,May,0
199,Nov,0
199,Oct,0
199,Sep,1
200,Apr,0
200,Aug,0
200,Dec,0
200,Feb,0
200,Jan,0
200,Jul,0
200,Jun,0
200,Mar,0
200,May,0
200,Nov,0
200,Oct,0
200,Sep,0
201,Apr,0
201,Aug,0
201,Dec,0
201,Feb,0
201,Jan,0
201,Jul,0
201,Jun,0
201,Mar,0
201,May,0
201,Nov,0
201,Oct,0
201,Sep,0
202,Apr,0
202,Aug,0
202,Dec,0
202,Feb,0
202,Jan,0
202,Jul,0
202,Jun,0
202,Mar,0
202,May,0
202,Nov,0
202,Oct,0
202,Sep,0
203,Apr,0
203,Aug,0
203,Dec,0
203,Feb,0
203,Jan,0
203,Jul,0
203,Jun,0
203,Mar,0
203,May,0
203,Nov,0
203,Oct,0
203,Sep,1
204,Apr,0
204,Aug,0
204,Dec,0
204,Feb,0
204,Jan,1
204,Jul,0
204,Jun,0
204,Mar,0
204,May,0
204,Nov,0
204,Oct,0
204,Sep,0
205,Apr,0
205,Aug,0
205,Dec,0
205,Feb,0
205,Jan,0
205,Jul,0
205,Jun,0
205,Mar,0
205,May,0
205,Nov,0
205,Oct,0
205,Sep,0
206,Apr,1
206,Aug,0
206,Dec,0
206,Feb,0
206,Jan,0
206,Jul,0
206,Jun,0
206,Mar,0
206,May,0
206,Nov,0
206,Oct,0
206,Sep,0
207,Apr,0
207,Aug,0
207,Dec,0
207,Feb,0
207,Jan,0
207,Jul,0
207,Jun,0
207,Mar,0
207,May,0
207,Nov,0
207,Oct,0
207,Sep,0
208,Apr,0
208,Aug,0
208,Dec,1
208,Feb,0
208,Jan,1
208,Jul,0
208,Jun,0
208,Mar,0
208,May,0
208,Nov,0
208,Oct,0
208,Sep,0
209,Apr,1
209,Aug,1
209,Dec,1
209,Feb,0
209,Jan,0
209,Jul,0
209,Jun,0
209,Mar,1
209,May,1
209,Nov,1
209,Oct,0
209,Sep,1
210,Apr,0
210,Aug,0
210,Dec,0
210,Feb,0
210,Jan,0
210,Jul,0
210,Jun,0
210,Mar,0
210,May,0
210,Nov,0
210,Oct,0
210,Sep,0
211,Apr,0
211,Aug,0
211,Dec,0
211,Feb,0
211,Jan,0
211,Jul,0
211,Jun,1
211,Mar,0
211,May,0
211,Nov,0
211,Oct,0
211,Sep,0
212,Apr,0
212,Aug,0
212,Dec,0
212,Feb,0
212,Jan,0
212,Jul,0
212,Jun,0
212,Mar,0
212,May,0
212,Nov,0
212,Oct,0
212,Sep,0
213,Apr,0
213,Aug,0
213,Dec,0
213,Feb,1
213,Jan,0
213,Jul,1
213,Jun,0
213,Mar,1
213,May,0
213,Nov,0
213,Oct,0
213,Sep,0
214,Apr,0
214,Aug,0
214,Dec,0
214,Feb,0
214,Jan,0
214,Jul,0
214,Jun,0
214,Mar,0
214,May,0
214,Nov,0
214,Oct,0
214,Sep,0
215,Apr,0
215,Aug,0
215,Dec,0
215,Feb,0
215,Jan,0
215,Jul,0
215,Jun,0
215,Mar,0
215,May,0
215,Nov,0
215,Oct,0
215,Sep,0
216,Apr,0
216,Aug,0
216,Dec,0
216,Feb,0
216,Jan,0
216,Jul,0
216,Jun,0
216,Mar,0
216,May,0
216,Nov,0
216,Oct,0
216,Sep,0
217,Apr,0
217,Aug,1
217,Dec,0
217,Feb,0
217,Jan,0
217,Jul,0
217,Jun,0
217,Mar,0
217,May,1
217,Nov,1
217,Oct,0
217,Sep,0
218,Apr,0
218,Aug,0
218,Dec,0
218,Feb,0
218,Jan,0
218,Jul,0
218,Jun,0
218,Mar,0
218,May,1
218,Nov,0
218,Oct,0
218,Sep,0
219,Apr,0
219,Aug,0
219,Dec,0
219,Feb,0
219,Jan,0
219,Jul,0
219,Jun,0
219,Mar,0
219,May,0
219,Nov,0
219,Oct,0
219,Sep,0
220,Apr,0
220,Aug,0
220,Dec,0
220,Feb,0
220,Jan,0
220,Jul,0
220,Jun,0
220,Mar,0
220,May,0
220,Nov,0
220,Oct,0
220,Sep,0
221,Apr,0
221,Aug,0
221,Dec,0
221,Feb,0
221,Jan,0
221,Jul,0
221,Jun,0
221,Mar,0
221,May,0
221,Nov,0
221,Oct,0
221,Sep,0
222,Apr,0
222,Aug,0
222,Dec,0
222,Feb,0
222,Jan,0
222,Jul,0
222,Jun,0
222,Mar,0
222,May,0
222,Nov,0
222,Oct,0
222,Sep,0
223,Apr,0
223,Aug,0
223,Dec,0
223,Feb,0
223,Jan,0
223,Jul,0
223,Jun,0
223,Mar,0
223,May,0
223,Nov,0
223,Oct,0
223,Sep,0
224,Apr,0
224,Aug,0
224,Dec,1
224,Feb,1
224,Jan,1
224,Jul,0
224,Jun,0
224,Mar,0
224,May,0
224,Nov,0
224,Oct,1
224,Sep,0
225,Apr,0
225,Aug,0
225,Dec,0
225,Feb,0
225,Jan,0
225,Jul,0
225,Jun,0
225,Mar,0
225,May,0
225,Nov,0
225,Oct,0
225,Sep,0
226,Apr,0
226,Aug,0
226,Dec,0
226,Feb,0
226,Jan,0
226,Jul,0
226,Jun,0
226,Mar,0
226,May,0
226,Nov,1
226,Oct,0
226,Sep,0
227,Apr,0
227,Aug,0
227,Dec,0
227,Feb,0
227,Jan,0
227,Jul,0
227,Jun,0
227,Mar,0
227,May,0
227,Nov,0
227,Oct,0
227,Sep,0
228,Apr,0
228,Aug,1
228,Dec,0
228,Feb,0
228,Jan,0
228,Jul,0
228,Jun,0
228,Mar,0
228,May,0
228,Nov,0
228,Oct,0
228,Sep,0
229,Apr,0
229,Aug,0
229,Dec,0
229,Feb,0
229,Jan,0
229,Jul,0
229,Jun,0
229,Mar,0
229,May,0
229,Nov,0
229,Oct,0
229,Sep,0
230,Apr,0
230,Aug,0
230,Dec,0
230,Feb,0
230,Jan,0
230,Jul,0
230,Jun,0
230,Mar,0
230,May,0
230,Nov,0
230,Oct,0
230,Sep,0
231,Apr,0
231,Aug,0
231,Dec,0
231,Feb,0
231,Jan,0
231,Jul,0
231,Jun,0
231,Mar,0
231,May,0
231,Nov,0
231,Oct,0
231,Sep,0
232,Apr,0
232,Aug,0
232,Dec,0
232,Feb,0
232,Jan,0
232,Jul,0
232,Jun,0
232,Mar,0
232,May,0
232,Nov,0
232,Oct,0
232,Sep,0
233,Apr,0
233,Aug,0
233,Dec,0
233,Feb,0
233,Jan,0
233,Jul,0
233,Jun,0
233,Mar,0
233,May,0
233,Nov,0
233,Oct,0
233,Sep,0
234,Apr,0
234,Aug,0
234,Dec,0
234,Feb,0
234,Jan,0
234,Jul,0
234,Jun,0
234,Mar,0
234,May,0
234,Nov,0
234,Oct,0
234,Sep,0
235,Apr,0
235,Aug,0
235,Dec,0
235,Feb,0
235,Jan,0
235,Jul,1
235,Jun,0
235,Mar,0
235,May,0
235,Nov,0
235,Oct,1
235,Sep,0
236,Apr,0
236,Aug,0
236,Dec,0
236,Feb,0
236,Jan,0
236,Jul,0
236,Jun,0
236,Mar,0
236,May,0
236,Nov,0
236,Oct,0
236,Sep,0
237,Apr,0
237,Aug,0
237,Dec,0
237,Feb,0
237,Jan,0
237,Jul,0
237,Jun,0
237,Mar,0
237,May,0
237,Nov,0
237,Oct,0
237,Sep,0
238,Apr,0
238,Aug,0
238,Dec,0
238,Feb,0
238,Jan,0
238,Jul,0
238,Jun,0
238,Mar,0
238,May,0
238,Nov,0
238,Oct,0
238,Sep,0
239,Apr,0
239,Aug,0
239,Dec,0
239,Feb,0
239,Jan,0
239,Jul,0
239,Jun,0
239,Mar,0
239,May,0
239,Nov,0
239,Oct,0
239,Sep,0
240,Apr,0
240,Aug,0
240,Dec,0
240,Feb,0
240,Jan,0
240,Jul,0
240,Jun,0
240,Mar,0
240,May,0
240,Nov,0
240,Oct,0
240,Sep,0
241,Apr,0
241,Aug,0
241,Dec,0
241,Feb,0
241,Jan,0
241,Jul,0
241,Jun,0
241,Mar,0
241,May,0
241,Nov,0
241,Oct,0
241,Sep,0
242,Apr,0
242,Aug,0
242,Dec,0
242,Feb,0
242,Jan,0
242,Jul,0
242,Jun,0
242,Mar,0
242,May,0
242,Nov,0
242,Oct,0
242,Sep,0
243,Apr,0
243,Aug,0
243,Dec,0
243,Feb,0
243,Jan,1
243,Jul,0
243,Jun,0
243,Mar,0
243,May,0
243,Nov,0
243,Oct,0
243,Sep,0
244,Apr,0
244,Aug,0
244,Dec,0
244,Feb,0
244,Jan,1
244,Jul,0
244,Jun,1
244,Mar,0
244,May,0
244,Nov,0
244,Oct,0
244,Sep,1
245,Apr,0
245,Aug,0
245,Dec,0
245,Feb,0
245,Jan,0
245,Jul,0
245,Jun,0
245,Mar,0
245,May,0
245,Nov,0
245,Oct,0
245,Sep,0
246,Apr,0
246,Aug,0
246,Dec,0
246,Feb,0
246,Jan,0
246,Jul,0
246,Jun,0
246,Mar,0
246,May,0
246,Nov,0
246,Oct,0
246,Sep,0
247,Apr,0
247,Aug,0
247,Dec,0
247,Feb,0
247,Jan,0
247,Jul,0
247,Jun,0
247,Mar,0
247,May,0
247,Nov,0
247,Oct,0
247,Sep,0
248,Apr,0
248,Aug,0
248,Dec,0
248,Feb,0
248,Jan,0
248,Jul,0
248,Jun,0
248,Mar,0
248,May,0
248,Nov,0
248,Oct,0
248,Sep,0
249,Apr,0
249,Aug,0
249,Dec,0
249,Feb,0
249,Jan,1
249,Jul,0
249,Jun,0
249,Mar,0
249,May,0
249,Nov,0
249,Oct,0
249,Sep,0
250,Apr,0
250,Aug,0
250,Dec,1
250,Feb,0
250,Jan,0
250,Jul,0
250,Jun,0
250,Mar,0
250,May,0
250,Nov,0
250,Oct,0
250,Sep,0
251,Apr,0
251,Aug,0
251,Dec,0
251,Feb,0
251,Jan,0
251,Jul,1
251,Jun,0
251,Mar,0
251,May,0
251,Nov,0
251,Oct,1
251,Sep,1
252,Apr,0
252,Aug,0
252,Dec,0
252,Feb,0
252,Jan,0
252,Jul,0
252,Jun,0
252,Mar,0
252,May,0
252,Nov,0
252,Oct,0
252,Sep,0
253,Apr,0
253,Aug,0
253,Dec,0
253,Feb,0
253,Jan,0
253,Jul,0
253,Jun,0
253,Mar,0
253,May,0
253,Nov,0
253,Oct,0
253,Sep,0
254,Apr,0
254,Aug,0
254,Dec,0
254,Feb,0
254,Jan,1
254,Jul,0
254,Jun,0
254,Mar,0
254,May,0
254,Nov,0
254,Oct,0
254,Sep,0
255,Apr,0
255,Aug,0
255,Dec,0
255,Feb,0
255,Jan,0
255,Jul,0
255,Jun,0
255,Mar,0
255,May,0
255,Nov,0
255,Oct,0
255,Sep,0
256,Apr,0
256,Aug,0
256,Dec,0
256,Feb,0
256,Jan,0
256,Jul,0
256,Jun,0
256,Mar,0
256,May,0
256,Nov,0
256,Oct,0
256,Sep,0
257,Apr,0
257,Aug,0
257,Dec,0
257,Feb,0
257,Jan,0
257,Jul,0
257,Jun,0
257,Mar,0
257,May,0
257,Nov,0
257,Oct,0
257,Sep,0
258,Apr,0
258,Aug,0
258,Dec,0
258,Feb,0
258,Jan,0
258,Jul,0
258,Jun,0
258,Mar,0
258,May,0
258,Nov,0
258,Oct,0
258,Sep,0
259,Apr,0
259,Aug,1
259,Dec,0
259,Feb,0
259,Jan,0
259,Jul,1
259,Jun,0
259,Mar,0
259,May,0
259,Nov,0
259,Oct,0
259,Sep,0
260,Apr,0
260,Aug,0
260,Dec,0
260,Feb,0
260,Jan,0
260,Jul,0
260,Jun,0
260,Mar,0
260,May,0
260,Nov,0
260,Oct,0
260,Sep,0
261,Apr,1
261,Aug,0
261,Dec,0
261,Feb,0
261,Jan,0
261,Jul,0
261,Jun,0
261,Mar,0
261,May,0
261,Nov,0
261,Oct,1
261,Sep,0
262,Apr,0
262,Aug,0
262,Dec,0
262,Feb,0
262,Jan,1
262,Jul,1
262,Jun,0
262,Mar,0
262,May,0
262,Nov,0
262,Oct,0
262,Sep,0
263,Apr,0
263,Aug,1
263,Dec,0
263,Feb,0
263,Jan,0
263,Jul,0
263,Jun,0
263,Mar,0
263,May,0
263,Nov,1
263,Oct,0
263,Sep,0
264,Apr,1
264,Aug,0
264,Dec,0
264,Feb,0
264,Jan,0
264,Jul,0
264,Jun,0
264,Mar,1
264,May,1
264,Nov,1
264,Oct,0
264,Sep,0
265,Apr,0
265,Aug,0
265,Dec,0
265,Feb,0
265,Jan,0
265,Jul,0
265,Jun,0
265,Mar,0
265,May,0
265,Nov,0
265,Oct,0
265,Sep,0
266,Apr,0
266,Aug,1
266,Dec,0
266,Feb,0
266,Jan,1
266,Jul,0
266,Jun,0
266,Mar,0
266,May,0
266,Nov,0
266,Oct,0
266,Sep,0
267,Apr,0
267,Aug,0
267,Dec,0
267,Feb,0
267,Jan,0
267,Jul,0
267,Jun,0
267,Mar,0
267,May,0
267,Nov,0
267,Oct,0
267,Sep,0
268,Apr,0
268,Aug,0
268,Dec,0
268,Feb,0
268,Jan,0
268,Jul,0
268,Jun,0
268,Mar,0
268,May,0
268,Nov,0
268,Oct,0
268,Sep,0
269,Apr,0
269,Aug,0
269,Dec,0
269,Feb,0
269,Jan,0
269,Jul,0
269,Jun,0
269,Mar,0
269,May,0
269,Nov,0
269,Oct,1
269,Sep,0
270,Apr,0
270,Aug,0
270,Dec,0
270,Feb,0
270,Jan,0
270,Jul,0
270,Jun,0
270,Mar,0
270,May,0
270,Nov,0
270,Oct,0
270,Sep,0
271,Apr,0
271,Aug,0
271,Dec,0
271,Feb,0
271,Jan,0
271,Jul,0
271,Jun,0
271,Mar,0
271,May,0
271,Nov,0
271,Oct,0
271,Sep,0
272,Apr,0
272,Aug,0
272,Dec,0
272,Feb,0
272,Jan,0
272,Jul,0
272,Jun,0
272,Mar,0
272,May,0
272,Nov,0
272,Oct,0
272,Sep,0
273,Apr,0
273,Aug,0
273,Dec,0
273,Feb,0
273,Jan,0
273,Jul,0
273,Jun,0
273,Mar,0
273,May,0
273,Nov,1
273,Oct,0
273,Sep,0
274,Apr,0
274,Aug,0
274,Dec,0
274,Feb,0
274,Jan,0
274,Jul,0
274,Jun,0
274,Mar,0
274,May,0
274,Nov,0
274,Oct,0
274,Sep,0
275,Apr,0
275,Aug,0
275,Dec,0
275,Feb,0
275,Jan,0
275,Jul,0
275,Jun,0
275,Mar,0
275,May,0
275,Nov,0
275,Oct,0
275,Sep,0
276,Apr,0
276,Aug,0
276,Dec,0
276,Feb,0
276,Jan,0
276,Jul,0
276,Jun,0
276,Mar,0
276,May,0
276,Nov,0
276,Oct,0
276,Sep,0
277,Apr,0
277,Aug,0
277,Dec,0
277,Feb,0
277,Jan,0
277,Jul,0
277,Jun,0
277,Mar,0
277,May,0
277,Nov,0
277,Oct,0
277,Sep,0
278,Apr,0
278,Aug,0
278,Dec,0
278,Feb,0
278,Jan,0
278,Jul,0
278,Jun,0
278,Mar,0
278,May,0
278,Nov,0
278,Oct,0
278,Sep,0
279,Apr,0
279,Aug,0
279,Dec,0
279,Feb,0
279,Jan,0
279,Jul,0
279,Jun,0
279,Mar,0
279,May,0
279,Nov,0
279,Oct,0
279,Sep,0
280,Apr,0
280,Aug,0
280,Dec,0
280,Feb,0
280,Jan,0
280,Jul,0
280,Jun,0
280,Mar,0
280,May,0
280,Nov,0
280,Oct,0
280,Sep,0
281,Apr,0
281,Aug,0
281,Dec,0
281,Feb,0
281,Jan,0
281,Jul,0
281,Jun,0
281,Mar,0
281,May,0
281,Nov,0
281,Oct,0
281,Sep,0
282,Apr,0
282,Aug,0
282,Dec,0
282,Feb,0
282,Jan,0
282,Jul,0
282,Jun,0
282,Mar,0
282,May,0
282,Nov,0
282,Oct,0
282,Sep,0
283,Apr,0
283,Aug,0
283,Dec,0
283,Feb,0
283,Jan,0
283,Jul,0
283,Jun,0
283,Mar,0
283,May,0
283,Nov,0
283,Oct,0
283,Sep,0
284,Apr,0
284,Aug,0
284,Dec,0
284,Feb,0
284,Jan,0
284,Jul,0
284,Jun,0
284,Mar,0
284,May,0
284,Nov,0
284,Oct,0
284,Sep,0
285,Apr,0
285,Aug,0
285,Dec,0
285,Feb,0
285,Jan,0
285,Jul,0
285,Jun,0
285,Mar,0
285,May,0
285,Nov,0
285,Oct,0
285,Sep,0
286,Apr,0
286,Aug,0
286,Dec,0
286,Feb,0
286,Jan,0
286,Jul,0
286,Jun,0
286,Mar,0
286,May,0
286,Nov,0
286,Oct,0
286,Sep,0
287,Apr,0
287,Aug,0
287,Dec,0
287,Feb,0
287,Jan,0
287,Jul,0
287,Jun,0
287,Mar,0
287,May,0
287,Nov,0
287,Oct,0
287,Sep,0
288,Apr,0
288,Aug,0
288,Dec,0
288,Feb,0
288,Jan,0
288,Jul,0
288,Jun,0
288,Mar,0
288,May,0
288,Nov,0
288,Oct,0
288,Sep,0
289,Apr,0
289,Aug,0
289,Dec,0
289,Feb,0
289,Jan,0
289,Jul,0
289,Jun,1
289,Mar,1
289,May,0
289,Nov,0
289,Oct,0
289,Sep,0
290,Apr,0
290,Aug,0
290,Dec,0
290,Feb,0
290,Jan,0
290,Jul,0
290,Jun,0
290,Mar,0
290,May,0
290,Nov,0
290,Oct,0
290,Sep,0
291,Apr,0
291,Aug,0
291,Dec,0
291,Feb,0
291,Jan,0
291,Jul,0
291,Jun,1
291,Mar,0
291,May,1
291,Nov,0
291,Oct,0
291,Sep,0
292,Apr,0
292,Aug,0
292,Dec,0
292,Feb,0
292,Jan,0
292,Jul,0
292,Jun,1
292,Mar,0
292,May,0
292,Nov,0
292,Oct,0
292,Sep,0
293,Apr,1
293,Aug,0
293,Dec,0
293,Feb,0
293,Jan,0
293,Jul,0
293,Jun,0
293,Mar,0
293,May,0
293,Nov,0
293,Oct,0
293,Sep,0
294,Apr,0
294,Aug,0
294,Dec,0
294,Feb,0
294,Jan,0
294,Jul,0
294,Jun,0
294,Mar,0
294,May,0
294,Nov,0
294,Oct,0
294,Sep,0
295,Apr,0
295,Aug,0
295,Dec,0
295,Feb,0
295,Jan,0
295,Jul,0
295,Jun,0
295,Mar,0
295,May,1
295,Nov,0
295,Oct,0
295,Sep,0
296,Apr,0
296,Aug,0
296,Dec,0
296,Feb,0
296,Jan,0
296,Jul,0
296,Jun,0
296,Mar,0
296,May,0
296,Nov,0
296,Oct,0
296,Sep,0
297,Apr,0
297,Aug,0
297,Dec,0
297,Feb,0
297,Jan,0
297,Jul,0
297,Jun,0
297,Mar,0
297,May,0
297,Nov,0
297,Oct,0
297,Sep,0
298,Apr,1
298,Aug,0
298,Dec,0
298,Feb,0
298,Jan,0
298,Jul,0
298,Jun,0
298,Mar,0
298,May,0
298,Nov,0
298,Oct,0
298,Sep,0
299,Apr,0
299,Aug,0
299,Dec,0
299,Feb,0
299,Jan,0
299,Jul,0
299,Jun,1
299,Mar,0
299,May,1
299,Nov,0
299,Oct,0
299,Sep,0
300,Apr,0
300,Aug,0
300,Dec,0
300,Feb,0
300,Jan,0
300,Jul,0
300,Jun,0
300,Mar,0
300,May,0
300,Nov,0
300,Oct,0
300,Sep,0
301,Apr,0
301,Aug,0
301,Dec,0
301,Feb,0
301,Jan,0
301,Jul,0
301,Jun,0
301,Mar,0
301,May,0
301,Nov,0
301,Oct,0
301,Sep,0
302,Apr,0
302,Aug,0
302,Dec,0
302,Feb,0
302,Jan,0
302,Jul,0
302,Jun,0
302,Mar,1
302,May,0
302,Nov,0
302,Oct,1
302,Sep,0
303,Apr,0
303,Aug,0
303,Dec,0
303,Feb,0
303,Jan,0
303,Jul,0
303,Jun,0
303,Mar,0
303,May,0
303,Nov,0
303,Oct,0
303,Sep,0
304,Apr,0
304,Aug,0
304,Dec,0
304,Feb,0
304,Jan,0
304,Jul,0
304,Jun,0
304,Mar,0
304,May,0
304,Nov,0
304,Oct,0
304,Sep,0
305,Apr,1
305,Aug,0
305,Dec,1
305,Feb,0
305,Jan,0
305,Jul,0
305,Jun,0
305,Mar,0
305,May,0
305,Nov,1
305,Oct,0
305,Sep,0
306,Apr,0
306,Aug,0
306,Dec,0
306,Feb,1
306,Jan,0
306,Jul,0
306,Jun,0
306,Mar,0
306,May,0
306,Nov,0
306,Oct,0
306,Sep,0
307,Apr,0
307,Aug,0
307,Dec,0
307,Feb,0
307,Jan,0
307,Jul,0
307,Jun,0
307,Mar,0
307,May,0
307,Nov,0
307,Oct,0
307,Sep,0
308,Apr,0
308,Aug,0
308,Dec,0
308,Feb,0
308,Jan,0
308,Jul,0
308,Jun,0
308,Mar,0
308,May,0
308,Nov,0
308,Oct,0
308,Sep,0
309,Apr,0
309,Aug,0
309,Dec,0
309,Feb,0
309,Jan,0
309,Jul,1
309,Jun,0
309,Mar,0
309,May,0
309,Nov,0
309,Oct,0
309,Sep,0
310,Apr,0
310,Aug,0
310,Dec,0
310,Feb,0
310,Jan,0
310,Jul,0
310,Jun,0
310,Mar,0
310,May,0
310,Nov,0
310,Oct,0
310,Sep,0
311,Apr,0
311,Aug,0
311,Dec,0
311,Feb,0
311,Jan,0
311,Jul,0
311,Jun,0
311,Mar,0
311,May,0
311,Nov,0
311,Oct,0
311,Sep,0
312,Apr,1
312,Aug,0
312,Dec,0
312,Feb,0
312,Jan,0
312,Jul,0
312,Jun,0
312,Mar,0
312,May,0
312,Nov,0
312,Oct,0
312,Sep,0
313,Apr,0
313,Aug,1
313,Dec,0
313,Feb,1
313,Jan,0
313,Jul,0
313,Jun,0
313,Mar,0
313,May,0
313,Nov,0
313,Oct,1
313,Sep,0
314,Apr,0
314,Aug,0
314,Dec,0
314,Feb,0
314,Jan,0
314,Jul,0
314,Jun,0
314,Mar,0
314,May,0
314,Nov,0
314,Oct,0
314,Sep,0
315,Apr,0
315,Aug,0
315,Dec,0
315,Feb,0
315,Jan,0
315,Jul,0
315,Jun,0
315,Mar,0
315,May,0
315,Nov,0
315,Oct,0
315,Sep,0
316,Apr,0
316,Aug,0
316,Dec,0
316,Feb,0
316,Jan,0
316,Jul,0
316,Jun,0
316,Mar,0
316,May,0
316,Nov,0
316,Oct,0
316,Sep,0
317,Apr,0
317,Aug,0
317,Dec,0
317,Feb,0
317,Jan,0
317,Jul,0
317,Jun,0
317,Mar,0
317,May,0
317,Nov,0
317,Oct,0
317,Sep,0
318,Apr,0
318,Aug,0
318,Dec,0
318,Feb,0
318,Jan,0
318,Jul,0
318,Jun,0
318,Mar,0
318,May,0
318,Nov,0
318,Oct,0
318,Sep,0
319,Apr,0
319,Aug,0
319,Dec,0
319,Feb,0
319,Jan,0
319,Jul,0
319,Jun,0
319,Mar,0
319,May,0
319,Nov,0
319,Oct,0
319,Sep,0
320,Apr,0
320,Aug,0
320,Dec,0
320,Feb,0
320,Jan,0
320,Jul,0
320,Jun,0
320,Mar,0
320,May,0
320,Nov,0
320,Oct,0
320,Sep,0
321,Apr,0
321,Aug,0
321,Dec,0
321,Feb,0
321,Jan,0
321,Jul,0
321,Jun,0
321,Mar,0
321,May,0
321,Nov,0
321,Oct,0
321,Sep,0
322,Apr,0
322,Aug,0
322,Dec,0
322,Feb,0
322,Jan,0
322,Jul,0
322,Jun,0
322,Mar,0
322,May,0
322,Nov,0
322,Oct,0
322,Sep,0
323,Apr,0
323,Aug,0
323,Dec,0
323,Feb,0
323,Jan,0
323,Jul,0
323,Jun,0
323,Mar,0
323,May,0
323,Nov,0
323,Oct,0
323,Sep,0
324,Apr,0
324,Aug,0
324,Dec,0
324,Feb,0
324,Jan,0
324,Jul,0
324,Jun,0
324,Mar,0
324,May,0
324,Nov,0
324,Oct,0
324,Sep,0
325,Apr,0
325,Aug,0
325,Dec,0
325,Feb,0
325,Jan,0
325,Jul,0
325,Jun,0
325,Mar,0
325,May,0
325,Nov,0
325,Oct,1
325,Sep,0
326,Apr,0
326,Aug,0
326,Dec,0
326,Feb,0
326,Jan,0
326,Jul,0
326,Jun,0
326,Mar,0
326,May,0
326,Nov,0
326,Oct,0
326,Sep,0
327,Apr,0
327,Aug,0
327,Dec,0
327,Feb,0
327,Jan,0
327,Jul,0
327,Jun,0
327,Mar,0
327,May,0
327,Nov,0
327,Oct,0
327,Sep,0
328,Apr,0
328,Aug,0
328,Dec,0
328,Feb,0
328,Jan,0
328,Jul,0
328,Jun,0
328,Mar,0
328,May,0
328,Nov,0
328,Oct,0
328,Sep,0
329,Apr,0
329,Aug,0
329,Dec,0
329,Feb,0
329,Jan,0
329,Jul,0
329,Jun,0
329,Mar,0
329,May,0
329,Nov,0
329,Oct,0
329,Sep,0
330,Apr,0
330,Aug,0
330,Dec,0
330,Feb,0
330,Jan,0
330,Jul,0
330,Jun,0
330,Mar,0
330,May,0
330,Nov,0
330,Oct,0
330,Sep,0
331,Apr,0
331,Aug,0
331,Dec,1
331,Feb,0
331,Jan,0
331,Jul,0
331,Jun,1
331,Mar,0
331,May,1
331,Nov,0
331,Oct,0
331,Sep,0
332,Apr,0
332,Aug,0
332,Dec,0
332,Feb,0
332,Jan,0
332,Jul,0
332,Jun,0
332,Mar,0
332,May,0
332,Nov,0
332,Oct,0
332,Sep,0
333,Apr,1
333,Aug,0
333,Dec,0
333,Feb,0
333,Jan,0
333,Jul,0
333,Jun,0
333,Mar,0
333,May,0
333,Nov,0
333,Oct,0
333,Sep,0
334,Apr,1
334,Aug,0
334,Dec,1
334,Feb,0
334,Jan,0
334,Jul,0
334,Jun,0
334,Mar,0
334,May,1
334,Nov,0
334,Oct,1
334,Sep,0
335,Apr,0
335,Aug,0
335,Dec,0
335,Feb,0
335,Jan,0
335,Jul,0
335,Jun,0
335,Mar,0
335,May,0
335,Nov,0
335,Oct,0
335,Sep,0
336,Apr,0
336,Aug,0
336,Dec,0
336,Feb,0
336,Jan,0
336,Jul,0
336,Jun,0
336,Mar,0
336,May,0
336,Nov,0
336,Oct,0
336,Sep,0
337,Apr,0
337,Aug,0
337,Dec,0
337,Feb,0
337,Jan,0
337,Jul,0
337,Jun,0
337,Mar,0
337,May,0
337,Nov,0
337,Oct,0
337,Sep,0
338,Apr,1
338,Aug,0
338,Dec,0
338,Feb,0
338,Jan,1
338,Jul,0
338,Jun,0
338,Mar,1
338,May,0
338,Nov,0
338,Oct,0
338,Sep,0
339,Apr,0
339,Aug,0
339,Dec,0
339,Feb,0
339,Jan,0
339,Jul,0
339,Jun,0
339,Mar,0
339,May,0
339,Nov,0
339,Oct,0
339,Sep,0
340,Apr,0
340,Aug,0
340,Dec,0
340,Feb,0
340,Jan,0
340,Jul,0
340,Jun,0
340,Mar,0
340,May,0
340,Nov,1
340,Oct,1
340,Sep,0
341,Apr,0
341,Aug,0
341,Dec,0
341,Feb,0
341,Jan,0
341,Jul,0
341,Jun,1
341,Mar,0
341,May,0
341,Nov,0
341,Oct,0
341,Sep,0
342,Apr,0
342,Aug,0
342,Dec,0
342,Feb,0
342,Jan,0
342,Jul,0
342,Jun,0
342,Mar,0
342,May,0
342,Nov,1
342,Oct,0
342,Sep,0
343,Apr,0
343,Aug,0
343,Dec,0
343,Feb,1
343,Jan,0
343,Jul,0
343,Jun,0
343,Mar,0
343,May,0
343,Nov,0
343,Oct,0
343,Sep,0
344,Apr,0
344,Aug,0
344,Dec,0
344,Feb,0
344,Jan,0
344,Jul,0
344,Jun,0
344,Mar,0
344,May,0
344,Nov,0
344,Oct,0
344,Sep,0
345,Apr,0
345,Aug,0
345,Dec,0
345,Feb,0
345,Jan,0
345,Jul,0
345,Jun,0
345,Mar,0
345,May,0
345,Nov,0
345,Oct,0
345,Sep,0
346,Apr,0
346,Aug,0
346,Dec,0
346,Feb,0
346,Jan,0
346,Jul,0
346,Jun,0
346,Mar,0
346,May,0
346,Nov,0
346,Oct,0
346,Sep,0
347,Apr,0
347,Aug,0
347,Dec,0
347,Feb,0
347,Jan,0
347,Jul,0
347,Jun,0
347,Mar,0
347,May,0
347,Nov,0
347,Oct,0
347,Sep,0
348,Apr,0
348,Aug,0
348,Dec,0
348,Feb,0
348,Jan,0
348,Jul,0
348,Jun,0
348,Mar,0
348,May,0
348,Nov,0
348,Oct,0
348,Sep,0
349,Apr,0
349,Aug,0
349,Dec,0
349,Feb,0
349,Jan,0
349,Jul,0
349,Jun,0
349,Mar,0
349,May,0
349,Nov,0
349,Oct,0
349,Sep,0
350,Apr,0
350,Aug,0
350,Dec,0
350,Feb,0
350,Jan,0
350,Jul,0
350,Jun,0
350,Mar,0
350,May,0
350,Nov,0
350,Oct,0
350,Sep,0
351,Apr,0
351,Aug,0
351,Dec,0
351,Feb,0
351,Jan,0
351,Jul,0
351,Jun,0
351,Mar,0
351,May,1
351,Nov,0
351,Oct,1
351,Sep,0
352,Apr,0
352,Aug,0
352,Dec,0
352,Feb,0
352,Jan,0
352,Jul,0
352,Jun,1
352,Mar,0
352,May,0
352,Nov,1
352,Oct,0
352,Sep,0
353,Apr,0
353,Aug,0
353,Dec,0
353,Feb,0
353,Jan,0
353,Jul,0
353,Jun,0
353,Mar,0
353,May,0
353,Nov,0
353,Oct,0
353,Sep,0
354,Apr,1
354,Aug,0
354,Dec,1
354,Feb,0
354,Jan,0
354,Jul,0
354,Jun,1
354,Mar,0
354,May,0
354,Nov,0
354,Oct,1
354,Sep,1
355,Apr,0
355,Aug,0
355,Dec,0
355,Feb,0
355,Jan,0
355,Jul,0
355,Jun,0
355,Mar,0
355,May,0
355,Nov,0
355,Oct,0
355,Sep,0
356,Apr,0
356,Aug,0
356,Dec,0
356,Feb,0
356,Jan,0
356,Jul,0
356,Jun,0
356,Mar,0
356,May,0
356,Nov,0
356,Oct,0
356,Sep,0
357,Apr,0
357,Aug,0
357,Dec,0
357,Feb,1
357,Jan,0
357,Jul,0
357,Jun,0
357,Mar,0
357,May,0
357,Nov,1
357,Oct,0
357,Sep,0
358,Apr,0
358,Aug,0
358,Dec,0
358,Feb,0
358,Jan,0
358,Jul,0
358,Jun,0
358,Mar,0
358,May,0
358,Nov,0
358,Oct,0
358,Sep,0
359,Apr,0
359,Aug,0
359,Dec,0
359,Feb,0
359,Jan,0
359,Jul,0
359,Jun,0
359,Mar,0
359,May,0
359,Nov,0
359,Oct,0
359,Sep,0
360,Apr,0
360,Aug,0
360,Dec,0
360,Feb,0
360,Jan,0
360,Jul,0
360,Jun,0
360,Mar,0
360,May,0
360,Nov,0
360,Oct,0
360,Sep,0
361,Apr,0
361,Aug,0
361,Dec,0
361,Feb,0
361,Jan,0
361,Jul,0
361,Jun,0
361,Mar,0
361,May,0
361,Nov,0
361,Oct,0
361,Sep,0
362,Apr,0
362,Aug,0
362,Dec,0
362,Feb,0
362,Jan,0
362,Jul,0
362,Jun,0
362,Mar,1
362,May,0
362,Nov,0
362,Oct,0
362,Sep,0
363,Apr,0
363,Aug,0
363,Dec,0
363,Feb,0
363,Jan,0
363,Jul,0
363,Jun,0
363,Mar,0
363,May,0
363,Nov,0
363,Oct,0
363,Sep,0
364,Apr,0
364,Aug,0
364,Dec,0
364,Feb,0
364,Jan,0
364,Jul,0
364,Jun,0
364,Mar,0
364,May,0
364,Nov,0
364,Oct,1
364,Sep,0
365,Apr,0
365,Aug,0
365,Dec,0
365,Feb,0
365,Jan,0
365,Jul,0
365,Jun,0
365,Mar,0
365,May,0
365,Nov,0
365,Oct,0
365,Sep,0
366,Apr,0
366,Aug,0
366,Dec,0
366,Feb,1
366,Jan,0
366,Jul,1
366,Jun,0
366,Mar,0
366,May,0
366,Nov,0
366,Oct,0
366,Sep,0
367,Apr,0
367,Aug,0
367,Dec,0
367,Feb,0
367,Jan,0
367,Jul,0
367,Jun,0
367,Mar,0
367,May,0
367,Nov,0
367,Oct,0
367,Sep,0
368,Apr,1
368,Aug,0
368,Dec,0
368,Feb,0
368,Jan,0
368,Jul,0
368,Jun,0
368,Mar,0
368,May,1
368,Nov,0
368,Oct,0
368,Sep,0
369,Apr,0
369,Aug,0
369,Dec,0
369,Feb,1
369,Jan,0
369,Jul,0
369,Jun,0
369,Mar,0
369,May,1
369,Nov,0
369,Oct,0
369,Sep,0
370,Apr,0
370,Aug,0
370,Dec,0
370,Feb,0
370,Jan,0
370,Jul,0
370,Jun,0
370,Mar,0
370,May,0
370,Nov,0
370,Oct,0
370,Sep,0
371,Apr,0
371,Aug,0
371,Dec,0
371,Feb,0
371,Jan,0
371,Jul,0
371,Jun,0
371,Mar,0
371,May,0
371,Nov,1
371,Oct,0
371,Sep,0
372,Apr,1
372,Aug,0
372,Dec,0
372,Feb,0
372,Jan,0
372,Jul,0
372,Jun,0
372,Mar,0
372,May,0
372,Nov,0
372,Oct,0
372,Sep,0
373,Apr,0
373,Aug,0
373,Dec,0
373,Feb,0
373,Jan,0
373,Jul,0
373,Jun,0
373,Mar,0
373,May,0
373,Nov,0
373,Oct,0
373,Sep,0
374,Apr,0
374,Aug,0
374,Dec,0
374,Feb,0
374,Jan,0
374,Jul,0
374,Jun,0
374,Mar,0
374,May,0
374,Nov,0
374,Oct,0
374,Sep,0
375,Apr,0
375,Aug,0
375,Dec,0
375,Feb,0
375,Jan,0
375,Jul,0
375,Jun,0
375,Mar,0
375,May,0
375,Nov,0
375,Oct,0
375,Sep,0
376,Apr,0
376,Aug,0
376,Dec,0
376,Feb,0
376,Jan,0
376,Jul,0
376,Jun,0
376,Mar,0
376,May,0
376,Nov,0
376,Oct,0
376,Sep,0
377,Apr,0
377,Aug,0
377,Dec,0
377,Feb,0
377,Jan,0
377,Jul,0
377,Jun,0
377,Mar,0
377,May,0
377,Nov,0
377,Oct,0
377,Sep,0
378,Apr,0
378,Aug,0
378,Dec,0
378,Feb,0
378,Jan,0
378,Jul,0
378,Jun,0
378,Mar,0
378,May,0
378,Nov,0
378,Oct,0
378,Sep,0
379,Apr,0
379,Aug,0
379,Dec,0
379,Feb,0
379,Jan,0
379,Jul,0
379,Jun,0
379,Mar,0
379,May,0
379,Nov,0
379,Oct,0
379,Sep,0
380,Apr,0
380,Aug,0
380,Dec,0
380,Feb,0
380,Jan,0
380,Jul,0
380,Jun,0
380,Mar,0
380,May,0
380,Nov,0
380,Oct,0
380,Sep,0
381,Apr,0
381,Aug,0
381,Dec,0
381,Feb,0
381,Jan,0
381,Jul,0
381,Jun,0
381,Mar,0
381,May,0
381,Nov,0
381,Oct,0
381,Sep,0
382,Apr,0
382,Aug,0
382,Dec,0
382,Feb,0
382,Jan,0
382,Jul,0
382,Jun,0
382,Mar,0
382,May,0
382,Nov,0
382,Oct,0
382,Sep,0
383,Apr,0
383,Aug,0
383,Dec,0
383,Feb,0
383,Jan,0
383,Jul,0
383,Jun,0
383,Mar,0
383,May,0
383,Nov,0
383,Oct,0
383,Sep,0
384,Apr,0
384,Aug,0
384,Dec,0
384,Feb,0
384,Jan,0
384,Jul,0
384,Jun,0
384,Mar,0
384,May,0
384,Nov,0
384,Oct,0
384,Sep,0
385,Apr,1
385,Aug,1
385,Dec,1
385,Feb,0
385,Jan,1
385,Jul,0
385,Jun,0
385,Mar,0
385,May,0
385,Nov,0
385,Oct,0
385,Sep,0
386,Apr,0
386,Aug,0
386,Dec,0
386,Feb,0
386,Jan,0
386,Jul,0
386,Jun,0
386,Mar,0
386,May,0
386,Nov,0
386,Oct,0
386,Sep,0
387,Apr,0
387,Aug,0
387,Dec,0
387,Feb,0
387,Jan,0
387,Jul,0
387,Jun,0
387,Mar,0
387,May,0
387,Nov,0
387,Oct,0
387,Sep,0
388,Apr,0
388,Aug,0
388,Dec,0
388,Feb,0
388,Jan,0
388,Jul,0
388,Jun,0
388,Mar,0
388,May,0
388,Nov,0
388,Oct,0
388,Sep,0
389,Apr,1
389,Aug,0
389,Dec,0
389,Feb,0
389,Jan,0
389,Jul,0
389,Jun,0
389,Mar,0
389,May,1
389,Nov,0
389,Oct,1
389,Sep,0
390,Apr,0
390,Aug,0
390,Dec,0
390,Feb,0
390,Jan,0
390,Jul,0
390,Jun,0
390,Mar,0
390,May,0
390,Nov,0
390,Oct,0
390,Sep,0
391,Apr,0
391,Aug,0
391,Dec,0
391,Feb,0
391,Jan,0
391,Jul,0
391,Jun,0
391,Mar,0
391,May,0
391,Nov,0
391,Oct,0
391,Sep,0
392,Apr,0
392,Aug,0
392,Dec,0
392,Feb,0
392,Jan,0
392,Jul,0
392,Jun,0
392,Mar,0
392,May,0
392,Nov,0
392,Oct,0
392,Sep,0
393,Apr,1
393,Aug,1
393,Dec,0
393,Feb,1
393,Jan,1
393,Jul,0
393,Jun,0
393,Mar,0
393,May,0
393,Nov,0
393,Oct,0
393,Sep,0
394,Apr,0
394,Aug,0
394,Dec,0
394,Feb,0
394,Jan,0
394,Jul,0
394,Jun,0
394,Mar,0
394,May,0
394,Nov,0
394,Oct,0
394,Sep,0
395,Apr,0
395,Aug,0
395,Dec,0
395,Feb,0
395,Jan,0
395,Jul,1
395,Jun,0
395,Mar,0
395,May,0
395,Nov,0
395,Oct,0
395,Sep,0
396,Apr,0
396,Aug,0
396,Dec,0
396,Feb,0
396,Jan,0
396,Jul,0
396,Jun,0
396,Mar,0
396,May,0
396,Nov,0
396,Oct,0
396,Sep,0
397,Apr,0
397,Aug,0
397,Dec,0
397,Feb,0
397,Jan,0
397,Jul,0
397,Jun,0
397,Mar,0
397,May,0
397,Nov,0
397,Oct,0
397,Sep,0
398,Apr,0
398,Aug,0
398,Dec,0
398,Feb,0
398,Jan,0
398,Jul,0
398,Jun,0
398,Mar,0
398,May,0
398,Nov,0
398,Oct,0
398,Sep,0
399,Apr,0
399,Aug,0
399,Dec,0
399,Feb,0
399,Jan,1
399,Jul,0
399,Jun,0
399,Mar,0
399,May,0
399,Nov,0
399,Oct,0
399,Sep,0
400,Apr,0
400,Aug,0
400,Dec,0
400,Feb,0
400,Jan,0
400,Jul,0
400,Jun,0
400,Mar,0
400,May,0
400,Nov,0
400,Oct,0
400,Sep,0
401,Apr,0
401,Aug,0
401,Dec,0
401,Feb,0
401,Jan,0
401,Jul,0
401,Jun,0
401,Mar,0
401,May,0
401,Nov,0
401,Oct,0
401,Sep,0
402,Apr,0
402,Aug,0
402,Dec,0
402,Feb,0
402,Jan,0
402,Jul,0
402,Jun,0
402,Mar,0
402,May,0
402,Nov,0
402,Oct,0
402,Sep,0
403,Apr,0
403,Aug,0
403,Dec,0
403,Feb,0
403,Jan,0
403,Jul,0
403,Jun,0
403,Mar,0
403,May,0
403,Nov,0
403,Oct,0
403,Sep,0
404,Apr,0
404,Aug,0
404,Dec,0
404,Feb,0
404,Jan,0
404,Jul,0
404,Jun,0
404,Mar,0
404,May,0
404,Nov,0
404,Oct,0
404,Sep,0
405,Apr,0
405,Aug,0
405,Dec,0
405,Feb,0
405,Jan,1
405,Jul,0
405,Jun,0
405,Mar,0
405,May,0
405,Nov,0
405,Oct,0
405,Sep,0
406,Apr,0
406,Aug,0
406,Dec,0
406,Feb,0
406,Jan,0
406,Jul,0
406,Jun,0
406,Mar,0
406,May,0
406,Nov,0
406,Oct,0
406,Sep,0
407,Apr,0
407,Aug,0
407,Dec,0
407,Feb,0
407,Jan,0
407,Jul,0
407,Jun,0
407,Mar,0
407,May,0
407,Nov,0
407,Oct,0
407,Sep,0
408,Apr,0
408,Aug,0
408,Dec,0
408,Feb,0
408,Jan,0
408,Jul,0
408,Jun,0
408,Mar,1
408,May,0
408,Nov,0
408,Oct,0
408,Sep,0
409,Apr,0
409,Aug,0
409,Dec,0
409,Feb,0
409,Jan,0
409,Jul,0
409,Jun,0
409,Mar,0
409,May,0
409,Nov,0
409,Oct,0
409,Sep,0
410,Apr,0
410,Aug,0
410,Dec,0
410,Feb,0
410,Jan,0
410,Jul,0
410,Jun,0
410,Mar,0
410,May,0
410,Nov,0
410,Oct,0
410,Sep,0
411,Apr,0
411,Aug,0
411,Dec,0
411,Feb,0
411,Jan,0
411,Jul,0
411,Jun,0
411,Mar,0
411,May,0
411,Nov,0
411,Oct,0
411,Sep,0
412,Apr,0
412,Aug,0
412,Dec,0
412,Feb,0
412,Jan,0
412,Jul,0
412,Jun,0
412,Mar,0
412,May,0
412,Nov,0
412,Oct,0
412,Sep,0
413,Apr,0
413,Aug,0
413,Dec,0
413,Feb,0
413,Jan,0
413,Jul,0
413,Jun,1
413,Mar,0
413,May,0
413,Nov,0
413,Oct,0
413,Sep,0
414,Apr,0
414,Aug,0
414,Dec,0
414,Feb,0
414,Jan,0
414,Jul,0
414,Jun,0
414,Mar,0
414,May,0
414,Nov,0
414,Oct,0
414,Sep,0
415,Apr,0
415,Aug,0
415,Dec,0
415,Feb,1
415,Jan,0
415,Jul,0
415,Jun,0
415,Mar,0
415,May,0
415,Nov,0
415,Oct,0
415,Sep,0
416,Apr,0
416,Aug,0
416,Dec,0
416,Feb,0
416,Jan,0
416,Jul,0
416,Jun,0
416,Mar,0
416,May,0
416,Nov,0
416,Oct,0
416,Sep,0
417,Apr,0
417,Aug,0
417,Dec,0
417,Feb,1
417,Jan,0
417,Jul,0
417,Jun,0
417,Mar,0
417,May,0
417,Nov,0
417,Oct,0
417,Sep,0
418,Apr,0
418,Aug,0
418,Dec,0
418,Feb,0
418,Jan,0
418,Jul,0
418,Jun,0
418,Mar,0
418,May,0
418,Nov,0
418,Oct,0
418,Sep,0
419,Apr,0
419,Aug,0
419,Dec,0
419,Feb,0
419,Jan,0
419,Jul,0
419,Jun,1
419,Mar,0
419,May,0
419,Nov,0
419,Oct,0
419,Sep,0
420,Apr,0
420,Aug,0
420,Dec,0
420,Feb,0
420,Jan,0
420,Jul,0
420,Jun,0
420,Mar,0
420,May,0
420,Nov,0
420,Oct,0
420,Sep,0
421,Apr,0
421,Aug,0
421,Dec,0
421,Feb,0
421,Jan,0
421,Jul,0
421,Jun,0
421,Mar,0
421,May,0
421,Nov,0
421,Oct,0
421,Sep,0
422,Apr,0
422,Aug,0
422,Dec,0
422,Feb,0
422,Jan,0
422,Jul,0
422,Jun,0
422,Mar,0
422,May,0
422,Nov,0
422,Oct,0
422,Sep,0
423,Apr,0
423,Aug,0
423,Dec,0
423,Feb,1
423,Jan,0
423,Jul,0
423,Jun,0
423,Mar,0
423,May,0
423,Nov,0
423,Oct,1
423,Sep,0
424,Apr,0
424,Aug,0
424,Dec,0
424,Feb,0
424,Jan,0
424,Jul,0
424,Jun,0
424,Mar,0
424,May,0
424,Nov,0
424,Oct,0
424,Sep,0
425,Apr,0
425,Aug,0
425,Dec,0
425,Feb,0
425,Jan,0
425,Jul,0
425,Jun,0
425,Mar,0
425,May,0
425,Nov,0
425,Oct,0
425,Sep,0
426,Apr,0
426,Aug,0
426,Dec,1
426,Feb,0
426,Jan,0
426,Jul,0
426,Jun,0
426,Mar,0
426,May,0
426,Nov,1
426,Oct,0
426,Sep,0
427,Apr,0
427,Aug,0
427,Dec,0
427,Feb,0
427,Jan,0
427,Jul,0
427,Jun,0
427,Mar,1
427,May,0
427,Nov,0
427,Oct,0
427,Sep,0
428,Apr,0
428,Aug,0
428,Dec,0
428,Feb,0
428,Jan,0
428,Jul,0
428,Jun,1
428,Mar,0
428,May,0
428,Nov,0
428,Oct,0
428,Sep,0
429,Apr,0
429,Aug,0
429,Dec,0
429,Feb,0
429,Jan,0
429,Jul,0
429,Jun,0
429,Mar,0
429,May,1
429,Nov,0
429,Oct,0
429,Sep,0
430,Apr,0
430,Aug,0
430,Dec,0
430,Feb,0
430,Jan,0
430,Jul,0
430,Jun,0
430,Mar,0
430,May,1
430,Nov,0
430,Oct,0
430,Sep,0
431,Apr,0
431,Aug,0
431,Dec,0
431,Feb,0
431,Jan,0
431,Jul,0
431,Jun,0
431,Mar,0
431,May,0
431,Nov,0
431,Oct,0
431,Sep,0
432,Apr,0
432,Aug,0
432,Dec,0
432,Feb,0
432,Jan,0
432,Jul,0
432,Jun,0
432,Mar,0
432,May,0
432,Nov,0
432,Oct,0
432,Sep,0
433,Apr,0
433,Aug,0
433,Dec,0
433,Feb,0
433,Jan,0
433,Jul,0
433,Jun,0
433,Mar,0
433,May,0
433,Nov,0
433,Oct,0
433,Sep,0
434,Apr,0
434,Aug,0
434,Dec,0
434,Feb,0
434,Jan,0
434,Jul,0
434,Jun,0
434,Mar,0
434,May,0
434,Nov,0
434,Oct,0
434,Sep,0
435,Apr,0
435,Aug,0
435,Dec,0
435,Feb,0
435,Jan,0
435,Jul,0
435,Jun,0
435,Mar,0
435,May,0
435,Nov,0
435,Oct,0
435,Sep,0
436,Apr,0
436,Aug,0
436,Dec,0
436,Feb,0
436,Jan,0
436,Jul,1
436,Jun,0
436,Mar,0
436,May,1
436,Nov,0
436,Oct,0
436,Sep,0
437,Apr,0
437,Aug,0
437,Dec,0
437,Feb,0
437,Jan,0
437,Jul,0
437,Jun,1
437,Mar,0
437,May,1
437,Nov,0
437,Oct,0
437,Sep,0
438,Apr,0
438,Aug,0
438,Dec,0
438,Feb,0
438,Jan,0
438,Jul,0
438,Jun,0
438,Mar,0
438,May,1
438,Nov,0
438,Oct,0
438,Sep,1
439,Apr,0
439,Aug,0
439,Dec,0
439,Feb,0
439,Jan,0
439,Jul,0
439,Jun,0
439,Mar,0
439,May,0
439,Nov,0
439,Oct,0
439,Sep,0
440,Apr,0
440,Aug,0
440,Dec,0
440,Feb,0
440,Jan,0
440,Jul,0
440,Jun,0
440,Mar,0
440,May,0
440,Nov,0
440,Oct,0
440,Sep,0
441,Apr,0
441,Aug,0
441,Dec,0
441,Feb,0
441,Jan,0
441,Jul,0
441,Jun,0
441,Mar,0
441,May,0
441,Nov,0
441,Oct,0
441,Sep,0
442,Apr,0
442,Aug,0
442,Dec,0
442,Feb,0
442,Jan,0
442,Jul,0
442,Jun,0
442,Mar,0
442,May,0
442,Nov,0
442,Oct,0
442,Sep,0
443,Apr,0
443,Aug,1
443,Dec,0
443,Feb,0
443,Jan,0
443,Jul,0
443,Jun,0
443,Mar,0
443,May,0
443,Nov,0
443,Oct,0
443,Sep,0
444,Apr,0
444,Aug,0
444,Dec,0
444,Feb,0
444,Jan,0
444,Jul,0
444,Jun,0
444,Mar,0
444,May,0
444,Nov,0
444,Oct,0
444,Sep,0
445,Apr,0
445,Aug,0
445,Dec,0
445,Feb,0
445,Jan,0
445,Jul,0
445,Jun,0
445,Mar,0
445,May,0
445,Nov,0
445,Oct,0
445,Sep,0
446,Apr,0
446,Aug,1
446,Dec,0
446,Feb,0
446,Jan,0
446,Jul,0
446,Jun,0
446,Mar,0
446,May,0
446,Nov,0
446,Oct,0
446,Sep,0
447,Apr,0
447,Aug,0
447,Dec,0
447,Feb,0
447,Jan,0
447,Jul,0
447,Jun,0
447,Mar,0
447,May,0
447,Nov,0
447,Oct,0
447,Sep,0
448,Apr,0
448,Aug,0
448,Dec,0
448,Feb,0
448,Jan,0
448,Jul,1
448,Jun,0
448,Mar,0
448,May,0
448,Nov,0
448,Oct,0
448,Sep,0
449,Apr,0
449,Aug,0
449,Dec,0
449,Feb,0
449,Jan,0
449,Jul,0
449,Jun,0
449,Mar,0
449,May,0
449,Nov,0
449,Oct,0
449,Sep,0
450,Apr,1
450,Aug,0
450,Dec,0
450,Feb,1
450,Jan,0
450,Jul,1
450,Jun,1
450,Mar,1
450,May,0
450,Nov,0
450,Oct,1
450,Sep,0
451,Apr,0
451,Aug,1
451,Dec,0
451,Feb,0
451,Jan,0
451,Jul,0
451,Jun,0
451,Mar,0
451,May,0
451,Nov,0
451,Oct,0
451,Sep,0
452,Apr,0
452,Aug,0
452,Dec,0
452,Feb,0
452,Jan,0
452,Jul,0
452,Jun,0
452,Mar,0
452,May,0
452,Nov,0
452,Oct,0
452,Sep,0
453,Apr,0
453,Aug,1
453,Dec,0
453,Feb,1
453,Jan,0
453,Jul,0
453,Jun,0
453,Mar,1
453,May,0
453,Nov,0
453,Oct,0
453,Sep,0
454,Apr,0
454,Aug,0
454,Dec,0
454,Feb,0
454,Jan,0
454,Jul,0
454,Jun,0
454,Mar,0
454,May,0
454,Nov,0
454,Oct,0
454,Sep,0
455,Apr,0
455,Aug,0
455,Dec,0
455,Feb,0
455,Jan,0
455,Jul,0
455,Jun,0
455,Mar,0
455,May,0
455,Nov,0
455,Oct,0
455,Sep,0
456,Apr,0
456,Aug,0
456,Dec,0
456,Feb,0
456,Jan,0
456,Jul,0
456,Jun,0
456,Mar,0
456,May,0
456,Nov,0
456,Oct,0
456,Sep,0
457,Apr,0
457,Aug,0
457,Dec,0
457,Feb,0
457,Jan,0
457,Jul,0
457,Jun,0
457,Mar,0
457,May,0
457,Nov,0
457,Oct,0
457,Sep,0
458,Apr,0
458,Aug,0
458,Dec,0
458,Feb,0
458,Jan,0
458,Jul,0
458,Jun,0
458,Mar,0
458,May,0
458,Nov,0
458,Oct,0
458,Sep,0
459,Apr,0
459,Aug,0
459,Dec,0
459,Feb,0
459,Jan,0
459,Jul,0
459,Jun,0
459,Mar,0
459,May,0
459,Nov,0
459,Oct,0
459,Sep,0
460,Apr,0
460,Aug,0
460,Dec,0
460,Feb,0
460,Jan,0
460,Jul,0
460,Jun,0
460,Mar,0
460,May,0
460,Nov,0
460,Oct,0
460,Sep,0
461,Apr,0
461,Aug,0
461,Dec,0
461,Feb,0
461,Jan,0
461,Jul,0
461,Jun,0
461,Mar,0
461,May,0
461,Nov,0
461,Oct,0
461,Sep,0
462,Apr,0
462,Aug,0
462,Dec,0
462,Feb,0
462,Jan,0
462,Jul,0
462,Jun,0
462,Mar,0
462,May,0
462,Nov,0
462,Oct,0
462,Sep,0
463,Apr,0
463,Aug,0
463,Dec,0
463,Feb,0
463,Jan,0
463,Jul,0
463,Jun,0
463,Mar,0
463,May,0
463,Nov,0
463,Oct,0
463,Sep,0
464,Apr,0
464,Aug,0
464,Dec,1
464,Feb,0
464,Jan,0
464,Jul,0
464,Jun,0
464,Mar,0
464,May,0
464,Nov,0
464,Oct,0
464,Sep,0
465,Apr,0
465,Aug,0
465,Dec,0
465,Feb,0
465,Jan,1
465,Jul,0
465,Jun,0
465,Mar,0
465,May,0
465,Nov,0
465,Oct,0
465,Sep,0
466,Apr,0
466,Aug,0
466,Dec,0
466,Feb,0
466,Jan,0
466,Jul,0
466,Jun,0
466,Mar,0
466,May,0
466,Nov,0
466,Oct,0
466,Sep,0
467,Apr,0
467,Aug,0
467,Dec,0
467,Feb,0
467,Jan,0
467,Jul,0
467,Jun,0
467,Mar,0
467,May,0
467,Nov,0
467,Oct,0
467,Sep,0
468,Apr,0
468,Aug,0
468,Dec,0
468,Feb,0
468,Jan,0
468,Jul,0
468,Jun,0
468,Mar,1
468,May,0
468,Nov,1
468,Oct,1
468,Sep,0
469,Apr,0
469,Aug,0
469,Dec,0
469,Feb,0
469,Jan,0
469,Jul,0
469,Jun,0
469,Mar,0
469,May,0
469,Nov,0
469,Oct,0
469,Sep,0
470,Apr,0
470,Aug,0
470,Dec,0
470,Feb,0
470,Jan,0
470,Jul,0
470,Jun,0
470,Mar,0
470,May,0
470,Nov,0
470,Oct,0
470,Sep,0
471,Apr,0
471,Aug,0
471,Dec,0
471,Feb,0
471,Jan,1
471,Jul,0
471,Jun,0
471,Mar,0
471,May,0
471,Nov,0
471,Oct,0
471,Sep,0
472,Apr,0
472,Aug,0
472,Dec,0
472,Feb,0
472,Jan,0
472,Jul,0
472,Jun,0
472,Mar,0
472,May,0
472,Nov,0
472,Oct,0
472,Sep,0
473,Apr,0
473,Aug,0
473,Dec,0
473,Feb,0
473,Jan,0
473,Jul,0
473,Jun,0
473,Mar,0
473,May,0
473,Nov,0
473,Oct,0
473,Sep,0
474,Apr,0
474,Aug,0
474,Dec,1
474,Feb,0
474,Jan,1
474,Jul,0
474,Jun,0
474,Mar,0
474,May,0
474,Nov,0
474,Oct,0
474,Sep,0
475,Apr,0
475,Aug,0
475,Dec,1
475,Feb,0
475,Jan,1
475,Jul,0
475,Jun,1
475,Mar,1
475,May,0
475,Nov,0
475,Oct,0
475,Sep,0
476,Apr,0
476,Aug,0
476,Dec,0
476,Feb,0
476,Jan,0
476,Jul,0
476,Jun,0
476,Mar,0
476,May,0
476,Nov,0
476,Oct,0
476,Sep,0
477,Apr,1
477,Aug,0
477,Dec,0
477,Feb,0
477,Jan,0
477,Jul,0
477,Jun,1
477,Mar,0
477,May,0
477,Nov,0
477,Oct,0
477,Sep,0
478,Apr,0
478,Aug,1
478,Dec,0
478,Feb,1
478,Jan,0
478,Jul,0
478,Jun,0
478,Mar,0
478,May,0
478,Nov,0
478,Oct,0
478,Sep,0
479,Apr,0
479,Aug,0
479,Dec,0
479,Feb,0
479,Jan,0
479,Jul,0
479,Jun,0
479,Mar,0
479,May,0
479,Nov,0
479,Oct,0
479,Sep,0
480,Apr,0
480,Aug,0
480,Dec,0
480,Feb,0
480,Jan,0
480,Jul,0
480,Jun,0
480,Mar,0
480,May,0
480,Nov,0
480,Oct,0
480,Sep,0
481,Apr,0
481,Aug,0
481,Dec,1
481,Feb,0
481,Jan,0
481,Jul,0
481,Jun,0
481,Mar,0
481,May,0
481,Nov,0
481,Oct,0
481,Sep,1
482,Apr,0
482,Aug,0
482,Dec,0
482,Feb,0
482,Jan,0
482,Jul,0
482,Jun,0
482,Mar,1
482,May,0
482,Nov,0
482,Oct,0
482,Sep,0
483,Apr,0
483,Aug,0
483,Dec,0
483,Feb,0
483,Jan,0
483,Jul,0
483,Jun,0
483,Mar,0
483,May,0
483,Nov,0
483,Oct,0
483,Sep,0
484,Apr,0
484,Aug,0
484,Dec,0
484,Feb,0
484,Jan,0
484,Jul,0
484,Jun,0
484,Mar,0
484,May,0
484,Nov,0
484,Oct,0
484,Sep,0
485,Apr,0
485,Aug,0
485,Dec,0
485,Feb,0
485,Jan,0
485,Jul,0
485,Jun,0
485,Mar,0
485,May,0
485,Nov,0
485,Oct,0
485,Sep,0
486,Apr,0
486,Aug,0
486,Dec,0
486,Feb,0
486,Jan,0
486,Jul,0
486,Jun,0
486,Mar,0
486,May,0
486,Nov,0
486,Oct,0
486,Sep,0
487,Apr,0
487,Aug,0
487,Dec,0
487,Feb,0
487,Jan,0
487,Jul,0
487,Jun,1
487,Mar,0
487,May,0
487,Nov,0
487,Oct,0
487,Sep,0
488,Apr,0
488,Aug,0
488,Dec,0
488,Feb,0
488,Jan,0
488,Jul,0
488,Jun,0
488,Mar,0
488,May,0
488,Nov,0
488,Oct,0
488,Sep,0
489,Apr,0
489,Aug,0
489,Dec,0
489,Feb,0
489,Jan,0
489,Jul,0
489,Jun,0
489,Mar,0
489,May,0
489,Nov,0
489,Oct,0
489,Sep,0
490,Apr,0
490,Aug,0
490,Dec,0
490,Feb,0
490,Jan,0
490,Jul,0
490,Jun,0
490,Mar,0
490,May,0
490,Nov,0
490,Oct,0
490,Sep,0
491,Apr,0
491,Aug,0
491,Dec,0
491,Feb,0
491,Jan,0
491,Jul,0
491,Jun,0
491,Mar,0
491,May,0
491,Nov,0
491,Oct,0
491,Sep,0
492,Apr,0
492,Aug,0
492,Dec,0
492,Feb,0
492,Jan,0
492,Jul,0
492,Jun,0
492,Mar,0
492,May,0
492,Nov,0
492,Oct,0
492,Sep,0
493,Apr,0
493,Aug,0
493,Dec,0
493,Feb,0
493,Jan,0
493,Jul,0
493,Jun,0
493,Mar,0
493,May,0
493,Nov,0
493,Oct,0
493,Sep,0
494,Apr,0
494,Aug,0
494,Dec,0
494,Feb,0
494,Jan,0
494,Jul,0
494,Jun,0
494,Mar,0
494,May,0
494,Nov,0
494,Oct,0
494,Sep,0
495,Apr,0
495,Aug,0
495,Dec,0
495,Feb,1
495,Jan,0
495,Jul,0
495,Jun,0
495,Mar,0
495,May,0
495,Nov,0
495,Oct,0
495,Sep,0
496,Apr,0
496,Aug,0
496,Dec,0
496,Feb,0
496,Jan,0
496,Jul,0
496,Jun,0
496,Mar,0
496,May,0
496,Nov,0
496,Oct,0
496,Sep,0
497,Apr,0
497,Aug,0
497,Dec,0
497,Feb,0
497,Jan,0
497,Jul,0
497,Jun,0
497,Mar,0
497,May,0
497,Nov,0
497,Oct,0
497,Sep,0
498,Apr,0
498,Aug,0
498,Dec,0
498,Feb,0
498,Jan,0
498,Jul,0
498,Jun,0
498,Mar,0
498,May,0
498,Nov,0
498,Oct,0
498,Sep,0
499,Apr,0
499,Aug,0
499,Dec,0
499,Feb,0
499,Jan,0
499,Jul,0
499,Jun,0
499,Mar,0
499,May,0
499,Nov,0
499,Oct,0
499,Sep,0
500,Apr,0
500,Aug,0
500,Dec,0
500,Feb,0
500,Jan,0
500,Jul,0
500,Jun,0
500,Mar,0
500,May,0
500,Nov,0
500,Oct,0
500,Sep,0
501,Apr,0
501,Aug,0
501,Dec,0
501,Feb,0
501,Jan,0
501,Jul,0
501,Jun,0
501,Mar,0
501,May,0
501,Nov,0
501,Oct,0
501,Sep,0
502,Apr,0
502,Aug,0
502,Dec,0
502,Feb,0
502,Jan,0
502,Jul,1
502,Jun,1
502,Mar,0
502,May,0
502,Nov,0
502,Oct,0
502,Sep,0
503,Apr,0
503,Aug,0
503,Dec,0
503,Feb,0
503,Jan,0
503,Jul,0
503,Jun,0
503,Mar,0
503,May,0
503,Nov,0
503,Oct,0
503,Sep,0
504,Apr,0
504,Aug,0
504,Dec,0
504,Feb,0
504,Jan,0
504,Jul,0
504,Jun,0
504,Mar,0
504,May,0
504,Nov,0
504,Oct,0
504,Sep,0
505,Apr,0
505,Aug,0
505,Dec,0
505,Feb,0
505,Jan,0
505,Jul,0
505,Jun,0
505,Mar,0
505,May,0
505,Nov,0
505,Oct,0
505,Sep,0
506,Apr,0
506,Aug,0
506,Dec,0
506,Feb,0
506,Jan,0
506,Jul,0
506,Jun,0
506,Mar,0
506,May,0
506,Nov,0
506,Oct,0
506,Sep,0
507,Apr,0
507,Aug,0
507,Dec,0
507,Feb,0
507,Jan,0
507,Jul,0
507,Jun,0
507,Mar,0
507,May,0
507,Nov,0
507,Oct,0
507,Sep,0
508,Apr,0
508,Aug,0
508,Dec,0
508,Feb,0
508,Jan,0
508,Jul,0
508,Jun,0
508,Mar,0
508,May,0
508,Nov,0
508,Oct,0
508,Sep,0
509,Apr,0
509,Aug,0
509,Dec,0
509,Feb,0
509,Jan,0
509,Jul,0
509,Jun,0
509,Mar,0
509,May,0
509,Nov,0
509,Oct,0
509,Sep,0
510,Apr,0
510,Aug,0
510,Dec,0
510,Feb,0
510,Jan,0
510,Jul,0
510,Jun,0
510,Mar,0
510,May,0
510,Nov,0
510,Oct,0
510,Sep,0
511,Apr,0
511,Aug,0
511,Dec,0
511,Feb,0
511,Jan,0
511,Jul,0
511,Jun,0
511,Mar,0
511,May,0
511,Nov,1
511,Oct,0
511,Sep,0
512,Apr,0
512,Aug,0
512,Dec,0
512,Feb,0
512,Jan,0
512,Jul,0
512,Jun,0
512,Mar,0
512,May,0
512,Nov,0
512,Oct,0
512,Sep,0
513,Apr,0
513,Aug,0
513,Dec,0
513,Feb,0
513,Jan,0
513,Jul,0
513,Jun,0
513,Mar,0
513,May,0
513,Nov,0
513,Oct,0
513,Sep,0
514,Apr,0
514,Aug,0
514,Dec,0
514,Feb,0
514,Jan,0
514,Jul,0
514,Jun,0
514,Mar,0
514,May,0
514,Nov,0
514,Oct,0
514,Sep,0
515,Apr,0
515,Aug,0
515,Dec,0
515,Feb,0
515,Jan,0
515,Jul,0
515,Jun,0
515,Mar,0
515,May,0
515,Nov,0
515,Oct,0
515,Sep,0
516,Apr,0
516,Aug,0
516,Dec,0
516,Feb,0
516,Jan,0
516,Jul,0
516,Jun,0
516,Mar,0
516,May,0
516,Nov,0
516,Oct,0
516,Sep,0
517,Apr,0
517,Aug,0
517,Dec,0
517,Feb,0
517,Jan,0
517,Jul,0
517,Jun,0
517,Mar,0
517,May,0
517,Nov,0
517,Oct,0
517,Sep,0
518,Apr,0
518,Aug,0
518,Dec,0
518,Feb,0
518,Jan,0
518,Jul,0
518,Jun,0
518,Mar,0
518,May,0
518,Nov,0
518,Oct,0
518,Sep,1
519,Apr,0
519,Aug,0
519,Dec,0
519,Feb,0
519,Jan,0
519,Jul,0
519,Jun,0
519,Mar,0
519,May,0
519,Nov,0
519,Oct,0
519,Sep,0
520,Apr,0
520,Aug,0
520,Dec,0
520,Feb,0
520,Jan,0
520,Jul,0
520,Jun,0
520,Mar,0
520,May,0
520,Nov,0
520,Oct,0
520,Sep,0
521,Apr,0
521,Aug,0
521,Dec,0
521,Feb,0
521,Jan,0
521,Jul,0
521,Jun,0
521,Mar,0
521,May,0
521,Nov,0
521,Oct,0
521,Sep,0
522,Apr,0
522,Aug,0
522,Dec,0
522,Feb,0
522,Jan,0
522,Jul,0
522,Jun,0
522,Mar,0
522,May,0
522,Nov,0
522,Oct,0
522,Sep,0
523,Apr,0
523,Aug,0
523,Dec,0
523,Feb,1
523,Jan,0
523,Jul,0
523,Jun,0
523,Mar,0
523,May,0
523,Nov,0
523,Oct,0
523,Sep,0
524,Apr,0
524,Aug,0
524,Dec,0
524,Feb,0
524,Jan,0
524,Jul,0
524,Jun,0
524,Mar,0
524,May,0
524,Nov,0
524,Oct,0
524,Sep,0
525,Apr,0
525,Aug,0
525,Dec,0
525,Feb,0
525,Jan,0
525,Jul,0
525,Jun,0
525,Mar,0
525,May,0
525,Nov,0
525,Oct,0
525,Sep,0
526,Apr,1
526,Aug,0
526,Dec,0
526,Feb,0
526,Jan,0
526,Jul,0
526,Jun,0
526,Mar,0
526,May,0
526,Nov,0
526,Oct,0
526,Sep,0
527,Apr,0
527,Aug,0
527,Dec,0
527,Feb,0
527,Jan,0
527,Jul,0
527,Jun,0
527,Mar,0
527,May,0
527,Nov,0
527,Oct,0
527,Sep,0
528,Apr,0
528,Aug,0
528,Dec,0
528,Feb,0
528,Jan,0
528,Jul,0
528,Jun,0
528,Mar,0
528,May,0
528,Nov,0
528,Oct,0
528,Sep,0
529,Apr,0
529,Aug,0
529,Dec,0
529,Feb,0
529,Jan,0
529,Jul,0
529,Jun,0
529,Mar,0
529,May,0
529,Nov,0
529,Oct,0
529,Sep,0
530,Apr,0
530,Aug,0
530,Dec,0
530,Feb,0
530,Jan,0
530,Jul,0
530,Jun,0
530,Mar,0
530,May,0
530,Nov,0
530,Oct,0
530,Sep,0
531,Apr,0
531,Aug,0
531,Dec,0
531,Feb,0
531,Jan,0
531,Jul,0
531,Jun,0
531,Mar,0
531,May,0
531,Nov,0
531,Oct,0
531,Sep,0
532,Apr,0
532,Aug,0
532,Dec,0
532,Feb,0
532,Jan,0
532,Jul,0
532,Jun,0
532,Mar,0
532,May,0
532,Nov,0
532,Oct,0
532,Sep,0
533,Apr,0
533,Aug,0
533,Dec,0
533,Feb,0
533,Jan,0
533,Jul,0
533,Jun,0
533,Mar,0
533,May,0
533,Nov,0
533,Oct,0
533,Sep,0
534,Apr,0
534,Aug,0
534,Dec,0
534,Feb,0
534,Jan,0
534,Jul,0
534,Jun,0
534,Mar,0
534,May,0
534,Nov,0
534,Oct,0
534,Sep,0
535,Apr,0
535,Aug,0
535,Dec,0
535,Feb,0
535,Jan,0
535,Jul,0
535,Jun,0
535,Mar,0
535,May,0
535,Nov,0
535,Oct,0
535,Sep,0
536,Apr,0
536,Aug,0
536,Dec,0
536,Feb,0
536,Jan,0
536,Jul,0
536,Jun,0
536,Mar,0
536,May,0
536,Nov,0
536,Oct,0
536,Sep,0
537,Apr,0
537,Aug,0
537,Dec,0
537,Feb,0
537,Jan,0
537,Jul,0
537,Jun,0
537,Mar,0
537,May,0
537,Nov,0
537,Oct,0
537,Sep,0
538,Apr,0
538,Aug,0
538,Dec,0
538,Feb,0
538,Jan,0
538,Jul,0
538,Jun,0
538,Mar,0
538,May,0
538,Nov,0
538,Oct,0
538,Sep,0
539,Apr,0
539,Aug,0
539,Dec,0
539,Feb,0
539,Jan,0
539,Jul,0
539,Jun,0
539,Mar,0
539,May,0
539,Nov,0
539,Oct,0
539,Sep,1
540,Apr,0
540,Aug,0
540,Dec,0
540,Feb,0
540,Jan,0
540,Jul,0
540,Jun,0
540,Mar,0
540,May,0
540,Nov,0
540,Oct,0
540,Sep,0
541,Apr,0
541,Aug,0
541,Dec,0
541,Feb,0
541,Jan,0
541,Jul,0
541,Jun,0
541,Mar,0
541,May,0
541,Nov,0
541,Oct,0
541,Sep,0
542,Apr,0
542,Aug,0
542,Dec,0
542,Feb,0
542,Jan,0
542,Jul,0
542,Jun,0
542,Mar,0
542,May,0
542,Nov,0
542,Oct,0
542,Sep,0
543,Apr,0
543,Aug,0
543,Dec,0
543,Feb,0
543,Jan,0
543,Jul,0
543,Jun,0
543,Mar,0
543,May,0
543,Nov,0
543,Oct,0
543,Sep,0
544,Apr,0
544,Aug,0
544,Dec,0
544,Feb,0
544,Jan,0
544,Jul,0
544,Jun,0
544,Mar,0
544,May,0
544,Nov,0
544,Oct,0
544,Sep,0
545,Apr,1
545,Aug,0
545,Dec,0
545,Feb,0
545,Jan,0
545,Jul,0
545,Jun,0
545,Mar,0
545,May,0
545,Nov,0
545,Oct,0
545,Sep,0
546,Apr,0
546,Aug,0
546,Dec,0
546,Feb,0
546,Jan,0
546,Jul,0
546,Jun,0
546,Mar,0
546,May,0
546,Nov,0
546,Oct,0
546,Sep,0
547,Apr,0
547,Aug,1
547,Dec,0
547,Feb,0
547,Jan,0
547,Jul,0
547,Jun,0
547,Mar,0
547,May,0
547,Nov,0
547,Oct,1
547,Sep,0
548,Apr,0
548,Aug,0
548,Dec,0
548,Feb,0
548,Jan,0
548,Jul,0
548,Jun,0
548,Mar,0
548,May,0
548,Nov,0
548,Oct,0
548,Sep,0
549,Apr,0
549,Aug,1
549,Dec,0
549,Feb,0
549,Jan,0
549,Jul,1
549,Jun,0
549,Mar,0
549,May,0
549,Nov,0
549,Oct,0
549,Sep,0
550,Apr,0
550,Aug,0
550,Dec,0
550,Feb,0
550,Jan,0
550,Jul,0
550,Jun,0
550,Mar,0
550,May,0
550,Nov,0
550,Oct,0
550,Sep,0
551,Apr,0
551,Aug,0
551,Dec,0
551,Feb,0
551,Jan,0
551,Jul,0
551,Jun,0
551,Mar,0
551,May,0
551,Nov,0
551,Oct,0
551,Sep,0
552,Apr,0
552,Aug,0
552,Dec,0
552,Feb,0
552,Jan,0
552,Jul,0
552,Jun,0
552,Mar,0
552,May,0
552,Nov,0
552,Oct,0
552,Sep,0
553,Apr,0
553,Aug,0
553,Dec,0
553,Feb,0
553,Jan,0
553,Jul,0
553,Jun,0
553,Mar,0
553,May,0
553,Nov,0
553,Oct,0
553,Sep,0
554,Apr,0
554,Aug,0
554,Dec,0
554,Feb,0
554,Jan,0
554,Jul,0
554,Jun,0
554,Mar,0
554,May,0
554,Nov,0
554,Oct,0
554,Sep,0
555,Apr,1
555,Aug,0
555,Dec,0
555,Feb,0
555,Jan,0
555,Jul,0
555,Jun,0
555,Mar,0
555,May,0
555,Nov,0
555,Oct,0
555,Sep,0
556,Apr,0
556,Aug,0
556,Dec,0
556,Feb,0
556,Jan,0
556,Jul,0
556,Jun,0
556,Mar,0
556,May,0
556,Nov,0
556,Oct,0
556,Sep,0
557,Apr,0
557,Aug,0
557,Dec,0
557,Feb,0
557,Jan,0
557,Jul,1
557,Jun,0
557,Mar,0
557,May,0
557,Nov,0
557,Oct,0
557,Sep,0
558,Apr,0
558,Aug,0
558,Dec,0
558,Feb,0
558,Jan,0
558,Jul,0
558,Jun,0
558,Mar,0
558,May,0
558,Nov,0
558,Oct,0
558,Sep,0
559,Apr,0
559,Aug,0
559,Dec,0
559,Feb,0
559,Jan,0
559,Jul,0
559,Jun,0
559,Mar,0
559,May,0
559,Nov,0
559,Oct,0
559,Sep,0
560,Apr,0
560,Aug,0
560,Dec,1
560,Feb,1
560,Jan,0
560,Jul,0
560,Jun,0
560,Mar,0
560,May,0
560,Nov,0
560,Oct,0
560,Sep,0
561,Apr,0
561,Aug,0
561,Dec,0
561,Feb,0
561,Jan,0
561,Jul,0
561,Jun,0
561,Mar,0
561,May,0
561,Nov,0
561,Oct,0
561,Sep,0
562,Apr,0
562,Aug,0
562,Dec,0
562,Feb,0
562,Jan,0
562,Jul,0
562,Jun,0
562,Mar,0
562,May,0
562,Nov,0
562,Oct,0
562,Sep,0
563,Apr,0
563,Aug,0
563,Dec,0
563,Feb,0
563,Jan,0
563,Jul,0
563,Jun,0
563,Mar,0
563,May,0
563,Nov,0
563,Oct,0
563,Sep,0
564,Apr,0
564,Aug,0
564,Dec,0
564,Feb,0
564,Jan,0
564,Jul,0
564,Jun,0
564,Mar,0
564,May,0
564,Nov,0
564,Oct,0
564,Sep,0
565,Apr,0
565,Aug,0
565,Dec,0
565,Feb,0
565,Jan,0
565,Jul,0
565,Jun,0
565,Mar,0
565,May,0
565,Nov,0
565,Oct,0
565,Sep,0
566,Apr,0
566,Aug,0
566,Dec,0
566,Feb,0
566,Jan,0
566,Jul,0
566,Jun,0
566,Mar,0
566,May,0
566,Nov,0
566,Oct,0
566,Sep,0
567,Apr,0
567,Aug,0
567,Dec,0
567,Feb,0
567,Jan,0
567,Jul,0
567,Jun,0
567,Mar,0
567,May,0
567,Nov,0
567,Oct,0
567,Sep,0
568,Apr,0
568,Aug,0
568,Dec,0
568,Feb,0
568,Jan,0
568,Jul,0
568,Jun,0
568,Mar,0
568,May,0
568,Nov,0
568,Oct,0
568,Sep,0
569,Apr,0
569,Aug,0
569,Dec,0
569,Feb,0
569,Jan,0
569,Jul,0
569,Jun,0
569,Mar,0
569,May,0
569,Nov,0
569,Oct,1
569,Sep,0
570,Apr,0
570,Aug,0
570,Dec,0
570,Feb,0
570,Jan,0
570,Jul,0
570,Jun,0
570,Mar,0
570,May,1
570,Nov,1
570,Oct,0
570,Sep,0
571,Apr,0
571,Aug,0
571,Dec,0
571,Feb,0
571,Jan,0
571,Jul,0
571,Jun,0
571,Mar,0
571,May,0
571,Nov,0
571,Oct,0
571,Sep,0
572,Apr,1
572,Aug,0
572,Dec,0
572,Feb,0
572,Jan,0
572,Jul,0
572,Jun,0
572,Mar,0
572,May,0
572,Nov,0
572,Oct,0
572,Sep,0
573,Apr,0
573,Aug,0
573,Dec,0
573,Feb,0
573,Jan,0
573,Jul,0
573,Jun,0
573,Mar,0
573,May,0
573,Nov,0
573,Oct,0
573,Sep,0
574,Apr,0
574,Aug,0
574,Dec,0
574,Feb,0
574,Jan,0
574,Jul,0
574,Jun,0
574,Mar,0
574,May,0
574,Nov,0
574,Oct,0
574,Sep,0
575,Apr,0
575,Aug,1
575,Dec,0
575,Feb,0
575,Jan,0
575,Jul,0
575,Jun,0
575,Mar,0
575,May,0
575,Nov,0
575,Oct,0
575,Sep,1
576,Apr,0
576,Aug,0
576,Dec,0
576,Feb,0
576,Jan,0
576,Jul,0
576,Jun,0
576,Mar,0
576,May,0
576,Nov,0
576,Oct,0
576,Sep,0
577,Apr,0
577,Aug,0
577,Dec,0
577,Feb,0
577,Jan,0
577,Jul,0
577,Jun,0
577,Mar,0
577,May,0
577,Nov,0
577,Oct,0
577,Sep,0
578,Apr,0
578,Aug,0
578,Dec,0
578,Feb,0
578,Jan,0
578,Jul,0
578,Jun,0
578,Mar,0
578,May,0
578,Nov,0
578,Oct,0
578,Sep,0
579,Apr,0
579,Aug,0
579,Dec,0
579,Feb,1
579,Jan,0
579,Jul,0
579,Jun,0
579,Mar,0
579,May,1
579,Nov,0
579,Oct,0
579,Sep,0
580,Apr,1
580,Aug,0
580,Dec,1
580,Feb,0
580,Jan,0
580,Jul,0
580,Jun,0
580,Mar,1
580,May,0
580,Nov,0
580,Oct,1
580,Sep,0
581,Apr,1
581,Aug,0
581,Dec,0
581,Feb,1
581,Jan,0
581,Jul,1
581,Jun,1
581,Mar,0
581,May,0
581,Nov,0
581,Oct,0
581,Sep,0
582,Apr,0
582,Aug,0
582,Dec,0
582,Feb,0
582,Jan,0
582,Jul,0
582,Jun,0
582,Mar,0
582,May,0
582,Nov,0
582,Oct,0
582,Sep,0
583,Apr,0
583,Aug,0
583,Dec,0
583,Feb,0
583,Jan,0
583,Jul,0
583,Jun,0
583,Mar,0
583,May,0
583,Nov,0
583,Oct,0
583,Sep,0
584,Apr,0
584,Aug,0
584,Dec,0
584,Feb,0
584,Jan,0
584,Jul,0
584,Jun,0
584,Mar,0
584,May,0
584,Nov,0
584,Oct,0
584,Sep,1
585,Apr,0
585,Aug,0
585,Dec,0
585,Feb,0
585,Jan,0
585,Jul,0
585,Jun,0
585,Mar,0
585,May,0
585,Nov,0
585,Oct,0
585,Sep,0
586,Apr,0
586,Aug,0
586,Dec,0
586,Feb,0
586,Jan,0
586,Jul,0
586,Jun,0
586,Mar,0
586,May,0
586,Nov,0
586,Oct,0
586,Sep,0
587,Apr,0
587,Aug,1
587,Dec,0
587,Feb,1
587,Jan,1
587,Jul,0
587,Jun,0
587,Mar,0
587,May,1
587,Nov,0
587,Oct,0
587,Sep,0
588,Apr,0
588,Aug,1
588,Dec,0
588,Feb,1
588,Jan,0
588,Jul,0
588,Jun,0
588,Mar,1
588,May,0
588,Nov,0
588,Oct,0
588,Sep,1
589,Apr,0
589,Aug,0
589,Dec,0
589,Feb,0
589,Jan,0
589,Jul,0
589,Jun,0
589,Mar,0
589,May,0
589,Nov,0
589,Oct,0
589,Sep,0
590,Apr,0
590,Aug,0
590,Dec,0
590,Feb,0
590,Jan,0
590,Jul,0
590,Jun,0
590,Mar,0
590,May,0
590,Nov,0
590,Oct,0
590,Sep,0
591,Apr,0
591,Aug,0
591,Dec,0
591,Feb,0
591,Jan,0
591,Jul,0
591,Jun,0
591,Mar,0
591,May,0
591,Nov,0
591,Oct,0
591,Sep,0
592,Apr,0
592,Aug,0
592,Dec,0
592,Feb,0
592,Jan,0
592,Jul,0
592,Jun,0
592,Mar,0
592,May,0
592,Nov,0
592,Oct,0
592,Sep,0
593,Apr,0
593,Aug,1
593,Dec,0
593,Feb,0
593,Jan,0
593,Jul,0
593,Jun,1
593,Mar,0
593,May,0
593,Nov,0
593,Oct,0
593,Sep,0
594,Apr,0
594,Aug,0
594,Dec,0
594,Feb,0
594,Jan,0
594,Jul,0
594,Jun,0
594,Mar,0
594,May,0
594,Nov,0
594,Oct,0
594,Sep,0
595,Apr,0
595,Aug,0
595,Dec,0
595,Feb,0
595,Jan,0
595,Jul,0
595,Jun,0
595,Mar,0
595,May,0
595,Nov,0
595,Oct,0
595,Sep,0
596,Apr,0
596,Aug,0
596,Dec,0
596,Feb,0
596,Jan,0
596,Jul,0
596,Jun,0
596,Mar,0
596,May,0
596,Nov,0
596,Oct,0
596,Sep,0
597,Apr,0
597,Aug,0
597,Dec,0
597,Feb,0
597,Jan,0
597,Jul,0
597,Jun,0
597,Mar,0
597,May,0
597,Nov,0
597,Oct,0
597,Sep,0
598,Apr,0
598,Aug,0
598,Dec,0
598,Feb,0
598,Jan,0
598,Jul,0
598,Jun,0
598,Mar,0
598,May,0
598,Nov,0
598,Oct,0
598,Sep,0
599,Apr,1
599,Aug,0
599,Dec,0
599,Feb,0
599,Jan,0
599,Jul,0
599,Jun,1
599,Mar,0
599,May,0
599,Nov,0
599,Oct,0
599,Sep,0
600,Apr,0
600,Aug,0
600,Dec,0
600,Feb,1
600,Jan,0
600,Jul,0
600,Jun,0
600,Mar,0
600,May,0
600,Nov,0
600,Oct,0
600,Sep,0
601,Apr,0
601,Aug,0
601,Dec,0
601,Feb,0
601,Jan,0
601,Jul,0
601,Jun,0
601,Mar,0
601,May,0
601,Nov,0
601,Oct,0
601,Sep,0
602,Apr,0
602,Aug,0
602,Dec,0
602,Feb,0
602,Jan,0
602,Jul,0
602,Jun,0
602,Mar,0
602,May,0
602,Nov,0
602,Oct,0
602,Sep,0
603,Apr,0
603,Aug,0
603,Dec,0
603,Feb,0
603,Jan,0
603,Jul,0
603,Jun,0
603,Mar,0
603,May,0
603,Nov,0
603,Oct,0
603,Sep,0
604,Apr,1
604,Aug,0
604,Dec,0
604,Feb,0
604,Jan,0
604,Jul,0
604,Jun,0
604,Mar,1
604,May,0
604,Nov,0
604,Oct,0
604,Sep,0
605,Apr,0
605,Aug,0
605,Dec,0
605,Feb,0
605,Jan,0
605,Jul,0
605,Jun,0
605,Mar,0
605,May,0
605,Nov,0
605,Oct,0
605,Sep,0
606,Apr,0
606,Aug,0
606,Dec,0
606,Feb,0
606,Jan,0
606,Jul,0
606,Jun,0
606,Mar,0
606,May,0
606,Nov,0
606,Oct,0
606,Sep,0
607,Apr,0
607,Aug,0
607,Dec,0
607,Feb,0
607,Jan,0
607,Jul,0
607,Jun,0
607,Mar,0
607,May,0
607,Nov,0
607,Oct,0
607,Sep,0
608,Apr,0
608,Aug,0
608,Dec,0
608,Feb,0
608,Jan,0
608,Jul,0
608,Jun,0
608,Mar,0
608,May,0
608,Nov,0
608,Oct,0
608,Sep,1
609,Apr,0
609,Aug,0
609,Dec,0
609,Feb,0
609,Jan,0
609,Jul,0
609,Jun,0
609,Mar,0
609,May,0
609,Nov,0
609,Oct,0
609,Sep,0
610,Apr,0
610,Aug,0
610,Dec,0
610,Feb,0
610,Jan,0
610,Jul,0
610,Jun,0
610,Mar,0
610,May,0
610,Nov,0
610,Oct,0
610,Sep,0
611,Apr,0
611,Aug,0
611,Dec,0
611,Feb,0
611,Jan,0
611,Jul,0
611,Jun,0
611,Mar,0
611,May,0
611,Nov,1
611,Oct,0
611,Sep,0
612,Apr,0
612,Aug,0
612,Dec,0
612,Feb,0
612,Jan,0
612,Jul,0
612,Jun,0
612,Mar,0
612,May,0
612,Nov,0
612,Oct,0
612,Sep,0
613,Apr,0
613,Aug,0
613,Dec,0
613,Feb,0
613,Jan,0
613,Jul,0
613,Jun,0
613,Mar,0
613,May,0
613,Nov,0
613,Oct,0
613,Sep,0
614,Apr,0
614,Aug,0
614,Dec,0
614,Feb,0
614,Jan,0
614,Jul,0
614,Jun,0
614,Mar,0
614,May,0
614,Nov,0
614,Oct,1
614,Sep,0
615,Apr,0
615,Aug,0
615,Dec,0
615,Feb,0
615,Jan,0
615,Jul,0
615,Jun,0
615,Mar,0
615,May,0
615,Nov,0
615,Oct,0
615,Sep,0
616,Apr,0
616,Aug,0
616,Dec,0
616,Feb,0
616,Jan,0
616,Jul,0
616,Jun,0
616,Mar,0
616,May,0
616,Nov,0
616,Oct,0
616,Sep,0
617,Apr,1
617,Aug,1
617,Dec,1
617,Feb,0
617,Jan,0
617,Jul,1
617,Jun,0
617,Mar,1
617,May,1
617,Nov,0
617,Oct,0
617,Sep,0
618,Apr,0
618,Aug,0
618,Dec,0
618,Feb,0
618,Jan,0
618,Jul,0
618,Jun,0
618,Mar,0
618,May,0
618,Nov,0
618,Oct,0
618,Sep,0
619,Apr,0
619,Aug,0
619,Dec,0
619,Feb,0
619,Jan,0
619,Jul,0
619,Jun,0
619,Mar,0
619,May,0
619,Nov,0
619,Oct,0
619,Sep,0
620,Apr,0
620,Aug,0
620,Dec,0
620,Feb,0
620,Jan,0
620,Jul,0
620,Jun,0
620,Mar,0
620,May,0
620,Nov,0
620,Oct,0
620,Sep,0
621,Apr,0
621,Aug,0
621,Dec,0
621,Feb,0
621,Jan,0
621,Jul,0
621,Jun,0
621,Mar,0
621,May,0
621,Nov,0
621,Oct,0
621,Sep,0
622,Apr,0
622,Aug,0
622,Dec,0
622,Feb,0
622,Jan,0
622,Jul,0
622,Jun,0
622,Mar,0
622,May,1
622,Nov,1
622,Oct,0
622,Sep,0
623,Apr,0
623,Aug,0
623,Dec,0
623,Feb,0
623,Jan,0
623,Jul,0
623,Jun,0
623,Mar,0
623,May,0
623,Nov,0
623,Oct,0
623,Sep,0
624,Apr,0
624,Aug,0
624,Dec,0
624,Feb,0
624,Jan,0
624,Jul,0
624,Jun,0
624,Mar,0
624,May,0
624,Nov,0
624,Oct,0
624,Sep,0
625,Apr,0
625,Aug,0
625,Dec,0
625,Feb,1
625,Jan,0
625,Jul,0
625,Jun,0
625,Mar,0
625,May,0
625,Nov,0
625,Oct,0
625,Sep,0
626,Apr,0
626,Aug,0
626,Dec,0
626,Feb,0
626,Jan,0
626,Jul,0
626,Jun,0
626,Mar,0
626,May,0
626,Nov,1
626,Oct,0
626,Sep,0
627,Apr,0
627,Aug,0
627,Dec,0
627,Feb,0
627,Jan,0
627,Jul,1
627,Jun,0
627,Mar,0
627,May,0
627,Nov,0
627,Oct,0
627,Sep,1
628,Apr,0
628,Aug,0
628,Dec,0
628,Feb,0
628,Jan,0
628,Jul,0
628,Jun,0
628,Mar,0
628,May,1
628,Nov,0
628,Oct,0
628,Sep,0
629,Apr,0
629,Aug,0
629,Dec,0
629,Feb,0
629,Jan,0
629,Jul,0
629,Jun,0
629,Mar,0
629,May,0
629,Nov,0
629,Oct,0
629,Sep,0
630,Apr,0
630,Aug,0
630,Dec,0
630,Feb,0
630,Jan,0
630,Jul,0
630,Jun,0
630,Mar,0
630,May,0
630,Nov,0
630,Oct,0
630,Sep,0
631,Apr,0
631,Aug,0
631,Dec,0
631,Feb,0
631,Jan,0
631,Jul,0
631,Jun,0
631,Mar,0
631,May,0
631,Nov,0
631,Oct,0
631,Sep,0
632,Apr,0
632,Aug,0
632,Dec,0
632,Feb,0
632,Jan,0
632,Jul,0
632,Jun,0
632,Mar,0
632,May,0
632,Nov,0
632,Oct,0
632,Sep,0
633,Apr,0
633,Aug,0
633,Dec,0
633,Feb,0
633,Jan,0
633,Jul,0
633,Jun,0
633,Mar,0
633,May,0
633,Nov,0
633,Oct,0
633,Sep,0
634,Apr,0
634,Aug,0
634,Dec,0
634,Feb,0
634,Jan,0
634,Jul,0
634,Jun,0
634,Mar,0
634,May,0
634,Nov,0
634,Oct,0
634,Sep,1
635,Apr,0
635,Aug,0
635,Dec,0
635,Feb,0
635,Jan,0
635,Jul,0
635,Jun,0
635,Mar,0
635,May,0
635,Nov,0
635,Oct,0
635,Sep,0
636,Apr,0
636,Aug,0
636,Dec,0
636,Feb,0
636,Jan,0
636,Jul,0
636,Jun,0
636,Mar,0
636,May,0
636,Nov,0
636,Oct,0
636,Sep,0
637,Apr,0
637,Aug,0
637,Dec,0
637,Feb,0
637,Jan,0
637,Jul,0
637,Jun,0
637,Mar,0
637,May,0
637,Nov,0
637,Oct,0
637,Sep,0
638,Apr,0
638,Aug,0
638,Dec,0
638,Feb,0
638,Jan,0
638,Jul,0
638,Jun,0
638,Mar,0
638,May,0
638,Nov,0
638,Oct,0
638,Sep,0
639,Apr,0
639,Aug,0
639,Dec,0
639,Feb,0
639,Jan,0
639,Jul,0
639,Jun,0
639,Mar,0
639,May,0
639,Nov,0
639,Oct,0
639,Sep,0
640,Apr,0
640,Aug,0
640,Dec,0
640,Feb,0
640,Jan,0
640,Jul,0
640,Jun,0
640,Mar,0
640,May,0
640,Nov,0
640,Oct,0
640,Sep,0
641,Apr,0
641,Aug,0
641,Dec,0
641,Feb,0
641,Jan,0
641,Jul,0
641,Jun,0
641,Mar,0
641,May,0
641,Nov,0
641,Oct,0
641,Sep,0
642,Apr,0
642,Aug,0
642,Dec,0
642,Feb,0
642,Jan,1
642,Jul,0
642,Jun,0
642,Mar,0
642,May,0
642,Nov,0
642,Oct,0
642,Sep,0
643,Apr,0
643,Aug,0
643,Dec,0
643,Feb,0
643,Jan,0
643,Jul,0
643,Jun,0
643,Mar,0
643,May,0
643,Nov,0
643,Oct,0
643,Sep,0
644,Apr,0
644,Aug,0
644,Dec,0
644,Feb,0
644,Jan,0
644,Jul,0
644,Jun,0
644,Mar,0
644,May,0
644,Nov,0
644,Oct,0
644,Sep,0
645,Apr,0
645,Aug,0
645,Dec,0
645,Feb,0
645,Jan,0
645,Jul,0
645,Jun,1
645,Mar,0
645,May,0
645,Nov,0
645,Oct,0
645,Sep,0
646,Apr,0
646,Aug,0
646,Dec,0
646,Feb,0
646,Jan,0
646,Jul,0
646,Jun,0
646,Mar,0
646,May,0
646,Nov,0
646,Oct,0
646,Sep,1
647,Apr,0
647,Aug,1
647,Dec,0
647,Feb,1
647,Jan,0
647,Jul,1
647,Jun,0
647,Mar,0
647,May,0
647,Nov,0
647,Oct,0
647,Sep,0
648,Apr,0
648,Aug,0
648,Dec,0
648,Feb,0
648,Jan,0
648,Jul,0
648,Jun,0
648,Mar,0
648,May,0
648,Nov,0
648,Oct,1
648,Sep,0
649,Apr,0
649,Aug,0
649,Dec,1
649,Feb,0
649,Jan,0
649,Jul,0
649,Jun,0
649,Mar,0
649,May,0
649,Nov,0
649,Oct,0
649,Sep,0
650,Apr,0
650,Aug,0
650,Dec,0
650,Feb,0
650,Jan,0
650,Jul,0
650,Jun,0
650,Mar,0
650,May,0
650,Nov,0
650,Oct,0
650,Sep,0
651,Apr,0
651,Aug,0
651,Dec,0
651,Feb,0
651,Jan,0
651,Jul,0
651,Jun,0
651,Mar,0
651,May,0
651,Nov,0
651,Oct,0
651,Sep,0
652,Apr,0
652,Aug,0
652,Dec,0
652,Feb,0
652,Jan,0
652,Jul,0
652,Jun,0
652,Mar,0
652,May,0
652,Nov,0
652,Oct,0
652,Sep,0
653,Apr,0
653,Aug,0
653,Dec,0
653,Feb,0
653,Jan,0
653,Jul,0
653,Jun,0
653,Mar,0
653,May,0
653,Nov,0
653,Oct,0
653,Sep,0
654,Apr,0
654,Aug,0
654,Dec,0
654,Feb,0
654,Jan,0
654,Jul,0
654,Jun,0
654,Mar,0
654,May,0
654,Nov,0
654,Oct,0
654,Sep,0
655,Apr,0
655,Aug,0
655,Dec,0
655,Feb,0
655,Jan,0
655,Jul,0
655,Jun,0
655,Mar,1
655,May,0
655,Nov,0
655,Oct,0
655,Sep,0
656,Apr,0
656,Aug,1
656,Dec,0
656,Feb,1
656,Jan,0
656,Jul,1
656,Jun,0
656,Mar,1
656,May,0
656,Nov,0
656,Oct,0
656,Sep,1
657,Apr,0
657,Aug,0
657,Dec,0
657,Feb,0
657,Jan,0
657,Jul,0
657,Jun,0
657,Mar,0
657,May,0
657,Nov,0
657,Oct,0
657,Sep,0
658,Apr,0
658,Aug,0
658,Dec,0
658,Feb,1
658,Jan,0
658,Jul,0
658,Jun,0
658,Mar,1
658,May,0
658,Nov,0
658,Oct,0
658,Sep,0
659,Apr,0
659,Aug,0
659,Dec,1
659,Feb,1
659,Jan,0
659,Jul,1
659,Jun,0
659,Mar,1
659,May,0
659,Nov,0
659,Oct,0
659,Sep,0
660,Apr,0
660,Aug,0
660,Dec,0
660,Feb,0
660,Jan,0
660,Jul,0
660,Jun,0
660,Mar,1
660,May,0
660,Nov,0
660,Oct,0
660,Sep,0
661,Apr,0
661,Aug,0
661,Dec,0
661,Feb,0
661,Jan,0
661,Jul,0
661,Jun,0
661,Mar,0
661,May,0
661,Nov,0
661,Oct,0
661,Sep,0
662,Apr,0
662,Aug,0
662,Dec,0
662,Feb,0
662,Jan,0
662,Jul,0
662,Jun,0
662,Mar,0
662,May,0
662,Nov,0
662,Oct,0
662,Sep,0
663,Apr,0
663,Aug,0
663,Dec,0
663,Feb,0
663,Jan,0
663,Jul,0
663,Jun,0
663,Mar,0
663,May,0
663,Nov,0
663,Oct,0
663,Sep,0
664,Apr,0
664,Aug,0
664,Dec,0
664,Feb,0
664,Jan,0
664,Jul,0
664,Jun,0
664,Mar,0
664,May,0
664,Nov,0
664,Oct,0
664,Sep,0
665,Apr,1
665,Aug,1
665,Dec,0
665,Feb,1
665,Jan,0
665,Jul,0
665,Jun,0
665,Mar,0
665,May,0
665,Nov,1
665,Oct,0
665,Sep,0
666,Apr,0
666,Aug,0
666,Dec,0
666,Feb,0
666,Jan,0
666,Jul,0
666,Jun,0
666,Mar,0
666,May,0
666,Nov,0
666,Oct,0
666,Sep,0
667,Apr,0
667,Aug,0
667,Dec,0
667,Feb,0
667,Jan,0
667,Jul,0
667,Jun,0
667,Mar,0
667,May,0
667,Nov,0
667,Oct,0
667,Sep,0
668,Apr,0
668,Aug,0
668,Dec,0
668,Feb,0
668,Jan,0
668,Jul,0
668,Jun,0
668,Mar,0
668,May,0
668,Nov,0
668,Oct,0
668,Sep,0
669,Apr,0
669,Aug,0
669,Dec,0
669,Feb,0
669,Jan,0
669,Jul,0
669,Jun,0
669,Mar,0
669,May,0
669,Nov,0
669,Oct,0
669,Sep,0
670,Apr,0
670,Aug,0
670,Dec,0
670,Feb,0
670,Jan,0
670,Jul,0
670,Jun,0
670,Mar,0
670,May,0
670,Nov,0
670,Oct,0
670,Sep,0
671,Apr,0
671,Aug,0
671,Dec,0
671,Feb,0
671,Jan,0
671,Jul,0
671,Jun,0
671,Mar,0
671,May,0
671,Nov,0
671,Oct,0
671,Sep,0
672,Apr,0
672,Aug,0
672,Dec,0
672,Feb,0
672,Jan,0
672,Jul,0
672,Jun,0
672,Mar,0
672,May,0
672,Nov,0
672,Oct,0
672,Sep,0
673,Apr,0
673,Aug,0
673,Dec,0
673,Feb,0
673,Jan,0
673,Jul,0
673,Jun,0
673,Mar,0
673,May,0
673,Nov,0
673,Oct,0
673,Sep,0
674,Apr,0
674,Aug,0
674,Dec,0
674,Feb,0
674,Jan,0
674,Jul,0
674,Jun,0
674,Mar,0
674,May,0
674,Nov,0
674,Oct,0
674,Sep,0
675,Apr,0
675,Aug,0
675,Dec,0
675,Feb,0
675,Jan,0
675,Jul,0
675,Jun,0
675,Mar,0
675,May,0
675,Nov,0
675,Oct,0
675,Sep,0
676,Apr,0
676,Aug,1
676,Dec,0
676,Feb,0
676,Jan,0
676,Jul,0
676,Jun,0
676,Mar,0
676,May,0
676,Nov,0
676,Oct,1
676,Sep,1
677,Apr,0
677,Aug,0
677,Dec,0
677,Feb,0
677,Jan,0
677,Jul,0
677,Jun,0
677,Mar,0
677,May,0
677,Nov,0
677,Oct,0
677,Sep,0
678,Apr,0
678,Aug,1
678,Dec,1
678,Feb,1
678,Jan,1
678,Jul,0
678,Jun,0
678,Mar,0
678,May,0
678,Nov,0
678,Oct,1
678,Sep,0
679,Apr,0
679,Aug,0
679,Dec,0
679,Feb,0
679,Jan,0
679,Jul,0
679,Jun,0
679,Mar,0
679,May,0
679,Nov,0
679,Oct,0
679,Sep,0
680,Apr,0
680,Aug,0
680,Dec,0
680,Feb,0
680,Jan,0
680,Jul,0
680,Jun,0
680,Mar,0
680,May,0
680,Nov,0
680,Oct,0
680,Sep,0
681,Apr,0
681,Aug,0
681,Dec,0
681,Feb,0
681,Jan,0
681,Jul,0
681,Jun,0
681,Mar,0
681,May,0
681,Nov,0
681,Oct,0
681,Sep,0
682,Apr,0
682,Aug,0
682,Dec,0
682,Feb,0
682,Jan,0
682,Jul,0
682,Jun,0
682,Mar,0
682,May,0
682,Nov,0
682,Oct,0
682,Sep,0
683,Apr,0
683,Aug,0
683,Dec,0
683,Feb,0
683,Jan,0
683,Jul,0
683,Jun,0
683,Mar,0
683,May,0
683,Nov,0
683,Oct,0
683,Sep,0
684,Apr,0
684,Aug,0
684,Dec,0
684,Feb,0
684,Jan,0
684,Jul,0
684,Jun,0
684,Mar,0
684,May,0
684,Nov,0
684,Oct,0
684,Sep,0
685,Apr,0
685,Aug,0
685,Dec,0
685,Feb,0
685,Jan,0
685,Jul,0
685,Jun,0
685,Mar,0
685,May,0
685,Nov,0
685,Oct,0
685,Sep,0
686,Apr,0
686,Aug,0
686,Dec,0
686,Feb,0
686,Jan,0
686,Jul,0
686,Jun,0
686,Mar,0
686,May,0
686,Nov,0
686,Oct,0
686,Sep,0
687,Apr,0
687,Aug,0
687,Dec,0
687,Feb,0
687,Jan,0
687,Jul,0
687,Jun,0
687,Mar,0
687,May,0
687,Nov,0
687,Oct,0
687,Sep,0
688,Apr,0
688,Aug,0
688,Dec,0
688,Feb,0
688,Jan,0
688,Jul,0
688,Jun,1
688,Mar,0
688,May,0
688,Nov,0
688,Oct,0
688,Sep,1
689,Apr,0
689,Aug,0
689,Dec,0
689,Feb,0
689,Jan,0
689,Jul,0
689,Jun,0
689,Mar,0
689,May,0
689,Nov,0
689,Oct,0
689,Sep,0
690,Apr,0
690,Aug,0
690,Dec,0
690,Feb,0
690,Jan,0
690,Jul,1
690,Jun,0
690,Mar,0
690,May,1
690,Nov,0
690,Oct,0
690,Sep,0
691,Apr,0
691,Aug,0
691,Dec,0
691,Feb,0
691,Jan,0
691,Jul,0
691,Jun,0
691,Mar,0
691,May,0
691,Nov,0
691,Oct,0
691,Sep,0
692,Apr,0
692,Aug,0
692,Dec,0
692,Feb,0
692,Jan,0
692,Jul,0
692,Jun,0
692,Mar,0
692,May,0
692,Nov,0
692,Oct,0
692,Sep,0
693,Apr,0
693,Aug,0
693,Dec,0
693,Feb,0
693,Jan,0
693,Jul,0
693,Jun,0
693,Mar,0
693,May,0
693,Nov,0
693,Oct,1
693,Sep,0
694,Apr,0
694,Aug,0
694,Dec,0
694,Feb,0
694,Jan,0
694,Jul,0
694,Jun,0
694,Mar,0
694,May,0
694,Nov,0
694,Oct,0
694,Sep,1
695,Apr,0
695,Aug,0
695,Dec,0
695,Feb,1
695,Jan,0
695,Jul,0
695,Jun,0
695,Mar,0
695,May,0
695,Nov,0
695,Oct,0
695,Sep,0
696,Apr,0
696,Aug,0
696,Dec,0
696,Feb,0
696,Jan,0
696,Jul,0
696,Jun,0
696,Mar,0
696,May,0
696,Nov,0
696,Oct,0
696,Sep,0
697,Apr,0
697,Aug,0
697,Dec,0
697,Feb,0
697,Jan,0
697,Jul,0
697,Jun,0
697,Mar,0
697,May,0
697,Nov,0
697,Oct,0
697,Sep,0
698,Apr,0
698,Aug,0
698,Dec,1
698,Feb,0
698,Jan,0
698,Jul,0
698,Jun,0
698,Mar,0
698,May,0
698,Nov,0
698,Oct,0
698,Sep,0
699,Apr,0
699,Aug,0
699,Dec,0
699,Feb,0
699,Jan,0
699,Jul,0
699,Jun,0
699,Mar,0
699,May,1
699,Nov,0
699,Oct,0
699,Sep,0
700,Apr,0
700,Aug,0
700,Dec,0
700,Feb,0
700,Jan,0
700,Jul,0
700,Jun,0
700,Mar,0
700,May,0
700,Nov,0
700,Oct,0
700,Sep,0
701,Apr,0
701,Aug,0
701,Dec,0
701,Feb,0
701,Jan,0
701,Jul,0
701,Jun,0
701,Mar,0
701,May,0
701,Nov,0
701,Oct,0
701,Sep,0
702,Apr,0
702,Aug,1
702,Dec,0
702,Feb,0
702,Jan,0
702,Jul,0
702,Jun,1
702,Mar,0
702,May,0
702,Nov,0
702,Oct,0
702,Sep,0
703,Apr,0
703,Aug,0
703,Dec,0
703,Feb,0
703,Jan,0
703,Jul,0
703,Jun,0
703,Mar,0
703,May,0
703,Nov,0
703,Oct,0
703,Sep,1
704,Apr,0
704,Aug,0
704,Dec,0
704,Feb,1
704,Jan,0
704,Jul,0
704,Jun,0
704,Mar,0
704,May,0
704,Nov,0
704,Oct,0
704,Sep,0
705,Apr,0
705,Aug,0
705,Dec,0
705,Feb,0
705,Jan,1
705,Jul,0
705,Jun,0
705,Mar,0
705,May,0
705,Nov,0
705,Oct,0
705,Sep,0
706,Apr,0
706,Aug,0
706,Dec,0
706,Feb,0
706,Jan,0
706,Jul,0
706,Jun,0
706,Mar,0
706,May,0
706,Nov,0
706,Oct,0
706,Sep,0
707,Apr,0
707,Aug,0
707,Dec,0
707,Feb,0
707,Jan,0
707,Jul,0
707,Jun,0
707,Mar,0
707,May,0
707,Nov,0
707,Oct,0
707,Sep,0
708,Apr,0
708,Aug,0
708,Dec,0
708,Feb,0
708,Jan,0
708,Jul,0
708,Jun,0
708,Mar,0
708,May,0
708,Nov,0
708,Oct,0
708,Sep,0
709,Apr,0
709,Aug,0
709,Dec,0
709,Feb,0
709,Jan,0
709,Jul,0
709,Jun,0
709,Mar,0
709,May,0
709,Nov,0
709,Oct,0
709,Sep,0
710,Apr,0
710,Aug,0
710,Dec,0
710,Feb,0
710,Jan,0
710,Jul,0
710,Jun,0
710,Mar,0
710,May,0
710,Nov,0
710,Oct,0
710,Sep,0
711,Apr,0
711,Aug,0
711,Dec,0
711,Feb,0
711,Jan,0
711,Jul,0
711,Jun,0
711,Mar,0
711,May,0
711,Nov,0
711,Oct,0
711,Sep,0
712,Apr,0
712,Aug,0
712,Dec,0
712,Feb,0
712,Jan,0
712,Jul,0
712,Jun,0
712,Mar,0
712,May,0
712,Nov,0
712,Oct,0
712,Sep,0
713,Apr,0
713,Aug,0
713,Dec,0
713,Feb,0
713,Jan,0
713,Jul,0
713,Jun,1
713,Mar,0
713,May,1
713,Nov,0
713,Oct,0
713,Sep,0
714,Apr,0
714,Aug,0
714,Dec,0
714,Feb,0
714,Jan,0
714,Jul,0
714,Jun,0
714,Mar,0
714,May,0
714,Nov,0
714,Oct,0
714,Sep,0
715,Apr,0
715,Aug,0
715,Dec,0
715,Feb,0
715,Jan,0
715,Jul,0
715,Jun,0
715,Mar,0
715,May,0
715,Nov,0
715,Oct,0
715,Sep,0
716,Apr,1
716,Aug,0
716,Dec,0
716,Feb,0
716,Jan,0
716,Jul,0
716,Jun,1
716,Mar,0
716,May,0
716,Nov,0
716,Oct,0
716,Sep,0
717,Apr,0
717,Aug,0
717,Dec,0
717,Feb,0
717,Jan,0
717,Jul,0
717,Jun,0
717,Mar,0
717,May,0
717,Nov,0
717,Oct,0
717,Sep,0
718,Apr,0
718,Aug,0
718,Dec,0
718,Feb,0
718,Jan,0
718,Jul,1
718,Jun,0
718,Mar,0
718,May,0
718,Nov,0
718,Oct,0
718,Sep,0
719,Apr,0
719,Aug,0
719,Dec,0
719,Feb,0
719,Jan,0
719,Jul,0
719,Jun,0
719,Mar,0
719,May,0
719,Nov,0
719,Oct,0
719,Sep,0
720,Apr,0
720,Aug,1
720,Dec,0
720,Feb,0
720,Jan,0
720,Jul,0
720,Jun,0
720,Mar,0
720,May,0
720,Nov,0
720,Oct,0
720,Sep,0
721,Apr,0
721,Aug,0
721,Dec,0
721,Feb,0
721,Jan,0
721,Jul,0
721,Jun,0
721,Mar,0
721,May,0
721,Nov,0
721,Oct,0
721,Sep,0
722,Apr,0
722,Aug,0
722,Dec,0
722,Feb,0
722,Jan,0
722,Jul,0
722,Jun,0
722,Mar,0
722,May,0
722,Nov,0
722,Oct,0
722,Sep,1
723,Apr,0
723,Aug,0
723,Dec,0
723,Feb,0
723,Jan,0
723,Jul,0
723,Jun,0
723,Mar,0
723,May,0
723,Nov,0
723,Oct,0
723,Sep,0
724,Apr,1
724,Aug,0
724,Dec,0
724,Feb,0
724,Jan,0
724,Jul,0
724,Jun,0
724,Mar,0
724,May,0
724,Nov,0
724,Oct,0
724,Sep,0
725,Apr,0
725,Aug,0
725,Dec,0
725,Feb,1
725,Jan,0
725,Jul,0
725,Jun,0
725,Mar,0
725,May,0
725,Nov,1
725,Oct,0
725,Sep,0
726,Apr,1
726,Aug,0
726,Dec,0
726,Feb,0
726,Jan,0
726,Jul,0
726,Jun,0
726,Mar,0
726,May,0
726,Nov,0
726,Oct,0
726,Sep,0
727,Apr,0
727,Aug,0
727,Dec,0
727,Feb,0
727,Jan,0
727,Jul,0
727,Jun,0
727,Mar,0
727,May,0
727,Nov,0
727,Oct,0
727,Sep,0
728,Apr,0
728,Aug,0
728,Dec,0
728,Feb,0
728,Jan,0
728,Jul,0
728,Jun,0
728,Mar,0
728,May,0
728,Nov,0
728,Oct,0
728,Sep,0
729,Apr,0
729,Aug,0
729,Dec,0
729,Feb,0
729,Jan,0
729,Jul,0
729,Jun,0
729,Mar,0
729,May,0
729,Nov,0
729,Oct,0
729,Sep,0
730,Apr,0
730,Aug,0
730,Dec,0
730,Feb,0
730,Jan,0
730,Jul,0
730,Jun,0
730,Mar,0
730,May,0
730,Nov,0
730,Oct,1
730,Sep,0
731,Apr,0
731,Aug,0
731,Dec,0
731,Feb,0
731,Jan,0
731,Jul,0
731,Jun,0
731,Mar,0
731,May,0
731,Nov,0
731,Oct,0
731,Sep,0
732,Apr,0
732,Aug,0
732,Dec,0
732,Feb,1
732,Jan,1
732,Jul,0
732,Jun,0
732,Mar,0
732,May,0
732,Nov,0
732,Oct,0
732,Sep,0
733,Apr,0
733,Aug,0
733,Dec,0
733,Feb,0
733,Jan,0
733,Jul,0
733,Jun,0
733,Mar,0
733,May,0
733,Nov,0
733,Oct,0
733,Sep,0
734,Apr,0
734,Aug,0
734,Dec,0
734,Feb,0
734,Jan,0
734,Jul,0
734,Jun,0
734,Mar,0
734,May,0
734,Nov,0
734,Oct,0
734,Sep,0
735,Apr,0
735,Aug,0
735,Dec,0
735,Feb,0
735,Jan,0
735,Jul,0
735,Jun,0
735,Mar,0
735,May,0
735,Nov,0
735,Oct,0
735,Sep,0
736,Apr,0
736,Aug,0
736,Dec,0
736,Feb,0
736,Jan,0
736,Jul,0
736,Jun,0
736,Mar,0
736,May,0
736,Nov,0
736,Oct,0
736,Sep,0
737,Apr,1
737,Aug,0
737,Dec,1
737,Feb,0
737,Jan,0
737,Jul,0
737,Jun,0
737,Mar,0
737,May,1
737,Nov,1
737,Oct,0
737,Sep,0
738,Apr,0
738,Aug,0
738,Dec,0
738,Feb,0
738,Jan,0
738,Jul,0
738,Jun,0
738,Mar,0
738,May,0
738,Nov,0
738,Oct,0
738,Sep,0
739,Apr,0
739,Aug,0
739,Dec,1
739,Feb,0
739,Jan,0
739,Jul,0
739,Jun,0
739,Mar,0
739,May,0
739,Nov,0
739,Oct,0
739,Sep,0
740,Apr,0
740,Aug,0
740,Dec,0
740,Feb,0
740,Jan,0
740,Jul,0
740,Jun,0
740,Mar,0
740,May,0
740,Nov,0
740,Oct,0
740,Sep,0
741,Apr,0
741,Aug,0
741,Dec,0
741,Feb,0
741,Jan,0
741,Jul,0
741,Jun,0
741,Mar,0
741,May,0
741,Nov,0
741,Oct,0
741,Sep,0
742,Apr,0
742,Aug,0
742,Dec,0
742,Feb,0
742,Jan,0
742,Jul,1
742,Jun,0
742,Mar,0
742,May,1
742,Nov,0
742,Oct,0
742,Sep,0
743,Apr,0
743,Aug,0
743,Dec,0
743,Feb,0
743,Jan,0
743,Jul,0
743,Jun,0
743,Mar,0
743,May,0
743,Nov,0
743,Oct,0
743,Sep,0
744,Apr,0
744,Aug,0
744,Dec,0
744,Feb,1
744,Jan,0
744,Jul,0
744,Jun,0
744,Mar,0
744,May,0
744,Nov,0
744,Oct,0
744,Sep,0
745,Apr,0
745,Aug,0
745,Dec,0
745,Feb,0
745,Jan,0
745,Jul,0
745,Jun,0
745,Mar,0
745,May,0
745,Nov,0
745,Oct,0
745,Sep,1
746,Apr,0
746,Aug,0
746,Dec,0
746,Feb,0
746,Jan,0
746,Jul,0
746,Jun,0
746,Mar,0
746,May,0
746,Nov,0
746,Oct,0
746,Sep,0
747,Apr,0
747,Aug,0
747,Dec,0
747,Feb,0
747,Jan,0
747,Jul,0
747,Jun,1
747,Mar,0
747,May,0
747,Nov,0
747,Oct,0
747,Sep,0
748,Apr,0
748,Aug,0
748,Dec,0
748,Feb,0
748,Jan,0
748,Jul,0
748,Jun,0
748,Mar,0
748,May,0
748,Nov,0
748,Oct,0
748,Sep,0
749,Apr,0
749,Aug,0
749,Dec,0
749,Feb,0
749,Jan,0
749,Jul,0
749,Jun,0
749,Mar,0
749,May,0
749,Nov,0
749,Oct,0
749,Sep,0
750,Apr,0
750,Aug,0
750,Dec,0
750,Feb,0
750,Jan,0
750,Jul,0
750,Jun,0
750,Mar,0
750,May,0
750,Nov,0
750,Oct,0
750,Sep,0
751,Apr,0
751,Aug,0
751,Dec,0
751,Feb,0
751,Jan,0
751,Jul,0
751,Jun,0
751,Mar,0
751,May,0
751,Nov,1
751,Oct,0
751,Sep,0
752,Apr,0
752,Aug,0
752,Dec,0
752,Feb,0
752,Jan,0
752,Jul,0
752,Jun,0
752,Mar,0
752,May,0
752,Nov,0
752,Oct,0
752,Sep,1
753,Apr,0
753,Aug,0
753,Dec,0
753,Feb,0
753,Jan,0
753,Jul,0
753,Jun,0
753,Mar,0
753,May,0
753,Nov,0
753,Oct,0
753,Sep,0
754,Apr,0
754,Aug,0
754,Dec,0
754,Feb,0
754,Jan,0
754,Jul,0
754,Jun,0
754,Mar,0
754,May,0
754,Nov,0
754,Oct,0
754,Sep,0
755,Apr,0
755,Aug,0
755,Dec,0
755,Feb,0
755,Jan,0
755,Jul,0
755,Jun,0
755,Mar,0
755,May,0
755,Nov,0
755,Oct,0
755,Sep,0
756,Apr,0
756,Aug,0
756,Dec,0
756,Feb,0
756,Jan,0
756,Jul,0
756,Jun,0
756,Mar,0
756,May,0
756,Nov,0
756,Oct,0
756,Sep,0
757,Apr,0
757,Aug,0
757,Dec,0
757,Feb,0
757,Jan,0
757,Jul,0
757,Jun,0
757,Mar,0
757,May,0
757,Nov,0
757,Oct,0
757,Sep,0
758,Apr,0
758,Aug,0
758,Dec,0
758,Feb,0
758,Jan,0
758,Jul,0
758,Jun,0
758,Mar,1
758,May,0
758,Nov,0
758,Oct,0
758,Sep,1
759,Apr,0
759,Aug,0
759,Dec,0
759,Feb,0
759,Jan,0
759,Jul,0
759,Jun,0
759,Mar,0
759,May,0
759,Nov,0
759,Oct,0
759,Sep,0
760,Apr,0
760,Aug,0
760,Dec,0
760,Feb,0
760,Jan,0
760,Jul,0
760,Jun,0
760,Mar,0
760,May,0
760,Nov,0
760,Oct,0
760,Sep,0
761,Apr,0
761,Aug,0
761,Dec,0
761,Feb,0
761,Jan,0
761,Jul,0
761,Jun,0
761,Mar,0
761,May,0
761,Nov,0
761,Oct,0
761,Sep,0
762,Apr,0
762,Aug,0
762,Dec,0
762,Feb,1
762,Jan,0
762,Jul,0
762,Jun,0
762,Mar,0
762,May,0
762,Nov,0
762,Oct,0
762,Sep,0
763,Apr,0
763,Aug,0
763,Dec,0
763,Feb,0
763,Jan,0
763,Jul,0
763,Jun,0
763,Mar,0
763,May,0
763,Nov,0
763,Oct,0
763,Sep,0
764,Apr,0
764,Aug,0
764,Dec,0
764,Feb,0
764,Jan,0
764,Jul,0
764,Jun,0
764,Mar,0
764,May,0
764,Nov,0
764,Oct,0
764,Sep,0
765,Apr,0
765,Aug,0
765,Dec,0
765,Feb,0
765,Jan,0
765,Jul,0
765,Jun,0
765,Mar,0
765,May,0
765,Nov,0
765,Oct,0
765,Sep,0
766,Apr,0
766,Aug,0
766,Dec,0
766,Feb,0
766,Jan,0
766,Jul,0
766,Jun,0
766,Mar,0
766,May,0
766,Nov,0
766,Oct,0
766,Sep,0
767,Apr,0
767,Aug,0
767,Dec,0
767,Feb,0
767,Jan,0
767,Jul,0
767,Jun,0
767,Mar,0
767,May,0
767,Nov,0
767,Oct,0
767,Sep,0
768,Apr,0
768,Aug,0
768,Dec,0
768,Feb,0
768,Jan,0
768,Jul,0
768,Jun,0
768,Mar,0
768,May,0
768,Nov,0
768,Oct,0
768,Sep,0
769,Apr,0
769,Aug,0
769,Dec,0
769,Feb,0
769,Jan,0
769,Jul,0
769,Jun,0
769,Mar,0
769,May,0
769,Nov,0
769,Oct,0
769,Sep,0
770,Apr,0
770,Aug,0
770,Dec,0
770,Feb,0
770,Jan,0
770,Jul,0
770,Jun,0
770,Mar,0
770,May,0
770,Nov,0
770,Oct,0
770,Sep,0
771,Apr,0
771,Aug,0
771,Dec,0
771,Feb,0
771,Jan,0
771,Jul,0
771,Jun,0
771,Mar,0
771,May,0
771,Nov,0
771,Oct,0
771,Sep,0
772,Apr,0
772,Aug,0
772,Dec,0
772,Feb,0
772,Jan,0
772,Jul,0
772,Jun,0
772,Mar,0
772,May,0
772,Nov,0
772,Oct,0
772,Sep,0
773,Apr,0
773,Aug,0
773,Dec,0
773,Feb,0
773,Jan,0
773,Jul,0
773,Jun,0
773,Mar,0
773,May,0
773,Nov,0
773,Oct,0
773,Sep,0
774,Apr,0
774,Aug,0
774,Dec,0
774,Feb,0
774,Jan,0
774,Jul,0
774,Jun,0
774,Mar,0
774,May,0
774,Nov,0
774,Oct,0
774,Sep,0
775,Apr,0
775,Aug,0
775,Dec,0
775,Feb,0
775,Jan,0
775,Jul,0
775,Jun,0
775,Mar,0
775,May,0
775,Nov,0
775,Oct,0
775,Sep,0
776,Apr,0
776,Aug,0
776,Dec,0
776,Feb,0
776,Jan,0
776,Jul,0
776,Jun,0
776,Mar,1
776,May,1
776,Nov,0
776,Oct,0
776,Sep,1
777,Apr,0
777,Aug,0
777,Dec,0
777,Feb,0
777,Jan,0
777,Jul,0
777,Jun,0
777,Mar,0
777,May,0
777,Nov,0
777,Oct,1
777,Sep,0
778,Apr,0
778,Aug,0
778,Dec,0
778,Feb,0
778,Jan,0
778,Jul,0
778,Jun,0
778,Mar,0
778,May,0
778,Nov,0
778,Oct,0
778,Sep,0
779,Apr,0
779,Aug,0
779,Dec,0
779,Feb,0
779,Jan,0
779,Jul,0
779,Jun,0
779,Mar,0
779,May,0
779,Nov,0
779,Oct,0
779,Sep,0
780,Apr,0
780,Aug,0
780,Dec,0
780,Feb,1
780,Jan,0
780,Jul,0
780,Jun,0
780,Mar,0
780,May,1
780,Nov,0
780,Oct,0
780,Sep,0
781,Apr,0
781,Aug,0
781,Dec,0
781,Feb,0
781,Jan,0
781,Jul,0
781,Jun,0
781,Mar,0
781,May,0
781,Nov,0
781,Oct,0
781,Sep,0
782,Apr,0
782,Aug,0
782,Dec,0
782,Feb,0
782,Jan,0
782,Jul,0
782,Jun,0
782,Mar,0
782,May,0
782,Nov,0
782,Oct,0
782,Sep,0
783,Apr,0
783,Aug,0
783,Dec,0
783,Feb,0
783,Jan,0
783,Jul,0
783,Jun,0
783,Mar,0
783,May,0
783,Nov,0
783,Oct,0
783,Sep,0
784,Apr,0
784,Aug,0
784,Dec,0
784,Feb,0
784,Jan,0
784,Jul,0
784,Jun,0
784,Mar,0
784,May,0
784,Nov,0
784,Oct,0
784,Sep,0
785,Apr,0
785,Aug,0
785,Dec,0
785,Feb,0
785,Jan,0
785,Jul,0
785,Jun,0
785,Mar,0
785,May,0
785,Nov,1
785,Oct,0
785,Sep,0
786,Apr,0
786,Aug,0
786,Dec,0
786,Feb,0
786,Jan,0
786,Jul,0
786,Jun,0
786,Mar,0
786,May,0
786,Nov,0
786,Oct,0
786,Sep,0
787,Apr,1
787,Aug,0
787,Dec,0
787,Feb,0
787,Jan,0
787,Jul,0
787,Jun,0
787,Mar,1
787,May,1
787,Nov,1
787,Oct,0
787,Sep,0
788,Apr,0
788,Aug,0
788,Dec,0
788,Feb,0
788,Jan,0
788,Jul,0
788,Jun,0
788,Mar,0
788,May,0
788,Nov,0
788,Oct,0
788,Sep,0
789,Apr,0
789,Aug,0
789,Dec,0
789,Feb,0
789,Jan,0
789,Jul,0
789,Jun,0
789,Mar,0
789,May,0
789,Nov,0
789,Oct,0
789,Sep,0
790,Apr,0
790,Aug,0
790,Dec,0
790,Feb,0
790,Jan,0
790,Jul,0
790,Jun,0
790,Mar,0
790,May,0
790,Nov,0
790,Oct,0
790,Sep,0
791,Apr,0
791,Aug,0
791,Dec,0
791,Feb,0
791,Jan,0
791,Jul,0
791,Jun,0
791,Mar,0
791,May,0
791,Nov,0
791,Oct,0
791,Sep,0
792,Apr,0
792,Aug,0
792,Dec,0
792,Feb,0
792,Jan,0
792,Jul,0
792,Jun,0
792,Mar,0
792,May,0
792,Nov,0
792,Oct,0
792,Sep,0
793,Apr,0
793,Aug,0
793,Dec,0
793,Feb,0
793,Jan,0
793,Jul,0
793,Jun,0
793,Mar,0
793,May,0
793,Nov,0
793,Oct,0
793,Sep,0
794,Apr,0
794,Aug,0
794,Dec,0
794,Feb,0
794,Jan,0
794,Jul,0
794,Jun,0
794,Mar,0
794,May,0
794,Nov,0
794,Oct,0
794,Sep,0
795,Apr,0
795,Aug,1
795,Dec,0
795,Feb,0
795,Jan,0
795,Jul,0
795,Jun,0
795,Mar,0
795,May,1
795,Nov,0
795,Oct,0
795,Sep,0
796,Apr,0
796,Aug,0
796,Dec,0
796,Feb,0
796,Jan,0
796,Jul,1
796,Jun,0
796,Mar,0
796,May,0
796,Nov,0
796,Oct,0
796,Sep,0
797,Apr,0
797,Aug,0
797,Dec,0
797,Feb,0
797,Jan,0
797,Jul,0
797,Jun,0
797,Mar,0
797,May,0
797,Nov,1
797,Oct,0
797,Sep,0
798,Apr,0
798,Aug,0
798,Dec,0
798,Feb,1
798,Jan,0
798,Jul,0
798,Jun,0
798,Mar,0
798,May,0
798,Nov,0
798,Oct,0
798,Sep,0
799,Apr,0
799,Aug,0
799,Dec,0
799,Feb,1
799,Jan,0
799,Jul,0
799,Jun,0
799,Mar,0
799,May,0
799,Nov,0
799,Oct,0
799,Sep,0
800,Apr,0
800,Aug,0
800,Dec,0
800,Feb,0
800,Jan,0
800,Jul,0
800,Jun,0
800,Mar,0
800,May,0
800,Nov,0
800,Oct,0
800,Sep,0
801,Apr,0
801,Aug,0
801,Dec,0
801,Feb,0
801,Jan,0
801,Jul,0
801,Jun,0
801,Mar,0
801,May,0
801,Nov,0
801,Oct,0
801,Sep,0
802,Apr,0
802,Aug,0
802,Dec,0
802,Feb,0
802,Jan,0
802,Jul,0
802,Jun,0
802,Mar,0
802,May,0
802,Nov,0
802,Oct,0
802,Sep,0
803,Apr,0
803,Aug,0
803,Dec,0
803,Feb,0
803,Jan,0
803,Jul,0
803,Jun,0
803,Mar,0
803,May,0
803,Nov,0
803,Oct,0
803,Sep,0
804,Apr,0
804,Aug,0
804,Dec,0
804,Feb,0
804,Jan,0
804,Jul,0
804,Jun,0
804,Mar,0
804,May,0
804,Nov,0
804,Oct,0
804,Sep,0
805,Apr,0
805,Aug,0
805,Dec,0
805,Feb,0
805,Jan,1
805,Jul,0
805,Jun,0
805,Mar,0
805,May,0
805,Nov,0
805,Oct,1
805,Sep,0
806,Apr,0
806,Aug,0
806,Dec,0
806,Feb,0
806,Jan,0
806,Jul,0
806,Jun,0
806,Mar,0
806,May,0
806,Nov,0
806,Oct,0
806,Sep,0
807,Apr,0
807,Aug,0
807,Dec,0
807,Feb,0
807,Jan,0
807,Jul,0
807,Jun,0
807,Mar,0
807,May,0
807,Nov,0
807,Oct,0
807,Sep,0
808,Apr,0
808,Aug,0
808,Dec,0
808,Feb,0
808,Jan,0
808,Jul,0
808,Jun,0
808,Mar,0
808,May,0
808,Nov,0
808,Oct,0
808,Sep,0
809,Apr,0
809,Aug,0
809,Dec,0
809,Feb,0
809,Jan,0
809,Jul,0
809,Jun,0
809,Mar,0
809,May,0
809,Nov,0
809,Oct,0
809,Sep,0
810,Apr,1
810,Aug,0
810,Dec,0
810,Feb,0
810,Jan,0
810,Jul,0
810,Jun,0
810,Mar,0
810,May,0
810,Nov,0
810,Oct,0
810,Sep,0
811,Apr,0
811,Aug,0
811,Dec,0
811,Feb,0
811,Jan,0
811,Jul,0
811,Jun,0
811,Mar,0
811,May,0
811,Nov,0
811,Oct,1
811,Sep,0
812,Apr,0
812,Aug,0
812,Dec,0
812,Feb,0
812,Jan,0
812,Jul,0
812,Jun,0
812,Mar,0
812,May,0
812,Nov,0
812,Oct,0
812,Sep,0
813,Apr,0
813,Aug,0
813,Dec,0
813,Feb,0
813,Jan,1
813,Jul,0
813,Jun,0
813,Mar,0
813,May,0
813,Nov,0
813,Oct,0
813,Sep,0
814,Apr,0
814,Aug,0
814,Dec,0
814,Feb,0
814,Jan,0
814,Jul,0
814,Jun,0
814,Mar,0
814,May,0
814,Nov,0
814,Oct,0
814,Sep,0
815,Apr,0
815,Aug,0
815,Dec,0
815,Feb,0
815,Jan,0
815,Jul,0
815,Jun,0
815,Mar,0
815,May,0
815,Nov,0
815,Oct,0
815,Sep,0
816,Apr,0
816,Aug,0
816,Dec,0
816,Feb,0
816,Jan,0
816,Jul,1
816,Jun,0
816,Mar,0
816,May,0
816,Nov,0
816,Oct,1
816,Sep,0
817,Apr,0
817,Aug,0
817,Dec,0
817,Feb,0
817,Jan,0
817,Jul,0
817,Jun,0
817,Mar,0
817,May,0
817,Nov,0
817,Oct,0
817,Sep,0
818,Apr,0
818,Aug,0
818,Dec,0
818,Feb,0
818,Jan,0
818,Jul,0
818,Jun,0
818,Mar,0
818,May,0
818,Nov,0
818,Oct,1
818,Sep,0
819,Apr,0
819,Aug,0
819,Dec,0
819,Feb,0
819,Jan,0
819,Jul,0
819,Jun,0
819,Mar,0
819,May,0
819,Nov,0
819,Oct,0
819,Sep,0
820,Apr,0
820,Aug,0
820,Dec,0
820,Feb,0
820,Jan,0
820,Jul,0
820,Jun,0
820,Mar,0
820,May,0
820,Nov,0
820,Oct,0
820,Sep,0
821,Apr,0
821,Aug,0
821,Dec,0
821,Feb,0
821,Jan,0
821,Jul,0
821,Jun,0
821,Mar,0
821,May,0
821,Nov,0
821,Oct,1
821,Sep,0
822,Apr,0
822,Aug,0
822,Dec,0
822,Feb,0
822,Jan,0
822,Jul,0
822,Jun,0
822,Mar,0
822,May,0
822,Nov,0
822,Oct,0
822,Sep,0
823,Apr,0
823,Aug,0
823,Dec,0
823,Feb,0
823,Jan,0
823,Jul,0
823,Jun,0
823,Mar,0
823,May,0
823,Nov,0
823,Oct,0
823,Sep,0
824,Apr,0
824,Aug,0
824,Dec,0
824,Feb,0
824,Jan,0
824,Jul,0
824,Jun,0
824,Mar,0
824,May,0
824,Nov,0
824,Oct,0
824,Sep,0
825,Apr,0
825,Aug,0
825,Dec,0
825,Feb,0
825,Jan,0
825,Jul,0
825,Jun,0
825,Mar,0
825,May,0
825,Nov,0
825,Oct,0
825,Sep,0
826,Apr,0
826,Aug,0
826,Dec,0
826,Feb,0
826,Jan,0
826,Jul,0
826,Jun,1
826,Mar,0
826,May,0
826,Nov,0
826,Oct,0
826,Sep,0
827,Apr,0
827,Aug,0
827,Dec,0
827,Feb,0
827,Jan,0
827,Jul,0
827,Jun,0
827,Mar,0
827,May,0
827,Nov,0
827,Oct,0
827,Sep,0
828,Apr,0
828,Aug,0
828,Dec,0
828,Feb,0
828,Jan,0
828,Jul,0
828,Jun,0
828,Mar,0
828,May,0
828,Nov,0
828,Oct,0
828,Sep,0
829,Apr,0
829,Aug,0
829,Dec,0
829,Feb,0
829,Jan,0
829,Jul,0
829,Jun,0
829,Mar,0
829,May,0
829,Nov,0
829,Oct,0
829,Sep,0
830,Apr,0
830,Aug,0
830,Dec,0
830,Feb,0
830,Jan,0
830,Jul,0
830,Jun,0
830,Mar,0
830,May,0
830,Nov,0
830,Oct,0
830,Sep,0
831,Apr,0
831,Aug,0
831,Dec,0
831,Feb,0
831,Jan,0
831,Jul,0
831,Jun,0
831,Mar,0
831,May,0
831,Nov,0
831,Oct,0
831,Sep,0
832,Apr,0
832,Aug,0
832,Dec,0
832,Feb,0
832,Jan,0
832,Jul,0
832,Jun,0
832,Mar,0
832,May,0
832,Nov,0
832,Oct,0
832,Sep,0
833,Apr,0
833,Aug,0
833,Dec,0
833,Feb,0
833,Jan,0
833,Jul,0
833,Jun,0
833,Mar,0
833,May,0
833,Nov,0
833,Oct,0
833,Sep,0
834,Apr,0
834,Aug,0
834,Dec,0
834,Feb,0
834,Jan,1
834,Jul,0
834,Jun,0
834,Mar,0
834,May,0
834,Nov,0
834,Oct,0
834,Sep,0
835,Apr,0
835,Aug,0
835,Dec,0
835,Feb,0
835,Jan,1
835,Jul,0
835,Jun,0
835,Mar,0
835,May,0
835,Nov,0
835,Oct,0
835,Sep,0
836,Apr,0
836,Aug,0
836,Dec,0
836,Feb,0
836,Jan,0
836,Jul,0
836,Jun,0
836,Mar,0
836,May,0
836,Nov,0
836,Oct,0
836,Sep,0
837,Apr,0
837,Aug,0
837,Dec,0
837,Feb,0
837,Jan,0
837,Jul,0
837,Jun,0
837,Mar,0
837,May,0
837,Nov,0
837,Oct,0
837,Sep,0
838,Apr,0
838,Aug,0
838,Dec,0
838,Feb,0
838,Jan,0
838,Jul,1
838,Jun,0
838,Mar,0
838,May,0
838,Nov,0
838,Oct,0
838,Sep,0
839,Apr,0
839,Aug,0
839,Dec,0
839,Feb,0
839,Jan,0
839,Jul,1
839,Jun,0
839,Mar,0
839,May,0
839,Nov,0
839,Oct,0
839,Sep,0
840,Apr,0
840,Aug,0
840,Dec,0
840,Feb,0
840,Jan,0
840,Jul,0
840,Jun,0
840,Mar,0
840,May,0
840,Nov,0
840,Oct,0
840,Sep,0
841,Apr,0
841,Aug,0
841,Dec,0
841,Feb,0
841,Jan,0
841,Jul,0
841,Jun,0
841,Mar,0
841,May,0
841,Nov,0
841,Oct,0
841,Sep,0
842,Apr,0
842,Aug,0
842,Dec,0
842,Feb,1
842,Jan,0
842,Jul,0
842,Jun,0
842,Mar,0
842,May,0
842,Nov,1
842,Oct,0
842,Sep,0
843,Apr,0
843,Aug,0
843,Dec,0
843,Feb,0
843,Jan,0
843,Jul,0
843,Jun,0
843,Mar,0
843,May,0
843,Nov,0
843,Oct,0
843,Sep,0
844,Apr,0
844,Aug,0
844,Dec,0
844,Feb,0
844,Jan,0
844,Jul,0
844,Jun,0
844,Mar,0
844,May,0
844,Nov,0
844,Oct,0
844,Sep,0
845,Apr,0
845,Aug,0
845,Dec,0
845,Feb,0
845,Jan,0
845,Jul,0
845,Jun,0
845,Mar,0
845,May,0
845,Nov,0
845,Oct,0
845,Sep,0
846,Apr,0
846,Aug,0
846,Dec,0
846,Feb,0
846,Jan,0
846,Jul,0
846,Jun,0
846,Mar,0
846,May,0
846,Nov,0
846,Oct,0
846,Sep,0
847,Apr,0
847,Aug,0
847,Dec,1
847,Feb,0
847,Jan,0
847,Jul,0
847,Jun,0
847,Mar,0
847,May,0
847,Nov,0
847,Oct,0
847,Sep,0
848,Apr,0
848,Aug,0
848,Dec,0
848,Feb,0
848,Jan,0
848,Jul,0
848,Jun,0
848,Mar,0
848,May,0
848,Nov,0
848,Oct,0
848,Sep,0
849,Apr,1
849,Aug,0
849,Dec,0
849,Feb,1
849,Jan,0
849,Jul,0
849,Jun,1
849,Mar,0
849,May,0
849,Nov,0
849,Oct,0
849,Sep,0
850,Apr,0
850,Aug,0
850,Dec,0
850,Feb,0
850,Jan,0
850,Jul,0
850,Jun,0
850,Mar,0
850,May,0
850,Nov,0
850,Oct,0
850,Sep,0
851,Apr,0
851,Aug,0
851,Dec,0
851,Feb,0
851,Jan,0
851,Jul,0
851,Jun,0
851,Mar,0
851,May,0
851,Nov,0
851,Oct,0
851,Sep,0
852,Apr,0
852,Aug,0
852,Dec,0
852,Feb,0
852,Jan,0
852,Jul,0
852,Jun,0
852,Mar,0
852,May,0
852,Nov,0
852,Oct,0
852,Sep,0
853,Apr,0
853,Aug,1
853,Dec,0
853,Feb,0
853,Jan,0
853,Jul,0
853,Jun,0
853,Mar,0
853,May,0
853,Nov,0
853,Oct,0
853,Sep,0
854,Apr,0
854,Aug,0
854,Dec,0
854,Feb,0
854,Jan,0
854,Jul,0
854,Jun,0
854,Mar,0
854,May,0
854,Nov,0
854,Oct,0
854,Sep,0
855,Apr,0
855,Aug,0
855,Dec,0
855,Feb,0
855,Jan,1
855,Jul,1
855,Jun,1
855,Mar,0
855,May,0
855,Nov,0
855,Oct,0
855,Sep,0
856,Apr,0
856,Aug,0
856,Dec,0
856,Feb,0
856,Jan,0
856,Jul,0
856,Jun,0
856,Mar,0
856,May,0
856,Nov,0
856,Oct,0
856,Sep,0
857,Apr,0
857,Aug,0
857,Dec,0
857,Feb,0
857,Jan,0
857,Jul,0
857,Jun,0
857,Mar,0
857,May,0
857,Nov,1
857,Oct,0
857,Sep,0
858,Apr,0
858,Aug,0
858,Dec,0
858,Feb,0
858,Jan,0
858,Jul,0
858,Jun,0
858,Mar,0
858,May,0
858,Nov,0
858,Oct,0
858,Sep,0
859,Apr,0
859,Aug,0
859,Dec,0
859,Feb,0
859,Jan,0
859,Jul,0
859,Jun,0
859,Mar,0
859,May,0
859,Nov,0
859,Oct,0
859,Sep,0
860,Apr,0
860,Aug,0
860,Dec,0
860,Feb,0
860,Jan,0
860,Jul,0
860,Jun,0
860,Mar,0
860,May,0
860,Nov,0
860,Oct,0
860,Sep,0
861,Apr,0
861,Aug,0
861,Dec,0
861,Feb,0
861,Jan,0
861,Jul,0
861,Jun,0
861,Mar,0
861,May,0
861,Nov,0
861,Oct,0
861,Sep,0
862,Apr,0
862,Aug,0
862,Dec,0
862,Feb,0
862,Jan,0
862,Jul,0
862,Jun,0
862,Mar,0
862,May,0
862,Nov,0
862,Oct,0
862,Sep,0
863,Apr,0
863,Aug,0
863,Dec,0
863,Feb,0
863,Jan,0
863,Jul,0
863,Jun,0
863,Mar,0
863,May,0
863,Nov,0
863,Oct,0
863,Sep,0
864,Apr,0
864,Aug,0
864,Dec,0
864,Feb,0
864,Jan,0
864,Jul,0
864,Jun,0
864,Mar,0
864,May,0
864,Nov,0
864,Oct,0
864,Sep,0
865,Apr,0
865,Aug,0
865,Dec,0
865,Feb,0
865,Jan,0
865,Jul,0
865,Jun,0
865,Mar,0
865,May,0
865,Nov,0
865,Oct,0
865,Sep,0
866,Apr,0
866,Aug,0
866,Dec,0
866,Feb,0
866,Jan,0
866,Jul,0
866,Jun,0
866,Mar,0
866,May,0
866,Nov,0
866,Oct,0
866,Sep,0
867,Apr,0
867,Aug,0
867,Dec,0
867,Feb,0
867,Jan,0
867,Jul,0
867,Jun,0
867,Mar,0
867,May,0
867,Nov,0
867,Oct,0
867,Sep,0
868,Apr,0
868,Aug,0
868,Dec,0
868,Feb,0
868,Jan,0
868,Jul,0
868,Jun,0
868,Mar,0
868,May,0
868,Nov,0
868,Oct,0
868,Sep,0
869,Apr,0
869,Aug,0
869,Dec,0
869,Feb,1
869,Jan,0
869,Jul,0
869,Jun,0
869,Mar,0
869,May,0
869,Nov,0
869,Oct,0
869,Sep,0
870,Apr,1
870,Aug,0
870,Dec,0
870,Feb,0
870,Jan,0
870,Jul,0
870,Jun,0
870,Mar,0
870,May,1
870,Nov,0
870,Oct,0
870,Sep,0
871,Apr,0
871,Aug,0
871,Dec,0
871,Feb,0
871,Jan,0
871,Jul,0
871,Jun,0
871,Mar,0
871,May,0
871,Nov,0
871,Oct,0
871,Sep,0
872,Apr,0
872,Aug,0
872,Dec,0
872,Feb,0
872,Jan,0
872,Jul,0
872,Jun,0
872,Mar,0
872,May,0
872,Nov,0
872,Oct,0
872,Sep,0
873,Apr,0
873,Aug,0
873,Dec,0
873,Feb,0
873,Jan,0
873,Jul,0
873,Jun,0
873,Mar,0
873,May,0
873,Nov,0
873,Oct,0
873,Sep,0
874,Apr,0
874,Aug,0
874,Dec,0
874,Feb,0
874,Jan,0
874,Jul,0
874,Jun,0
874,Mar,0
874,May,0
874,Nov,0
874,Oct,0
874,Sep,0
875,Apr,0
875,Aug,0
875,Dec,0
875,Feb,0
875,Jan,0
875,Jul,0
875,Jun,0
875,Mar,0
875,May,0
875,Nov,0
875,Oct,0
875,Sep,0
876,Apr,0
876,Aug,0
876,Dec,0
876,Feb,0
876,Jan,0
876,Jul,0
876,Jun,0
876,Mar,0
876,May,0
876,Nov,0
876,Oct,0
876,Sep,0
877,Apr,0
877,Aug,1
877,Dec,0
877,Feb,0
877,Jan,0
877,Jul,0
877,Jun,0
877,Mar,0
877,May,0
877,Nov,0
877,Oct,0
877,Sep,0
878,Apr,0
878,Aug,0
878,Dec,0
878,Feb,0
878,Jan,0
878,Jul,0
878,Jun,0
878,Mar,0
878,May,0
878,Nov,0
878,Oct,0
878,Sep,0
879,Apr,0
879,Aug,0
879,Dec,0
879,Feb,0
879,Jan,0
879,Jul,0
879,Jun,0
879,Mar,0
879,May,0
879,Nov,0
879,Oct,0
879,Sep,0
880,Apr,0
880,Aug,0
880,Dec,0
880,Feb,0
880,Jan,0
880,Jul,0
880,Jun,0
880,Mar,0
880,May,0
880,Nov,0
880,Oct,0
880,Sep,0
881,Apr,0
881,Aug,0
881,Dec,0
881,Feb,0
881,Jan,0
881,Jul,0
881,Jun,0
881,Mar,0
881,May,0
881,Nov,0
881,Oct,0
881,Sep,0
882,Apr,0
882,Aug,0
882,Dec,0
882,Feb,0
882,Jan,0
882,Jul,0
882,Jun,0
882,Mar,0
882,May,0
882,Nov,0
882,Oct,0
882,Sep,0
883,Apr,0
883,Aug,0
883,Dec,0
883,Feb,0
883,Jan,0
883,Jul,0
883,Jun,0
883,Mar,0
883,May,0
883,Nov,0
883,Oct,0
883,Sep,0
884,Apr,0
884,Aug,0
884,Dec,0
884,Feb,0
884,Jan,1
884,Jul,0
884,Jun,0
884,Mar,0
884,May,0
884,Nov,0
884,Oct,0
884,Sep,0
885,Apr,0
885,Aug,0
885,Dec,0
885,Feb,0
885,Jan,0
885,Jul,0
885,Jun,0
885,Mar,0
885,May,0
885,Nov,0
885,Oct,0
885,Sep,0
886,Apr,0
886,Aug,0
886,Dec,0
886,Feb,0
886,Jan,0
886,Jul,0
886,Jun,0
886,Mar,0
886,May,0
886,Nov,0
886,Oct,0
886,Sep,0
887,Apr,0
887,Aug,0
887,Dec,0
887,Feb,0
887,Jan,0
887,Jul,0
887,Jun,0
887,Mar,0
887,May,0
887,Nov,0
887,Oct,0
887,Sep,0
888,Apr,0
888,Aug,0
888,Dec,0
888,Feb,0
888,Jan,0
888,Jul,0
888,Jun,0
888,Mar,0
888,May,0
888,Nov,0
888,Oct,0
888,Sep,0
889,Apr,0
889,Aug,0
889,Dec,0
889,Feb,0
889,Jan,0
889,Jul,0
889,Jun,0
889,Mar,0
889,May,0
889,Nov,0
889,Oct,0
889,Sep,0
890,Apr,0
890,Aug,0
890,Dec,0
890,Feb,0
890,Jan,0
890,Jul,1
890,Jun,0
890,Mar,0
890,May,0
890,Nov,0
890,Oct,0
890,Sep,0
891,Apr,0
891,Aug,0
891,Dec,1
891,Feb,0
891,Jan,0
891,Jul,0
891,Jun,0
891,Mar,0
891,May,0
891,Nov,0
891,Oct,0
891,Sep,0
892,Apr,0
892,Aug,0
892,Dec,0
892,Feb,0
892,Jan,0
892,Jul,0
892,Jun,1
892,Mar,0
892,May,0
892,Nov,0
892,Oct,0
892,Sep,0
893,Apr,0
893,Aug,0
893,Dec,0
893,Feb,0
893,Jan,0
893,Jul,0
893,Jun,0
893,Mar,0
893,May,0
893,Nov,0
893,Oct,0
893,Sep,0
894,Apr,0
894,Aug,0
894,Dec,0
894,Feb,0
894,Jan,0
894,Jul,0
894,Jun,0
894,Mar,0
894,May,0
894,Nov,0
894,Oct,0
894,Sep,0
895,Apr,0
895,Aug,0
895,Dec,0
895,Feb,0
895,Jan,0
895,Jul,0
895,Jun,0
895,Mar,0
895,May,0
895,Nov,0
895,Oct,0
895,Sep,0
896,Apr,0
896,Aug,0
896,Dec,1
896,Feb,0
896,Jan,0
896,Jul,0
896,Jun,1
896,Mar,1
896,May,0
896,Nov,1
896,Oct,0
896,Sep,0
897,Apr,0
897,Aug,0
897,Dec,0
897,Feb,0
897,Jan,0
897,Jul,0
897,Jun,0
897,Mar,0
897,May,0
897,Nov,0
897,Oct,0
897,Sep,0
898,Apr,0
898,Aug,0
898,Dec,0
898,Feb,0
898,Jan,0
898,Jul,0
898,Jun,0
898,Mar,0
898,May,0
898,Nov,0
898,Oct,0
898,Sep,0
899,Apr,0
899,Aug,0
899,Dec,0
899,Feb,0
899,Jan,0
899,Jul,0
899,Jun,0
899,Mar,0
899,May,0
899,Nov,0
899,Oct,0
899,Sep,0
900,Apr,0
900,Aug,0
900,Dec,0
900,Feb,0
900,Jan,0
900,Jul,0
900,Jun,0
900,Mar,0
900,May,0
900,Nov,0
900,Oct,0
900,Sep,0
901,Apr,0
901,Aug,0
901,Dec,0
901,Feb,0
901,Jan,0
901,Jul,0
901,Jun,0
901,Mar,0
901,May,0
901,Nov,0
901,Oct,0
901,Sep,0
902,Apr,0
902,Aug,0
902,Dec,0
902,Feb,1
902,Jan,0
902,Jul,0
902,Jun,0
902,Mar,0
902,May,0
902,Nov,0
902,Oct,0
902,Sep,0
903,Apr,0
903,Aug,0
903,Dec,0
903,Feb,0
903,Jan,0
903,Jul,0
903,Jun,0
903,Mar,0
903,May,0
903,Nov,0
903,Oct,0
903,Sep,0
904,Apr,0
904,Aug,0
904,Dec,0
904,Feb,0
904,Jan,0
904,Jul,0
904,Jun,0
904,Mar,0
904,May,0
904,Nov,1
904,Oct,1
904,Sep,0
905,Apr,0
905,Aug,0
905,Dec,0
905,Feb,0
905,Jan,0
905,Jul,0
905,Jun,0
905,Mar,0
905,May,0
905,Nov,0
905,Oct,0
905,Sep,0
906,Apr,0
906,Aug,0
906,Dec,0
906,Feb,0
906,Jan,0
906,Jul,0
906,Jun,0
906,Mar,0
906,May,0
906,Nov,0
906,Oct,0
906,Sep,0
907,Apr,0
907,Aug,0
907,Dec,0
907,Feb,0
907,Jan,0
907,Jul,0
907,Jun,0
907,Mar,0
907,May,0
907,Nov,0
907,Oct,0
907,Sep,1
908,Apr,0
908,Aug,0
908,Dec,0
908,Feb,0
908,Jan,0
908,Jul,0
908,Jun,0
908,Mar,0
908,May,0
908,Nov,0
908,Oct,0
908,Sep,0
909,Apr,0
909,Aug,0
909,Dec,0
909,Feb,0
909,Jan,0
909,Jul,0
909,Jun,0
909,Mar,0
909,May,0
909,Nov,0
909,Oct,0
909,Sep,0
910,Apr,0
910,Aug,0
910,Dec,0
910,Feb,0
910,Jan,0
910,Jul,0
910,Jun,0
910,Mar,0
910,May,0
910,Nov,0
910,Oct,0
910,Sep,0
911,Apr,0
911,Aug,0
911,Dec,0
911,Feb,0
911,Jan,0
911,Jul,0
911,Jun,0
911,Mar,0
911,May,0
911,Nov,0
911,Oct,0
911,Sep,0
912,Apr,0
912,Aug,0
912,Dec,0
912,Feb,0
912,Jan,0
912,Jul,0
912,Jun,0
912,Mar,0
912,May,0
912,Nov,0
912,Oct,0
912,Sep,0
913,Apr,0
913,Aug,0
913,Dec,0
913,Feb,0
913,Jan,0
913,Jul,0
913,Jun,0
913,Mar,0
913,May,0
913,Nov,0
913,Oct,0
913,Sep,0
914,Apr,0
914,Aug,0
914,Dec,0
914,Feb,0
914,Jan,0
914,Jul,0
914,Jun,0
914,Mar,0
914,May,0
914,Nov,0
914,Oct,0
914,Sep,0
915,Apr,0
915,Aug,0
915,Dec,0
915,Feb,0
915,Jan,0
915,Jul,0
915,Jun,0
915,Mar,0
915,May,0
915,Nov,0
915,Oct,0
915,Sep,0
916,Apr,0
916,Aug,0
916,Dec,0
916,Feb,1
916,Jan,0
916,Jul,0
916,Jun,0
916,Mar,0
916,May,0
916,Nov,0
916,Oct,1
916,Sep,1
917,Apr,0
917,Aug,0
917,Dec,0
917,Feb,0
917,Jan,0
917,Jul,0
917,Jun,0
917,Mar,0
917,May,0
917,Nov,0
917,Oct,0
917,Sep,0
918,Apr,0
918,Aug,0
918,Dec,0
918,Feb,0
918,Jan,0
918,Jul,0
918,Jun,0
918,Mar,0
918,May,0
918,Nov,0
918,Oct,0
918,Sep,0
919,Apr,0
919,Aug,0
919,Dec,0
919,Feb,0
919,Jan,0
919,Jul,0
919,Jun,0
919,Mar,0
919,May,0
919,Nov,0
919,Oct,0
919,Sep,0
920,Apr,0
920,Aug,0
920,Dec,0
920,Feb,0
920,Jan,0
920,Jul,0
920,Jun,0
920,Mar,0
920,May,0
920,Nov,0
920,Oct,0
920,Sep,0
921,Apr,0
921,Aug,0
921,Dec,0
921,Feb,0
921,Jan,0
921,Jul,0
921,Jun,0
921,Mar,0
921,May,1
921,Nov,0
921,Oct,0
921,Sep,0
922,Apr,0
922,Aug,0
922,Dec,0
922,Feb,0
922,Jan,0
922,Jul,1
922,Jun,0
922,Mar,0
922,May,0
922,Nov,0
922,Oct,0
922,Sep,0
923,Apr,0
923,Aug,0
923,Dec,0
923,Feb,0
923,Jan,0
923,Jul,0
923,Jun,0
923,Mar,0
923,May,0
923,Nov,0
923,Oct,0
923,Sep,0
924,Apr,0
924,Aug,0
924,Dec,0
924,Feb,0
924,Jan,0
924,Jul,0
924,Jun,1
924,Mar,0
924,May,0
924,Nov,0
924,Oct,0
924,Sep,0
925,Apr,0
925,Aug,0
925,Dec,0
925,Feb,0
925,Jan,0
925,Jul,0
925,Jun,0
925,Mar,0
925,May,0
925,Nov,0
925,Oct,0
925,Sep,0
926,Apr,0
926,Aug,0
926,Dec,0
926,Feb,0
926,Jan,1
926,Jul,0
926,Jun,0
926,Mar,0
926,May,0
926,Nov,0
926,Oct,0
926,Sep,0
927,Apr,0
927,Aug,0
927,Dec,0
927,Feb,0
927,Jan,0
927,Jul,0
927,Jun,0
927,Mar,0
927,May,0
927,Nov,0
927,Oct,0
927,Sep,0
928,Apr,0
928,Aug,0
928,Dec,0
928,Feb,0
928,Jan,0
928,Jul,0
928,Jun,0
928,Mar,0
928,May,0
928,Nov,0
928,Oct,0
928,Sep,0
929,Apr,0
929,Aug,0
929,Dec,0
929,Feb,0
929,Jan,0
929,Jul,0
929,Jun,0
929,Mar,0
929,May,0
929,Nov,0
929,Oct,0
929,Sep,0
930,Apr,0
930,Aug,0
930,Dec,0
930,Feb,0
930,Jan,0
930,Jul,0
930,Jun,0
930,Mar,0
930,May,0
930,Nov,0
930,Oct,0
930,Sep,0
931,Apr,0
931,Aug,0
931,Dec,0
931,Feb,0
931,Jan,0
931,Jul,0
931,Jun,0
931,Mar,0
931,May,1
931,Nov,0
931,Oct,0
931,Sep,0
932,Apr,1
932,Aug,0
932,Dec,0
932,Feb,0
932,Jan,0
932,Jul,0
932,Jun,0
932,Mar,0
932,May,0
932,Nov,0
932,Oct,0
932,Sep,0
933,Apr,0
933,Aug,0
933,Dec,0
933,Feb,0
933,Jan,0
933,Jul,0
933,Jun,0
933,Mar,0
933,May,0
933,Nov,0
933,Oct,0
933,Sep,0
934,Apr,0
934,Aug,0
934,Dec,0
934,Feb,0
934,Jan,0
934,Jul,0
934,Jun,0
934,Mar,0
934,May,1
934,Nov,1
934,Oct,0
934,Sep,0
935,Apr,0
935,Aug,0
935,Dec,0
935,Feb,1
935,Jan,0
935,Jul,0
935,Jun,0
935,Mar,0
935,May,0
935,Nov,0
935,Oct,1
935,Sep,0
936,Apr,0
936,Aug,0
936,Dec,0
936,Feb,0
936,Jan,0
936,Jul,0
936,Jun,0
936,Mar,0
936,May,0
936,Nov,0
936,Oct,0
936,Sep,0
937,Apr,0
937,Aug,0
937,Dec,0
937,Feb,0
937,Jan,0
937,Jul,0
937,Jun,0
937,Mar,0
937,May,0
937,Nov,0
937,Oct,0
937,Sep,0
938,Apr,0
938,Aug,0
938,Dec,0
938,Feb,0
938,Jan,0
938,Jul,0
938,Jun,0
938,Mar,0
938,May,0
938,Nov,0
938,Oct,0
938,Sep,0
939,Apr,0
939,Aug,0
939,Dec,0
939,Feb,0
939,Jan,0
939,Jul,0
939,Jun,0
939,Mar,0
939,May,1
939,Nov,0
939,Oct,0
939,Sep,0
940,Apr,0
940,Aug,0
940,Dec,0
940,Feb,0
940,Jan,0
940,Jul,0
940,Jun,0
940,Mar,0
940,May,0
940,Nov,0
940,Oct,0
940,Sep,0
941,Apr,0
941,Aug,0
941,Dec,0
941,Feb,0
941,Jan,0
941,Jul,0
941,Jun,0
941,Mar,0
941,May,0
941,Nov,0
941,Oct,0
941,Sep,0
942,Apr,0
942,Aug,0
942,Dec,0
942,Feb,0
942,Jan,0
942,Jul,0
942,Jun,0
942,Mar,0
942,May,0
942,Nov,0
942,Oct,0
942,Sep,0
943,Apr,0
943,Aug,1
943,Dec,0
943,Feb,0
943,Jan,0
943,Jul,0
943,Jun,0
943,Mar,0
943,May,0
943,Nov,0
943,Oct,0
943,Sep,0
944,Apr,0
944,Aug,0
944,Dec,0
944,Feb,0
944,Jan,0
944,Jul,0
944,Jun,0
944,Mar,0
944,May,0
944,Nov,0
944,Oct,0
944,Sep,0
945,Apr,0
945,Aug,0
945,Dec,0
945,Feb,0
945,Jan,1
945,Jul,0
945,Jun,0
945,Mar,0
945,May,0
945,Nov,0
945,Oct,0
945,Sep,0
946,Apr,0
946,Aug,0
946,Dec,0
946,Feb,0
946,Jan,0
946,Jul,0
946,Jun,0
946,Mar,0
946,May,1
946,Nov,0
946,Oct,0
946,Sep,0
947,Apr,0
947,Aug,0
947,Dec,0
947,Feb,0
947,Jan,0
947,Jul,0
947,Jun,0
947,Mar,0
947,May,0
947,Nov,0
947,Oct,0
947,Sep,0
948,Apr,0
948,Aug,0
948,Dec,0
948,Feb,0
948,Jan,0
948,Jul,0
948,Jun,0
948,Mar,0
948,May,0
948,Nov,0
948,Oct,0
948,Sep,0
949,Apr,0
949,Aug,1
949,Dec,0
949,Feb,0
949,Jan,0
949,Jul,0
949,Jun,0
949,Mar,0
949,May,0
949,Nov,0
949,Oct,0
949,Sep,0
950,Apr,0
950,Aug,0
950,Dec,0
950,Feb,0
950,Jan,0
950,Jul,0
950,Jun,0
950,Mar,0
950,May,0
950,Nov,0
950,Oct,0
950,Sep,0
951,Apr,0
951,Aug,0
951,Dec,0
951,Feb,0
951,Jan,0
951,Jul,0
951,Jun,0
951,Mar,0
951,May,0
951,Nov,0
951,Oct,0
951,Sep,0
952,Apr,0
952,Aug,1
952,Dec,0
952,Feb,0
952,Jan,0
952,Jul,0
952,Jun,0
952,Mar,0
952,May,0
952,Nov,0
952,Oct,0
952,Sep,0
953,Apr,0
953,Aug,0
953,Dec,0
953,Feb,0
953,Jan,0
953,Jul,0
953,Jun,0
953,Mar,0
953,May,0
953,Nov,0
953,Oct,0
953,Sep,0
954,Apr,0
954,Aug,0
954,Dec,0
954,Feb,0
954,Jan,0
954,Jul,0
954,Jun,0
954,Mar,0
954,May,0
954,Nov,0
954,Oct,0
954,Sep,0
955,Apr,0
955,Aug,0
955,Dec,0
955,Feb,0
955,Jan,0
955,Jul,0
955,Jun,0
955,Mar,0
955,May,1
955,Nov,0
955,Oct,1
955,Sep,0
956,Apr,0
956,Aug,0
956,Dec,0
956,Feb,0
956,Jan,0
956,Jul,1
956,Jun,0
956,Mar,0
956,May,0
956,Nov,0
956,Oct,0
956,Sep,1
957,Apr,0
957,Aug,0
957,Dec,0
957,Feb,0
957,Jan,0
957,Jul,0
957,Jun,0
957,Mar,0
957,May,0
957,Nov,0
957,Oct,0
957,Sep,1
958,Apr,0
958,Aug,0
958,Dec,0
958,Feb,0
958,Jan,0
958,Jul,0
958,Jun,0
958,Mar,0
958,May,0
958,Nov,0
958,Oct,0
958,Sep,0
959,Apr,0
959,Aug,0
959,Dec,0
959,Feb,0
959,Jan,0
959,Jul,0
959,Jun,0
959,Mar,0
959,May,0
959,Nov,0
959,Oct,0
959,Sep,0
960,Apr,0
960,Aug,1
960,Dec,0
960,Feb,0
960,Jan,0
960,Jul,0
960,Jun,0
960,Mar,0
960,May,0
960,Nov,0
960,Oct,0
960,Sep,0
961,Apr,0
961,Aug,0
961,Dec,0
961,Feb,0
961,Jan,0
961,Jul,0
961,Jun,0
961,Mar,0
961,May,0
961,Nov,0
961,Oct,0
961,Sep,0
962,Apr,0
962,Aug,0
962,Dec,0
962,Feb,0
962,Jan,0
962,Jul,0
962,Jun,0
962,Mar,0
962,May,0
962,Nov,0
962,Oct,0
962,Sep,0
963,Apr,0
963,Aug,0
963,Dec,0
963,Feb,0
963,Jan,0
963,Jul,0
963,Jun,0
963,Mar,0
963,May,0
963,Nov,0
963,Oct,0
963,Sep,0
964,Apr,0
964,Aug,0
964,Dec,0
964,Feb,0
964,Jan,0
964,Jul,0
964,Jun,0
964,Mar,0
964,May,0
964,Nov,0
964,Oct,0
964,Sep,0
965,Apr,0
965,Aug,0
965,Dec,0
965,Feb,0
965,Jan,0
965,Jul,0
965,Jun,0
965,Mar,0
965,May,0
965,Nov,0
965,Oct,0
965,Sep,0
966,Apr,0
966,Aug,0
966,Dec,0
966,Feb,0
966,Jan,0
966,Jul,0
966,Jun,0
966,Mar,0
966,May,0
966,Nov,0
966,Oct,0
966,Sep,0
967,Apr,0
967,Aug,0
967,Dec,0
967,Feb,0
967,Jan,0
967,Jul,0
967,Jun,0
967,Mar,0
967,May,0
967,Nov,0
967,Oct,0
967,Sep,1
968,Apr,0
968,Aug,0
968,Dec,0
968,Feb,0
968,Jan,0
968,Jul,0
968,Jun,0
968,Mar,0
968,May,0
968,Nov,0
968,Oct,0
968,Sep,0
969,Apr,0
969,Aug,0
969,Dec,0
969,Feb,0
969,Jan,0
969,Jul,0
969,Jun,0
969,Mar,0
969,May,0
969,Nov,0
969,Oct,0
969,Sep,0
970,Apr,0
970,Aug,0
970,Dec,0
970,Feb,0
970,Jan,0
970,Jul,0
970,Jun,0
970,Mar,0
970,May,0
970,Nov,0
970,Oct,0
970,Sep,0
971,Apr,0
971,Aug,0
971,Dec,0
971,Feb,0
971,Jan,0
971,Jul,0
971,Jun,0
971,Mar,0
971,May,0
971,Nov,0
971,Oct,0
971,Sep,0
972,Apr,0
972,Aug,0
972,Dec,1
972,Feb,0
972,Jan,0
972,Jul,0
972,Jun,0
972,Mar,0
972,May,0
972,Nov,0
972,Oct,0
972,Sep,0
973,Apr,0
973,Aug,0
973,Dec,0
973,Feb,0
973,Jan,0
973,Jul,0
973,Jun,0
973,Mar,0
973,May,0
973,Nov,0
973,Oct,0
973,Sep,0
974,Apr,0
974,Aug,0
974,Dec,0
974,Feb,0
974,Jan,0
974,Jul,0
974,Jun,0
974,Mar,0
974,May,0
974,Nov,0
974,Oct,0
974,Sep,0
975,Apr,0
975,Aug,0
975,Dec,0
975,Feb,0
975,Jan,0
975,Jul,1
975,Jun,0
975,Mar,0
975,May,0
975,Nov,1
975,Oct,0
975,Sep,0
976,Apr,0
976,Aug,0
976,Dec,0
976,Feb,0
976,Jan,0
976,Jul,0
976,Jun,0
976,Mar,0
976,May,0
976,Nov,0
976,Oct,0
976,Sep,0
977,Apr,0
977,Aug,0
977,Dec,0
977,Feb,0
977,Jan,0
977,Jul,0
977,Jun,0
977,Mar,0
977,May,0
977,Nov,0
977,Oct,0
977,Sep,0
978,Apr,0
978,Aug,0
978,Dec,0
978,Feb,0
978,Jan,0
978,Jul,0
978,Jun,0
978,Mar,0
978,May,0
978,Nov,0
978,Oct,0
978,Sep,0
979,Apr,0
979,Aug,0
979,Dec,0
979,Feb,0
979,Jan,0
979,Jul,0
979,Jun,0
979,Mar,0
979,May,0
979,Nov,0
979,Oct,0
979,Sep,0
980,Apr,0
980,Aug,0
980,Dec,0
980,Feb,0
980,Jan,0
980,Jul,0
980,Jun,0
980,Mar,0
980,May,0
980,Nov,0
980,Oct,0
980,Sep,0
981,Apr,0
981,Aug,0
981,Dec,0
981,Feb,0
981,Jan,0
981,Jul,1
981,Jun,1
981,Mar,0
981,May,0
981,Nov,0
981,Oct,0
981,Sep,0
982,Apr,0
982,Aug,0
982,Dec,0
982,Feb,0
982,Jan,0
982,Jul,0
982,Jun,0
982,Mar,0
982,May,0
982,Nov,0
982,Oct,0
982,Sep,0
983,Apr,0
983,Aug,0
983,Dec,0
983,Feb,0
983,Jan,0
983,Jul,0
983,Jun,0
983,Mar,0
983,May,0
983,Nov,0
983,Oct,0
983,Sep,0
984,Apr,0
984,Aug,0
984,Dec,1
984,Feb,1
984,Jan,0
984,Jul,0
984,Jun,0
984,Mar,0
984,May,0
984,Nov,0
984,Oct,0
984,Sep,0
985,Apr,0
985,Aug,0
985,Dec,0
985,Feb,0
985,Jan,0
985,Jul,0
985,Jun,0
985,Mar,0
985,May,0
985,Nov,0
985,Oct,0
985,Sep,0
986,Apr,0
986,Aug,0
986,Dec,0
986,Feb,0
986,Jan,0
986,Jul,0
986,Jun,0
986,Mar,0
986,May,0
986,Nov,0
986,Oct,0
986,Sep,0
987,Apr,0
987,Aug,0
987,Dec,0
987,Feb,1
987,Jan,0
987,Jul,0
987,Jun,0
987,Mar,0
987,May,0
987,Nov,0
987,Oct,0
987,Sep,0
988,Apr,0
988,Aug,0
988,Dec,0
988,Feb,0
988,Jan,0
988,Jul,0
988,Jun,0
988,Mar,0
988,May,0
988,Nov,0
988,Oct,0
988,Sep,0
989,Apr,0
989,Aug,0
989,Dec,0
989,Feb,0
989,Jan,0
989,Jul,0
989,Jun,1
989,Mar,0
989,May,0
989,Nov,0
989,Oct,0
989,Sep,0
990,Apr,0
990,Aug,0
990,Dec,0
990,Feb,0
990,Jan,0
990,Jul,0
990,Jun,0
990,Mar,0
990,May,0
990,Nov,0
990,Oct,0
990,Sep,0
991,Apr,0
991,Aug,0
991,Dec,0
991,Feb,0
991,Jan,0
991,Jul,0
991,Jun,0
991,Mar,0
991,May,0
991,Nov,0
991,Oct,0
991,Sep,0
992,Apr,0
992,Aug,0
992,Dec,0
992,Feb,0
992,Jan,0
992,Jul,0
992,Jun,0
992,Mar,0
992,May,0
992,Nov,0
992,Oct,0
992,Sep,0
993,Apr,0
993,Aug,0
993,Dec,0
993,Feb,0
993,Jan,1
993,Jul,0
993,Jun,0
993,Mar,0
993,May,0
993,Nov,0
993,Oct,0
993,Sep,0
994,Apr,0
994,Aug,0
994,Dec,0
994,Feb,0
994,Jan,0
994,Jul,0
994,Jun,0
994,Mar,0
994,May,0
994,Nov,0
994,Oct,0
994,Sep,0
995,Apr,0
995,Aug,0
995,Dec,0
995,Feb,0
995,Jan,0
995,Jul,0
995,Jun,0
995,Mar,0
995,May,0
995,Nov,0
995,Oct,0
995,Sep,0
996,Apr,0
996,Aug,0
996,Dec,0
996,Feb,0
996,Jan,0
996,Jul,0
996,Jun,0
996,Mar,0
996,May,0
996,Nov,0
996,Oct,0
996,Sep,0
997,Apr,0
997,Aug,1
997,Dec,0
997,Feb,0
997,Jan,0
997,Jul,0
997,Jun,0
997,Mar,0
997,May,0
997,Nov,0
997,Oct,0
997,Sep,0
998,Apr,0
998,Aug,0
998,Dec,0
998,Feb,0
998,Jan,0
998,Jul,0
998,Jun,0
998,Mar,0
998,May,0
998,Nov,0
998,Oct,0
998,Sep,0
999,Apr,0
999,Aug,0
999,Dec,0
999,Feb,0
999,Jan,0
999,Jul,0
999,Jun,0
999,Mar,0
999,May,1
999,Nov,0
999,Oct,0
999,Sep,0
1000,Apr,0
1000,Aug,0
1000,Dec,0
1000,Feb,0
1000,Jan,0
1000,Jul,0
1000,Jun,0
1000,Mar,0
1000,May,0
1000,Nov,0
1000,Oct,0
1000,Sep,0
